[debug] [2026-09-03T05:12:11.531Z] ----------------------------------------------------------------------
[debug] [2026-09-03T05:12:11.534Z] Command:       C:\Program Files\nodejs\node.exe C:\Users\avadu\AppData\Local\npm-cache\_npx\7750544ccf494d8b\node_modules\firebase-tools\lib\bin\firebase.js emulators:start --project demo-sih2026
[debug] [2026-09-03T05:12:11.534Z] CLI Version:   15.29.0
[debug] [2026-09-03T05:12:11.534Z] Platform:      win32
[debug] [2026-09-03T05:12:11.534Z] Node Version:  v26.5.1
[debug] [2026-09-03T05:12:11.534Z] Detected Agent: antigravity
[debug] [2026-09-03T05:12:11.535Z] Time:          Thu Sep 03 2026 10:42:11 GMT+0530 (India Standard Time)
[debug] [2026-09-03T05:12:11.535Z] ----------------------------------------------------------------------
[debug] 
[debug] [2026-09-03T05:12:13.791Z] > command requires scopes: ["email","openid","https://www.googleapis.com/auth/cloudplatformprojects.readonly","https://www.googleapis.com/auth/firebase","https://www.googleapis.com/auth/cloud-platform"]
[debug] Failed to authenticate, have you run firebase login?
[warn] !  emulators: You are not currently authenticated so some features may not work correctly. Please run firebase login to authenticate the CLI. 
[debug] [2026-09-03T05:12:13.934Z] openjdk version "21.0.12.1" 2026-08-18 LTS

[debug] [2026-09-03T05:12:13.935Z] OpenJDK Runtime Environment Temurin-21.0.12.1+1 (build 21.0.12.1+1-LTS)
OpenJDK 64-Bit Server VM Temurin-21.0.12.1+1 (build 21.0.12.1+1-LTS, mixed mode, sharing)

[debug] [2026-09-03T05:12:13.947Z] Parsed Java major version: 21
[info] i  emulators: Starting emulators: auth, functions, firestore, extensions {"metadata":{"emulator":{"name":"hub"},"message":"Starting emulators: auth, functions, firestore, extensions"}}
[info] i  emulators: Detected demo project ID "demo-sih2026", emulated services will use a demo configuration and attempts to access non-emulated services for this project will fail. {"metadata":{"emulator":{"name":"hub"},"message":"Detected demo project ID \"demo-sih2026\", emulated services will use a demo configuration and attempts to access non-emulated services for this project will fail."}}
[debug] [2026-09-03T05:12:13.966Z] [logging] Logging Emulator only supports listening on one address (127.0.0.1). Not listening on ::1
[debug] [2026-09-03T05:12:13.966Z] [auth] Authentication Emulator only supports listening on one address (127.0.0.1). Not listening on ::1
[debug] [2026-09-03T05:12:13.966Z] [firestore] Firestore Emulator only supports listening on one address (127.0.0.1). Not listening on ::1
[debug] [2026-09-03T05:12:13.966Z] [firestore.websocket] websocket server for firestore only supports listening on one address (127.0.0.1). Not listening on ::1
[debug] [2026-09-03T05:12:13.966Z] assigned listening specs for emulators {"user":{"hub":[{"address":"127.0.0.1","family":"IPv4","port":4400},{"address":"::1","family":"IPv6","port":4400}],"ui":[{"address":"127.0.0.1","family":"IPv4","port":4005},{"address":"::1","family":"IPv6","port":4005}],"logging":[{"address":"127.0.0.1","family":"IPv4","port":4500}],"auth":[{"address":"127.0.0.1","family":"IPv4","port":9099}],"firestore":[{"address":"127.0.0.1","family":"IPv4","port":8080}],"firestore.websocket":[{"address":"127.0.0.1","family":"IPv4","port":9150}]},"metadata":{"message":"assigned listening specs for emulators"}}
[debug] [2026-09-03T05:12:13.971Z] Write emulator hub locator at C:\Users\avadu\AppData\Local\Temp\hub-demo-sih2026.json
[debug] [2026-09-03T05:12:13.979Z] [Extensions] Started Extensions emulator, this is a noop.
[debug] [2026-09-03T05:12:13.988Z] [functions] Functions Emulator only supports listening on one address (127.0.0.1). Not listening on ::1
[debug] [2026-09-03T05:12:13.988Z] [eventarc] Eventarc Emulator only supports listening on one address (127.0.0.1). Not listening on ::1
[debug] [2026-09-03T05:12:13.988Z] [tasks] Cloud Tasks Emulator only supports listening on one address (127.0.0.1). Not listening on ::1
[debug] [2026-09-03T05:12:13.988Z] late-assigned ports for functions and eventarc emulators {"user":{"hub":[{"address":"127.0.0.1","family":"IPv4","port":4400},{"address":"::1","family":"IPv6","port":4400}],"ui":[{"address":"127.0.0.1","family":"IPv4","port":4005},{"address":"::1","family":"IPv6","port":4005}],"logging":[{"address":"127.0.0.1","family":"IPv4","port":4500}],"auth":[{"address":"127.0.0.1","family":"IPv4","port":9099}],"firestore":[{"address":"127.0.0.1","family":"IPv4","port":8080}],"firestore.websocket":[{"address":"127.0.0.1","family":"IPv4","port":9150}],"functions":[{"address":"127.0.0.1","family":"IPv4","port":5001}],"eventarc":[{"address":"127.0.0.1","family":"IPv4","port":9299}],"tasks":[{"address":"127.0.0.1","family":"IPv4","port":9499}]},"metadata":{"message":"late-assigned ports for functions and eventarc emulators"}}
[debug] [2026-09-03T05:12:14.006Z] Ignoring unsupported arg: auto_download {"metadata":{"emulator":{"name":"firestore"},"message":"Ignoring unsupported arg: auto_download"}}
[debug] [2026-09-03T05:12:14.006Z] Ignoring unsupported arg: single_project_mode_error {"metadata":{"emulator":{"name":"firestore"},"message":"Ignoring unsupported arg: single_project_mode_error"}}
[debug] [2026-09-03T05:12:14.006Z] Starting Firestore Emulator with command {"binary":"java","args":["-Dgoogle.cloud_firestore.debug_log_level=FINE","-Duser.language=en","-jar","C:\\Users\\avadu\\.cache\\firebase\\emulators\\cloud-firestore-emulator-v1.22.0.jar","--host","127.0.0.1","--port",8080,"--websocket_port",9150,"--database-edition","standard","--project_id","demo-sih2026","--rules","C:\\Users\\avadu\\OneDrive\\Desktop\\NER SAHAYAK\\firestore.rules","--single_project_mode",true,"--functions_emulator","127.0.0.1:5001"],"optionalArgs":["port","webchannel_port","host","rules","websocket_port","database-edition","functions_emulator","seed_from_export","project_id","single_project_mode"],"joinArgs":false,"shell":false,"port":8080} {"metadata":{"emulator":{"name":"firestore"},"message":"Starting Firestore Emulator with command {\"binary\":\"java\",\"args\":[\"-Dgoogle.cloud_firestore.debug_log_level=FINE\",\"-Duser.language=en\",\"-jar\",\"C:\\\\Users\\\\avadu\\\\.cache\\\\firebase\\\\emulators\\\\cloud-firestore-emulator-v1.22.0.jar\",\"--host\",\"127.0.0.1\",\"--port\",8080,\"--websocket_port\",9150,\"--database-edition\",\"standard\",\"--project_id\",\"demo-sih2026\",\"--rules\",\"C:\\\\Users\\\\avadu\\\\OneDrive\\\\Desktop\\\\NER SAHAYAK\\\\firestore.rules\",\"--single_project_mode\",true,\"--functions_emulator\",\"127.0.0.1:5001\"],\"optionalArgs\":[\"port\",\"webchannel_port\",\"host\",\"rules\",\"websocket_port\",\"database-edition\",\"functions_emulator\",\"seed_from_export\",\"project_id\",\"single_project_mode\"],\"joinArgs\":false,\"shell\":false,\"port\":8080}"}}
[info] i  firestore: Firestore Emulator logging to firestore-debug.log {"metadata":{"emulator":{"name":"firestore"},"message":"Firestore Emulator logging to \u001b[1mfirestore-debug.log\u001b[22m"}}
[debug] [2026-09-03T05:12:16.309Z] Sept 03, 2026 10:42:16 AM com.google.cloud.datastore.emulator.firestore.websocket.WebSocketServer start
INFO: Started WebSocket server on ws://127.0.0.1:9150
 {"metadata":{"emulator":{"name":"firestore"},"message":"Sept 03, 2026 10:42:16 AM com.google.cloud.datastore.emulator.firestore.websocket.WebSocketServer start\r\nINFO: Started WebSocket server on ws://127.0.0.1:9150\r\n"}}
[debug] [2026-09-03T05:12:16.413Z] 
API endpoint: http://127.0.0.1:8080 {"metadata":{"emulator":{"name":"firestore"},"message":"\nAPI endpoint: http://127.0.0.1:8080"}}
[debug] [2026-09-03T05:12:16.414Z] 
Database Edition: STANDARD
Database Mode: CLOUD_FIRESTORE

If you are using a library that supports the FIRESTORE_EMULATOR_HOST environment variable, run:

   export FIRESTORE_EMULATOR_HOST=127.0.0.1:8080

If you are running a Firestore in Datastore Mode project, run:

   export DATASTORE_EMULATOR_HOST=127.0.0.1:8080

Note: Support for Datastore Mode is in preview. If you encounter any bugs please file at https://github.com/firebase/firebase-tools/issues.
Dev App Server is now running.

 {"metadata":{"emulator":{"name":"firestore"},"message":"\nDatabase Edition: STANDARD\nDatabase Mode: CLOUD_FIRESTORE\n\nIf you are using a library that supports the FIRESTORE_EMULATOR_HOST environment variable, run:\r\n\n   export FIRESTORE_EMULATOR_HOST=127.0.0.1:8080\n\nIf you are running a Firestore in Datastore Mode project, run:\r\n\n   export DATASTORE_EMULATOR_HOST=127.0.0.1:8080\n\nNote: Support for Datastore Mode is in preview. If you encounter any bugs please file at https://github.com/firebase/firebase-tools/issues.\r\nDev App Server is now running.\n\r\n"}}
[info] +  firestore: Firestore Emulator was started in standard edition. {"metadata":{"emulator":{"name":"firestore"},"message":"Firestore Emulator was started in standard edition."}}
[info] +  firestore: Firestore Emulator UI websocket is running on 9150. {"metadata":{"emulator":{"name":"firestore"},"message":"Firestore Emulator UI websocket is running on 9150."}}
[debug] [2026-09-03T05:12:22.742Z] [Extensions] Connecting Extensions emulator, this is a noop.
[info] i  functions: Watching "C:\Users\avadu\OneDrive\Desktop\NER SAHAYAK\functions" for Cloud Functions... {"metadata":{"emulator":{"name":"functions"},"message":"Watching \"C:\\Users\\avadu\\OneDrive\\Desktop\\NER SAHAYAK\\functions\" for Cloud Functions..."}}
[debug] [2026-09-03T05:12:22.745Z] Validating nodejs source
[warn] !  functions: package.json indicates an outdated version of firebase-functions. Please upgrade using npm install --save firebase-functions@latest in your functions directory. 
[warn] !  functions: Please note that there will be breaking changes when you upgrade. 
[debug] [2026-09-03T05:12:24.703Z] > [functions] package.json contents: {
  "name": "ner-sahayak-functions",
  "version": "0.1.0",
  "private": true,
  "description": "Firebase Cloud Functions for NER Sahayak — milestone-2-backend.",
  "type": "module",
  "main": "src/index.ts",
  "scripts": {
    "build": "tsc --noEmit",
    "serve": "firebase emulators:start --only functions,firestore,auth",
    "test": "node --import tsx/esm --test --test-concurrency=1 test/**/*.test.ts",
    "lint": "tsc --noEmit"
  },
  "engines": {
    "node": "20"
  },
  "dependencies": {
    "firebase-admin": "^13.4.0",
    "firebase-functions": "^6.5.2",
    "zod": "^3.25.76"
  },
  "devDependencies": {
    "@firebase/rules-unit-testing": "^3.0.4",
    "tsx": "^4.20.3",
    "typescript": "^5.8.3"
  }
}
[debug] [2026-09-03T05:12:24.703Z] Building nodejs source
[debug] [2026-09-03T05:12:24.704Z] Failed to find version of module node: reached end of search path C:\Users\avadu\OneDrive\Desktop\NER SAHAYAK\functions\node_modules
[warn] !  functions: Your requested "node" version "20" doesn't match your global version "26". Using node@26 from host. 
[debug] [2026-09-03T05:12:24.707Z] Could not find functions.yaml. Must use http discovery
[debug] [2026-09-03T05:12:24.719Z] Found firebase-functions binary at 'C:\Users\avadu\OneDrive\Desktop\NER SAHAYAK\functions\node_modules\.bin\firebase-functions'
[info] Serving at port 8978

[debug] [2026-09-03T05:12:34.127Z] Got response from /__/functions.yaml {"endpoints":{"onReportCreate":{"availableMemoryMb":null,"timeoutSeconds":null,"minInstances":null,"maxInstances":null,"ingressSettings":null,"concurrency":null,"serviceAccountEmail":null,"vpc":null,"platform":"gcfv2","labels":{},"eventTrigger":{"eventType":"google.cloud.firestore.document.v1.created","eventFilters":{"database":"(default)","namespace":"(default)"},"eventFilterPathPatterns":{"document":"reports/{reportId}"},"retry":false},"entryPoint":"onReportCreate"},"onRiskScoreUpdate":{"availableMemoryMb":null,"timeoutSeconds":null,"minInstances":null,"maxInstances":null,"ingressSettings":null,"concurrency":null,"serviceAccountEmail":null,"vpc":null,"platform":"gcfv2","labels":{},"eventTrigger":{"eventType":"google.cloud.firestore.document.v1.written","eventFilters":{"database":"(default)","namespace":"(default)"},"eventFilterPathPatterns":{"document":"corridors/{corridorId}"},"retry":false},"entryPoint":"onRiskScoreUpdate"},"syncMutationQueue":{"availableMemoryMb":null,"timeoutSeconds":null,"minInstances":null,"maxInstances":null,"ingressSettings":null,"concurrency":null,"serviceAccountEmail":null,"vpc":null,"platform":"gcfv2","labels":{},"callableTrigger":{},"entryPoint":"syncMutationQueue"}},"specVersion":"v1alpha1","requiredAPIs":[],"extensions":{}}
[info] +  functions: Loaded functions definitions from source: onReportCreate, onRiskScoreUpdate, syncMutationQueue. {"metadata":{"emulator":{"name":"functions"},"message":"Loaded functions definitions from source: onReportCreate, onRiskScoreUpdate, syncMutationQueue."}}
[debug] [2026-09-03T05:12:37.200Z] Found a v2 firestore trigger.
[debug] [2026-09-03T05:12:37.200Z] addFirestoreTrigger "{\"eventType\":\"google.cloud.firestore.document.v1.created\",\"database\":\"(default)\",\"namespace\":\"(default)\",\"document\":{\"value\":\"reports/{reportId}\",\"matchType\":\"PATH_PATTERN\"}}"
[debug] [2026-09-03T05:12:37.203Z] >>> [apiv2][query] POST http://127.0.0.1:8080/emulator/v1/projects/demo-sih2026/eventarcTrigger?eventarcTriggerId=us-central1-onReportCreate-0 [none]
[debug] [2026-09-03T05:12:37.203Z] >>> [apiv2][body] POST http://127.0.0.1:8080/emulator/v1/projects/demo-sih2026/eventarcTrigger?eventarcTriggerId=us-central1-onReportCreate-0 "{\"eventType\":\"google.cloud.firestore.document.v1.created\",\"database\":\"(default)\",\"namespace\":\"(default)\",\"document\":{\"value\":\"reports/{reportId}\",\"matchType\":\"PATH_PATTERN\"}}"
[debug] [2026-09-03T05:12:37.252Z] Sept 03, 2026 10:42:37 AM io.gapi.emulators.netty.HttpVersionRoutingHandler channelRead
INFO: Detected non-HTTP/2 connection.
 {"metadata":{"emulator":{"name":"firestore"},"message":"Sept 03, 2026 10:42:37 AM io.gapi.emulators.netty.HttpVersionRoutingHandler channelRead\r\nINFO: Detected non-HTTP/2 connection.\r\n"}}
[debug] [2026-09-03T05:12:37.564Z] Sept 03, 2026 10:42:37 AM io.gapi.emulators.netty.HttpVersionRoutingHandler channelRead
INFO: Detected HTTP/2 connection.
 {"metadata":{"emulator":{"name":"firestore"},"message":"Sept 03, 2026 10:42:37 AM io.gapi.emulators.netty.HttpVersionRoutingHandler channelRead\r\nINFO: Detected HTTP/2 connection.\r\n"}}
[debug] [2026-09-03T05:12:38.974Z] <<< [apiv2][status] POST http://127.0.0.1:8080/emulator/v1/projects/demo-sih2026/eventarcTrigger?eventarcTriggerId=us-central1-onReportCreate-0 200
[debug] [2026-09-03T05:12:38.975Z] <<< [apiv2][body] POST http://127.0.0.1:8080/emulator/v1/projects/demo-sih2026/eventarcTrigger?eventarcTriggerId=us-central1-onReportCreate-0 {"eventType":"google.cloud.firestore.document.v1.created","database":"(default)","namespace":"(default)","document":{"value":"reports/{reportId}","matchType":"PATH_PATTERN"}}
[info] +  functions[us-central1-onReportCreate]: firestore function initialized. {"metadata":{"emulator":{"name":"functions"},"message":"\u001b[1mfirestore\u001b[22m function initialized."}}
[debug] [2026-09-03T05:12:38.975Z] Found a v2 firestore trigger.
[debug] [2026-09-03T05:12:38.975Z] addFirestoreTrigger "{\"eventType\":\"google.cloud.firestore.document.v1.written\",\"database\":\"(default)\",\"namespace\":\"(default)\",\"document\":{\"value\":\"corridors/{corridorId}\",\"matchType\":\"PATH_PATTERN\"}}"
[debug] [2026-09-03T05:12:38.976Z] >>> [apiv2][query] POST http://127.0.0.1:8080/emulator/v1/projects/demo-sih2026/eventarcTrigger?eventarcTriggerId=us-central1-onRiskScoreUpdate-0 [none]
[debug] [2026-09-03T05:12:38.976Z] >>> [apiv2][body] POST http://127.0.0.1:8080/emulator/v1/projects/demo-sih2026/eventarcTrigger?eventarcTriggerId=us-central1-onRiskScoreUpdate-0 "{\"eventType\":\"google.cloud.firestore.document.v1.written\",\"database\":\"(default)\",\"namespace\":\"(default)\",\"document\":{\"value\":\"corridors/{corridorId}\",\"matchType\":\"PATH_PATTERN\"}}"
[debug] [2026-09-03T05:12:38.983Z] Sept 03, 2026 10:42:38 AM io.gapi.emulators.netty.HttpVersionRoutingHandler channelRead
INFO: Detected non-HTTP/2 connection.
 {"metadata":{"emulator":{"name":"firestore"},"message":"Sept 03, 2026 10:42:38 AM io.gapi.emulators.netty.HttpVersionRoutingHandler channelRead\r\nINFO: Detected non-HTTP/2 connection.\r\n"}}
[debug] [2026-09-03T05:12:38.999Z] <<< [apiv2][status] POST http://127.0.0.1:8080/emulator/v1/projects/demo-sih2026/eventarcTrigger?eventarcTriggerId=us-central1-onRiskScoreUpdate-0 200
[debug] [2026-09-03T05:12:38.999Z] <<< [apiv2][body] POST http://127.0.0.1:8080/emulator/v1/projects/demo-sih2026/eventarcTrigger?eventarcTriggerId=us-central1-onRiskScoreUpdate-0 {"eventType":"google.cloud.firestore.document.v1.written","database":"(default)","namespace":"(default)","document":{"value":"corridors/{corridorId}","matchType":"PATH_PATTERN"}}
[info] +  functions[us-central1-onRiskScoreUpdate]: firestore function initialized. {"metadata":{"emulator":{"name":"functions"},"message":"\u001b[1mfirestore\u001b[22m function initialized."}}
[info] +  functions[us-central1-syncMutationQueue]: http function initialized (http://127.0.0.1:5001/demo-sih2026/us-central1/syncMutationQueue). {"metadata":{"emulator":{"name":"functions"},"message":"\u001b[1mhttp\u001b[22m function initialized (http://127.0.0.1:5001/demo-sih2026/us-central1/syncMutationQueue)."}}
[debug] [2026-09-03T05:12:39.013Z] Could not find VSCode notification endpoint: TypeError: fetch failed. If you are not running the Firebase SQL Connect VSCode extension, this is expected and not an issue.
[info] 
┌─────────────────────────────────────────────────────────────┐
│ ✔  All emulators ready! It is now safe to connect your app. │
│ i  View Emulator UI at http://127.0.0.1:4005/               │
└─────────────────────────────────────────────────────────────┘

┌────────────────┬────────────────┬──────────────────────────────────┐
│ Emulator       │ Host:Port      │ View in Emulator UI              │
├────────────────┼────────────────┼──────────────────────────────────┤
│ Authentication │ 127.0.0.1:9099 │ http://127.0.0.1:4005/auth       │
├────────────────┼────────────────┼──────────────────────────────────┤
│ Functions      │ 127.0.0.1:5001 │ http://127.0.0.1:4005/functions  │
├────────────────┼────────────────┼──────────────────────────────────┤
│ Firestore      │ 127.0.0.1:8080 │ http://127.0.0.1:4005/firestore  │
├────────────────┼────────────────┼──────────────────────────────────┤
│ Extensions     │ 127.0.0.1:5001 │ http://127.0.0.1:4005/extensions │
└────────────────┴────────────────┴──────────────────────────────────┘
  Emulator Hub host: 127.0.0.1 port: 4400
  Other reserved ports: 4500, 9150
┌─────────────────────────┬───────────────┬─────────────────────┐
│ Extension Instance Name │ Extension Ref │ View in Emulator UI │
└─────────────────────────┴───────────────┴─────────────────────┘
Issues? Report them at https://github.com/firebase/firebase-tools/issues and attach the *-debug.log files.
 
[debug] [2026-09-03T05:12:53.083Z] Sept 03, 2026 10:42:53 AM io.gapi.emulators.netty.HttpVersionRoutingHandler channelRead
INFO: Detected HTTP/2 connection.
 {"metadata":{"emulator":{"name":"firestore"},"message":"Sept 03, 2026 10:42:53 AM io.gapi.emulators.netty.HttpVersionRoutingHandler channelRead\r\nINFO: Detected HTTP/2 connection.\r\n"}}
[debug] [2026-09-03T05:12:53.165Z] Multiple projectIds are not recommended in single project mode. Requested project ID sih2026-ce822, but the emulator is configured for demo-sih2026. To opt-out of single project mode add/set the '"singleProjectMode": false' property in the firebase.json emulators config.
 {"metadata":{"emulator":{"name":"firestore"},"message":"Multiple projectIds are not recommended in single project mode. Requested project ID sih2026-ce822, but the emulator is configured for demo-sih2026. To opt-out of single project mode add/set the '\"singleProjectMode\": false' property in the firebase.json emulators config.\r\n"}}
[debug] [2026-09-03T05:12:53.284Z] Multiple projectIds are not recommended in single project mode. Requested project ID sih2026-ce822, but the emulator is configured for demo-sih2026. To opt-out of single project mode add/set the '"singleProjectMode": false' property in the firebase.json emulators config.
 {"metadata":{"emulator":{"name":"firestore"},"message":"Multiple projectIds are not recommended in single project mode. Requested project ID sih2026-ce822, but the emulator is configured for demo-sih2026. To opt-out of single project mode add/set the '\"singleProjectMode\": false' property in the firebase.json emulators config.\r\n"}}
[debug] [2026-09-03T05:13:02.231Z] File C:\Users\avadu\OneDrive\Desktop\NER SAHAYAK\functions\verify-report.js changed, reloading triggers {"metadata":{"emulator":{"name":"functions"},"message":"File C:\\Users\\avadu\\OneDrive\\Desktop\\NER SAHAYAK\\functions\\verify-report.js changed, reloading triggers"}}
[debug] [2026-09-03T05:13:03.241Z] Validating nodejs source
[warn] !  functions: package.json indicates an outdated version of firebase-functions. Please upgrade using npm install --save firebase-functions@latest in your functions directory. 
[warn] !  functions: Please note that there will be breaking changes when you upgrade. 
[debug] [2026-09-03T05:13:05.310Z] > [functions] package.json contents: {
  "name": "ner-sahayak-functions",
  "version": "0.1.0",
  "private": true,
  "description": "Firebase Cloud Functions for NER Sahayak — milestone-2-backend.",
  "type": "module",
  "main": "src/index.ts",
  "scripts": {
    "build": "tsc --noEmit",
    "serve": "firebase emulators:start --only functions,firestore,auth",
    "test": "node --import tsx/esm --test --test-concurrency=1 test/**/*.test.ts",
    "lint": "tsc --noEmit"
  },
  "engines": {
    "node": "20"
  },
  "dependencies": {
    "firebase-admin": "^13.4.0",
    "firebase-functions": "^6.5.2",
    "zod": "^3.25.76"
  },
  "devDependencies": {
    "@firebase/rules-unit-testing": "^3.0.4",
    "tsx": "^4.20.3",
    "typescript": "^5.8.3"
  }
}
[debug] [2026-09-03T05:13:05.310Z] Building nodejs source
[debug] [2026-09-03T05:13:05.310Z] Failed to find version of module node: reached end of search path C:\Users\avadu\OneDrive\Desktop\NER SAHAYAK\functions\node_modules
[warn] !  functions: Your requested "node" version "20" doesn't match your global version "26". Using node@26 from host. 
[debug] [2026-09-03T05:13:05.311Z] Could not find functions.yaml. Must use http discovery
[debug] [2026-09-03T05:13:05.320Z] Found firebase-functions binary at 'C:\Users\avadu\OneDrive\Desktop\NER SAHAYAK\functions\node_modules\.bin\firebase-functions'
[info] Serving at port 8668

[debug] [2026-09-03T05:13:06.553Z] Got response from /__/functions.yaml {"endpoints":{"onReportCreate":{"availableMemoryMb":null,"timeoutSeconds":null,"minInstances":null,"maxInstances":null,"ingressSettings":null,"concurrency":null,"serviceAccountEmail":null,"vpc":null,"platform":"gcfv2","labels":{},"eventTrigger":{"eventType":"google.cloud.firestore.document.v1.created","eventFilters":{"database":"(default)","namespace":"(default)"},"eventFilterPathPatterns":{"document":"reports/{reportId}"},"retry":false},"entryPoint":"onReportCreate"},"onRiskScoreUpdate":{"availableMemoryMb":null,"timeoutSeconds":null,"minInstances":null,"maxInstances":null,"ingressSettings":null,"concurrency":null,"serviceAccountEmail":null,"vpc":null,"platform":"gcfv2","labels":{},"eventTrigger":{"eventType":"google.cloud.firestore.document.v1.written","eventFilters":{"database":"(default)","namespace":"(default)"},"eventFilterPathPatterns":{"document":"corridors/{corridorId}"},"retry":false},"entryPoint":"onRiskScoreUpdate"},"syncMutationQueue":{"availableMemoryMb":null,"timeoutSeconds":null,"minInstances":null,"maxInstances":null,"ingressSettings":null,"concurrency":null,"serviceAccountEmail":null,"vpc":null,"platform":"gcfv2","labels":{},"callableTrigger":{},"entryPoint":"syncMutationQueue"}},"specVersion":"v1alpha1","requiredAPIs":[],"extensions":{}}
[info] +  functions: Loaded functions definitions from source: onReportCreate, onRiskScoreUpdate, syncMutationQueue. {"metadata":{"emulator":{"name":"functions"},"message":"Loaded functions definitions from source: onReportCreate, onRiskScoreUpdate, syncMutationQueue."}}
[debug] [2026-09-03T05:13:13.194Z] Sept 03, 2026 10:43:13 AM io.gapi.emulators.netty.HttpVersionRoutingHandler channelRead
INFO: Detected HTTP/2 connection.
 {"metadata":{"emulator":{"name":"firestore"},"message":"Sept 03, 2026 10:43:13 AM io.gapi.emulators.netty.HttpVersionRoutingHandler channelRead\r\nINFO: Detected HTTP/2 connection.\r\n"}}
[debug] [2026-09-03T05:13:13.210Z] Multiple projectIds are not recommended in single project mode. Requested project ID sih2026-ce822, but the emulator is configured for demo-sih2026. To opt-out of single project mode add/set the '"singleProjectMode": false' property in the firebase.json emulators config.
 {"metadata":{"emulator":{"name":"firestore"},"message":"Multiple projectIds are not recommended in single project mode. Requested project ID sih2026-ce822, but the emulator is configured for demo-sih2026. To opt-out of single project mode add/set the '\"singleProjectMode\": false' property in the firebase.json emulators config.\r\n"}}
[debug] [2026-09-03T05:13:13.210Z] Multiple projectIds are not recommended in single project mode. Requested project ID sih2026-ce822, but the emulator is configured for demo-sih2026. To opt-out of single project mode add/set the '"singleProjectMode": false' property in the firebase.json emulators config.
 {"metadata":{"emulator":{"name":"firestore"},"message":"Multiple projectIds are not recommended in single project mode. Requested project ID sih2026-ce822, but the emulator is configured for demo-sih2026. To opt-out of single project mode add/set the '\"singleProjectMode\": false' property in the firebase.json emulators config.\r\n"}}
[debug] [2026-09-03T05:13:32.385Z] File C:\Users\avadu\OneDrive\Desktop\NER SAHAYAK\functions\insert-report.js changed, reloading triggers {"metadata":{"emulator":{"name":"functions"},"message":"File C:\\Users\\avadu\\OneDrive\\Desktop\\NER SAHAYAK\\functions\\insert-report.js changed, reloading triggers"}}
[debug] [2026-09-03T05:13:33.402Z] Validating nodejs source
[warn] !  functions: package.json indicates an outdated version of firebase-functions. Please upgrade using npm install --save firebase-functions@latest in your functions directory. 
[warn] !  functions: Please note that there will be breaking changes when you upgrade. 
[debug] [2026-09-03T05:13:35.408Z] > [functions] package.json contents: {
  "name": "ner-sahayak-functions",
  "version": "0.1.0",
  "private": true,
  "description": "Firebase Cloud Functions for NER Sahayak — milestone-2-backend.",
  "type": "module",
  "main": "src/index.ts",
  "scripts": {
    "build": "tsc --noEmit",
    "serve": "firebase emulators:start --only functions,firestore,auth",
    "test": "node --import tsx/esm --test --test-concurrency=1 test/**/*.test.ts",
    "lint": "tsc --noEmit"
  },
  "engines": {
    "node": "20"
  },
  "dependencies": {
    "firebase-admin": "^13.4.0",
    "firebase-functions": "^6.5.2",
    "zod": "^3.25.76"
  },
  "devDependencies": {
    "@firebase/rules-unit-testing": "^3.0.4",
    "tsx": "^4.20.3",
    "typescript": "^5.8.3"
  }
}
[debug] [2026-09-03T05:13:35.408Z] Building nodejs source
[debug] [2026-09-03T05:13:35.408Z] Failed to find version of module node: reached end of search path C:\Users\avadu\OneDrive\Desktop\NER SAHAYAK\functions\node_modules
[warn] !  functions: Your requested "node" version "20" doesn't match your global version "26". Using node@26 from host. 
[debug] [2026-09-03T05:13:35.409Z] Could not find functions.yaml. Must use http discovery
[debug] [2026-09-03T05:13:35.419Z] Found firebase-functions binary at 'C:\Users\avadu\OneDrive\Desktop\NER SAHAYAK\functions\node_modules\.bin\firebase-functions'
[info] Serving at port 8459

[debug] [2026-09-03T05:13:36.590Z] Got response from /__/functions.yaml {"endpoints":{"onReportCreate":{"availableMemoryMb":null,"timeoutSeconds":null,"minInstances":null,"maxInstances":null,"ingressSettings":null,"concurrency":null,"serviceAccountEmail":null,"vpc":null,"platform":"gcfv2","labels":{},"eventTrigger":{"eventType":"google.cloud.firestore.document.v1.created","eventFilters":{"database":"(default)","namespace":"(default)"},"eventFilterPathPatterns":{"document":"reports/{reportId}"},"retry":false},"entryPoint":"onReportCreate"},"onRiskScoreUpdate":{"availableMemoryMb":null,"timeoutSeconds":null,"minInstances":null,"maxInstances":null,"ingressSettings":null,"concurrency":null,"serviceAccountEmail":null,"vpc":null,"platform":"gcfv2","labels":{},"eventTrigger":{"eventType":"google.cloud.firestore.document.v1.written","eventFilters":{"database":"(default)","namespace":"(default)"},"eventFilterPathPatterns":{"document":"corridors/{corridorId}"},"retry":false},"entryPoint":"onRiskScoreUpdate"},"syncMutationQueue":{"availableMemoryMb":null,"timeoutSeconds":null,"minInstances":null,"maxInstances":null,"ingressSettings":null,"concurrency":null,"serviceAccountEmail":null,"vpc":null,"platform":"gcfv2","labels":{},"callableTrigger":{},"entryPoint":"syncMutationQueue"}},"specVersion":"v1alpha1","requiredAPIs":[],"extensions":{}}
[info] +  functions: Loaded functions definitions from source: onReportCreate, onRiskScoreUpdate, syncMutationQueue. {"metadata":{"emulator":{"name":"functions"},"message":"Loaded functions definitions from source: onReportCreate, onRiskScoreUpdate, syncMutationQueue."}}
[debug] [2026-09-03T05:13:39.660Z] File C:\Users\avadu\OneDrive\Desktop\NER SAHAYAK\functions\verify-report.js changed, reloading triggers {"metadata":{"emulator":{"name":"functions"},"message":"File C:\\Users\\avadu\\OneDrive\\Desktop\\NER SAHAYAK\\functions\\verify-report.js changed, reloading triggers"}}
[debug] [2026-09-03T05:13:40.668Z] Validating nodejs source
[warn] !  functions: package.json indicates an outdated version of firebase-functions. Please upgrade using npm install --save firebase-functions@latest in your functions directory. 
[warn] !  functions: Please note that there will be breaking changes when you upgrade. 
[debug] [2026-09-03T05:13:42.408Z] > [functions] package.json contents: {
  "name": "ner-sahayak-functions",
  "version": "0.1.0",
  "private": true,
  "description": "Firebase Cloud Functions for NER Sahayak — milestone-2-backend.",
  "type": "module",
  "main": "src/index.ts",
  "scripts": {
    "build": "tsc --noEmit",
    "serve": "firebase emulators:start --only functions,firestore,auth",
    "test": "node --import tsx/esm --test --test-concurrency=1 test/**/*.test.ts",
    "lint": "tsc --noEmit"
  },
  "engines": {
    "node": "20"
  },
  "dependencies": {
    "firebase-admin": "^13.4.0",
    "firebase-functions": "^6.5.2",
    "zod": "^3.25.76"
  },
  "devDependencies": {
    "@firebase/rules-unit-testing": "^3.0.4",
    "tsx": "^4.20.3",
    "typescript": "^5.8.3"
  }
}
[debug] [2026-09-03T05:13:42.409Z] Building nodejs source
[debug] [2026-09-03T05:13:42.409Z] Failed to find version of module node: reached end of search path C:\Users\avadu\OneDrive\Desktop\NER SAHAYAK\functions\node_modules
[warn] !  functions: Your requested "node" version "20" doesn't match your global version "26". Using node@26 from host. 
[debug] [2026-09-03T05:13:42.410Z] Could not find functions.yaml. Must use http discovery
[debug] [2026-09-03T05:13:42.417Z] Found firebase-functions binary at 'C:\Users\avadu\OneDrive\Desktop\NER SAHAYAK\functions\node_modules\.bin\firebase-functions'
[info] Serving at port 8015

[debug] [2026-09-03T05:13:43.632Z] Got response from /__/functions.yaml {"endpoints":{"onReportCreate":{"availableMemoryMb":null,"timeoutSeconds":null,"minInstances":null,"maxInstances":null,"ingressSettings":null,"concurrency":null,"serviceAccountEmail":null,"vpc":null,"platform":"gcfv2","labels":{},"eventTrigger":{"eventType":"google.cloud.firestore.document.v1.created","eventFilters":{"database":"(default)","namespace":"(default)"},"eventFilterPathPatterns":{"document":"reports/{reportId}"},"retry":false},"entryPoint":"onReportCreate"},"onRiskScoreUpdate":{"availableMemoryMb":null,"timeoutSeconds":null,"minInstances":null,"maxInstances":null,"ingressSettings":null,"concurrency":null,"serviceAccountEmail":null,"vpc":null,"platform":"gcfv2","labels":{},"eventTrigger":{"eventType":"google.cloud.firestore.document.v1.written","eventFilters":{"database":"(default)","namespace":"(default)"},"eventFilterPathPatterns":{"document":"corridors/{corridorId}"},"retry":false},"entryPoint":"onRiskScoreUpdate"},"syncMutationQueue":{"availableMemoryMb":null,"timeoutSeconds":null,"minInstances":null,"maxInstances":null,"ingressSettings":null,"concurrency":null,"serviceAccountEmail":null,"vpc":null,"platform":"gcfv2","labels":{},"callableTrigger":{},"entryPoint":"syncMutationQueue"}},"specVersion":"v1alpha1","requiredAPIs":[],"extensions":{}}
[info] +  functions: Loaded functions definitions from source: onReportCreate, onRiskScoreUpdate, syncMutationQueue. {"metadata":{"emulator":{"name":"functions"},"message":"Loaded functions definitions from source: onReportCreate, onRiskScoreUpdate, syncMutationQueue."}}
[debug] [2026-09-03T05:13:52.225Z] Sept 03, 2026 10:43:52 AM io.gapi.emulators.netty.HttpVersionRoutingHandler channelRead
INFO: Detected HTTP/2 connection.
 {"metadata":{"emulator":{"name":"firestore"},"message":"Sept 03, 2026 10:43:52 AM io.gapi.emulators.netty.HttpVersionRoutingHandler channelRead\r\nINFO: Detected HTTP/2 connection.\r\n"}}
[debug] [2026-09-03T05:13:52.403Z] [work-queue] {"queuedWork":["/functions/projects/demo-sih2026/triggers/us-central1-onReportCreate-0-2026-09-03T05:13:52.402Z"],"queueLength":1,"runningWork":[],"workRunningCount":0}
[debug] [2026-09-03T05:13:52.403Z] [work-queue] {"queuedWork":[],"queueLength":0,"runningWork":["/functions/projects/demo-sih2026/triggers/us-central1-onReportCreate-0-2026-09-03T05:13:52.402Z"],"workRunningCount":1}
[debug] [2026-09-03T05:13:52.403Z] Accepted request POST /functions/projects/demo-sih2026/triggers/us-central1-onReportCreate-0 --> us-central1-onReportCreate-0
[debug] [2026-09-03T05:13:52.405Z] [functions] Runtime ready! Sending request! {"metadata":{"emulator":{"name":"functions"},"message":"[functions] Runtime ready! Sending request!"}}
[debug] [2026-09-03T05:13:52.405Z] [functions] Got req.url=/functions/projects/demo-sih2026/triggers/us-central1-onReportCreate-0, mapping to path=/functions/projects/ {"metadata":{"emulator":{"name":"functions"},"message":"[functions] Got req.url=/functions/projects/demo-sih2026/triggers/us-central1-onReportCreate-0, mapping to path=/functions/projects/"}}
[debug] [2026-09-03T05:13:52.422Z] [worker-pool] addWorker(us-central1-onReportCreate) {"metadata":{"emulator":{"name":"functions"},"message":"[worker-pool] addWorker(us-central1-onReportCreate)"}}
[debug] [2026-09-03T05:13:52.423Z] [worker-pool] Adding worker with key us-central1-onReportCreate, total=1 {"metadata":{"emulator":{"name":"functions"},"message":"[worker-pool] Adding worker with key us-central1-onReportCreate, total=1"}}
[debug] [2026-09-03T05:13:54.050Z] [runtime-status] [6312] Resolved module firebase-admin {"declared":true,"installed":true,"version":"13.10.0","resolution":"C:\\Users\\avadu\\OneDrive\\Desktop\\NER SAHAYAK\\functions\\node_modules\\firebase-admin\\lib\\index.js"} {"metadata":{"emulator":{"name":"functions"},"function":{"name":"us-central1-onReportCreate"},"extension":{},"message":"[runtime-status] [6312] Resolved module firebase-admin {\"declared\":true,\"installed\":true,\"version\":\"13.10.0\",\"resolution\":\"C:\\\\Users\\\\avadu\\\\OneDrive\\\\Desktop\\\\NER SAHAYAK\\\\functions\\\\node_modules\\\\firebase-admin\\\\lib\\\\index.js\"}"}}
[debug] [2026-09-03T05:13:54.051Z] [runtime-status] [6312] Resolved module firebase-functions {"declared":true,"installed":true,"version":"6.6.0","resolution":"C:\\Users\\avadu\\OneDrive\\Desktop\\NER SAHAYAK\\functions\\node_modules\\firebase-functions\\lib\\v2\\index.js"} {"metadata":{"emulator":{"name":"functions"},"function":{"name":"us-central1-onReportCreate"},"extension":{},"message":"[runtime-status] [6312] Resolved module firebase-functions {\"declared\":true,\"installed\":true,\"version\":\"6.6.0\",\"resolution\":\"C:\\\\Users\\\\avadu\\\\OneDrive\\\\Desktop\\\\NER SAHAYAK\\\\functions\\\\node_modules\\\\firebase-functions\\\\lib\\\\v2\\\\index.js\"}"}}
[debug] [2026-09-03T05:13:54.052Z] [runtime-status] [6312] Outgoing network have been stubbed. [{"name":"http","status":"mocked"},{"name":"http","status":"mocked"},{"name":"https","status":"mocked"},{"name":"https","status":"mocked"},{"name":"net","status":"mocked"}] {"metadata":{"emulator":{"name":"functions"},"function":{"name":"us-central1-onReportCreate"},"extension":{},"message":"[runtime-status] [6312] Outgoing network have been stubbed. [{\"name\":\"http\",\"status\":\"mocked\"},{\"name\":\"http\",\"status\":\"mocked\"},{\"name\":\"https\",\"status\":\"mocked\"},{\"name\":\"https\",\"status\":\"mocked\"},{\"name\":\"net\",\"status\":\"mocked\"}]"}}
[debug] [2026-09-03T05:13:54.053Z] [runtime-status] [6312] Resolved module firebase-functions {"declared":true,"installed":true,"version":"6.6.0","resolution":"C:\\Users\\avadu\\OneDrive\\Desktop\\NER SAHAYAK\\functions\\node_modules\\firebase-functions\\lib\\v2\\index.js"} {"metadata":{"emulator":{"name":"functions"},"function":{"name":"us-central1-onReportCreate"},"extension":{},"message":"[runtime-status] [6312] Resolved module firebase-functions {\"declared\":true,\"installed\":true,\"version\":\"6.6.0\",\"resolution\":\"C:\\\\Users\\\\avadu\\\\OneDrive\\\\Desktop\\\\NER SAHAYAK\\\\functions\\\\node_modules\\\\firebase-functions\\\\lib\\\\v2\\\\index.js\"}"}}
[debug] [2026-09-03T05:13:54.471Z] [runtime-status] [6312] Resolved module firebase-admin {"declared":true,"installed":true,"version":"13.10.0","resolution":"C:\\Users\\avadu\\OneDrive\\Desktop\\NER SAHAYAK\\functions\\node_modules\\firebase-admin\\lib\\index.js"} {"metadata":{"emulator":{"name":"functions"},"function":{"name":"us-central1-onReportCreate"},"extension":{},"message":"[runtime-status] [6312] Resolved module firebase-admin {\"declared\":true,\"installed\":true,\"version\":\"13.10.0\",\"resolution\":\"C:\\\\Users\\\\avadu\\\\OneDrive\\\\Desktop\\\\NER SAHAYAK\\\\functions\\\\node_modules\\\\firebase-admin\\\\lib\\\\index.js\"}"}}
[debug] [2026-09-03T05:13:54.555Z] [runtime-status] [6312] Resolved module firebase-functions {"declared":true,"installed":true,"version":"6.6.0","resolution":"C:\\Users\\avadu\\OneDrive\\Desktop\\NER SAHAYAK\\functions\\node_modules\\firebase-functions\\lib\\v2\\index.js"} {"metadata":{"emulator":{"name":"functions"},"function":{"name":"us-central1-onReportCreate"},"extension":{},"message":"[runtime-status] [6312] Resolved module firebase-functions {\"declared\":true,\"installed\":true,\"version\":\"6.6.0\",\"resolution\":\"C:\\\\Users\\\\avadu\\\\OneDrive\\\\Desktop\\\\NER SAHAYAK\\\\functions\\\\node_modules\\\\firebase-functions\\\\lib\\\\v2\\\\index.js\"}"}}
[debug] [2026-09-03T05:13:55.670Z] [runtime-status] [6312] firebase-admin has been stubbed. {"adminResolution":{"declared":true,"installed":true,"version":"13.10.0","resolution":"C:\\Users\\avadu\\OneDrive\\Desktop\\NER SAHAYAK\\functions\\node_modules\\firebase-admin\\lib\\index.js"}} {"metadata":{"emulator":{"name":"functions"},"function":{"name":"us-central1-onReportCreate"},"extension":{},"message":"[runtime-status] [6312] firebase-admin has been stubbed. {\"adminResolution\":{\"declared\":true,\"installed\":true,\"version\":\"13.10.0\",\"resolution\":\"C:\\\\Users\\\\avadu\\\\OneDrive\\\\Desktop\\\\NER SAHAYAK\\\\functions\\\\node_modules\\\\firebase-admin\\\\lib\\\\index.js\"}}"}}
[debug] [2026-09-03T05:13:56.054Z] [runtime-status] [6312] Functions runtime initialized. {"cwd":"C:\\Users\\avadu\\OneDrive\\Desktop\\NER SAHAYAK\\functions","node_version":"26.5.1"} {"metadata":{"emulator":{"name":"functions"},"function":{"name":"us-central1-onReportCreate"},"extension":{},"message":"[runtime-status] [6312] Functions runtime initialized. {\"cwd\":\"C:\\\\Users\\\\avadu\\\\OneDrive\\\\Desktop\\\\NER SAHAYAK\\\\functions\",\"node_version\":\"26.5.1\"}"}}
[debug] [2026-09-03T05:13:56.054Z] [runtime-status] [6312] Listening to port: \\?\pipe\fire_emu_fd668bef15ed60fa {"metadata":{"emulator":{"name":"functions"},"function":{"name":"us-central1-onReportCreate"},"extension":{},"message":"[runtime-status] [6312] Listening to port: \\\\?\\pipe\\fire_emu_fd668bef15ed60fa"}}
[debug] [2026-09-03T05:13:56.105Z] [worker-us-central1-onReportCreate-670d6cd7-1cc5-48c3-8a35-6a4a30953526]: IDLE {"metadata":{"emulator":{"name":"functions"},"function":{"name":"us-central1-onReportCreate"},"extension":{},"message":"[worker-us-central1-onReportCreate-670d6cd7-1cc5-48c3-8a35-6a4a30953526]: IDLE"}}
[debug] [2026-09-03T05:13:56.106Z] [worker-pool] submitRequest(triggerId=us-central1-onReportCreate) {"metadata":{"emulator":{"name":"functions"},"message":"[worker-pool] submitRequest(triggerId=us-central1-onReportCreate)"}}
[info] i  functions: Beginning execution of "us-central1-onReportCreate" {"metadata":{"emulator":{"name":"functions"},"function":{"name":"us-central1-onReportCreate"},"extension":{},"message":"Beginning execution of \"us-central1-onReportCreate\""}}
[debug] [2026-09-03T05:13:56.107Z] [worker-us-central1-onReportCreate-670d6cd7-1cc5-48c3-8a35-6a4a30953526]: BUSY {"metadata":{"emulator":{"name":"functions"},"function":{"name":"us-central1-onReportCreate"},"extension":{},"message":"[worker-us-central1-onReportCreate-670d6cd7-1cc5-48c3-8a35-6a4a30953526]: BUSY"}}
[debug] [2026-09-03T05:13:56.111Z] [runtime-status] [6312] RunCloudEvent {"specversion":"1.0","type":"google.cloud.firestore.document.v1.created","source":"//firestore.googleapis.com/projects/projects/demo-sih2026/databases/(default)","id":"535131b6-56aa-4dfd-9a7e-f6ef90b0fdfc","subject":"documents/reports/3985a9ad-00ba-47eb-b626-b3e83985aa42","time":"2026-09-03T05:13:52Z","datacontenttype":"application/protobuf","dataschema":"https://github.com/googleapis/google-cloudevents/blob/main/proto/google/events/cloud/firestore/v1/data.proto","location":"us-central1","project":"demo-sih2026","database":"(default)","namespace":"(default)","document":"reports/3985a9ad-00ba-47eb-b626-b3e83985aa42","data":{"type":"Buffer","data":[10,154,4,10,96,112,114,111,106,101,99,116,115,47,100,101,109,111,45,115,105,104,50,48,50,54,47,100,97,116,97,98,97,115,101,115,47,40,100,101,102,97,117,108,116,41,47,100,111,99,117,109,101,110,116,115,47,114,101,112,111,114,116,115,47,51,57,56,53,97,57,97,100,45,48,48,98,97,45,52,55,101,98,45,98,54,50,54,45,98,51,101,56,51,57,56,53,97,97,52,50,18,45,10,2,105,100,18,39,138,1,36,51,57,56,53,97,57,97,100,45,48,48,98,97,45,52,55,101,98,45,98,54,50,54,45,98,51,101,56,51,57,56,53,97,97,52,50,18,20,10,4,116,121,112,101,18,12,138,1,9,108,97,110,100,115,108,105,100,101,18,14,10,8,115,101,118,101,114,105,116,121,18,2,16,5,18,63,10,11,100,101,115,99,114,105,112,116,105,111,110,18,48,138,1,45,77,97,115,115,105,118,101,32,108,97,110,100,115,108,105,100,101,32,98,108,111,99,107,105,110,103,32,78,72,45,50,55,32,110,101,97,114,32,72,97,102,108,111,110,103,18,19,10,7,103,101,111,104,97,115,104,18,8,138,1,5,119,104,57,99,119,18,22,10,10,99,111,114,114,105,100,111,114,73,100,18,8,138,1,5,110,104,45,50,55,18,16,10,3,108,97,116,18,9,25,33,176,114,104,145,45,57,64,18,16,10,3,108,110,103,18,9,25,254,212,120,233,38,65,87,64,18,28,10,10,114,101,112,111,114,116,101,114,73,100,18,14,138,1,11,99,105,116,105,122,101,110,45,49,50,51,18,24,10,6,115,116,97,116,117,115,18,14,138,1,11,117,110,99,111,110,102,105,114,109,101,100,18,40,10,9,99,114,101,97,116,101,100,65,116,18,27,138,1,24,50,48,50,54,45,48,57,45,48,51,84,48,53,58,49,51,58,53,50,46,48,53,50,90,18,46,10,15,99,108,105,101,110,116,67,114,101,97,116,101,100,65,116,18,27,138,1,24,50,48,50,54,45,48,57,45,48,51,84,48,53,58,49,51,58,53,50,46,48,53,51,90,18,33,10,16,115,101,114,118,101,114,82,101,99,101,105,118,101,100,65,116,18,13,82,11,8,144,132,228,212,6,16,192,238,162,25,26,12,8,144,132,228,212,6,16,208,196,244,136,1,34,12,8,144,132,228,212,6,16,208,196,244,136,1,26,0]}} {"metadata":{"emulator":{"name":"functions"},"function":{"name":"us-central1-onReportCreate"},"extension":{},"message":"[runtime-status] [6312] RunCloudEvent {\"specversion\":\"1.0\",\"type\":\"google.cloud.firestore.document.v1.created\",\"source\":\"//firestore.googleapis.com/projects/projects/demo-sih2026/databases/(default)\",\"id\":\"535131b6-56aa-4dfd-9a7e-f6ef90b0fdfc\",\"subject\":\"documents/reports/3985a9ad-00ba-47eb-b626-b3e83985aa42\",\"time\":\"2026-09-03T05:13:52Z\",\"datacontenttype\":\"application/protobuf\",\"dataschema\":\"https://github.com/googleapis/google-cloudevents/blob/main/proto/google/events/cloud/firestore/v1/data.proto\",\"location\":\"us-central1\",\"project\":\"demo-sih2026\",\"database\":\"(default)\",\"namespace\":\"(default)\",\"document\":\"reports/3985a9ad-00ba-47eb-b626-b3e83985aa42\",\"data\":{\"type\":\"Buffer\",\"data\":[10,154,4,10,96,112,114,111,106,101,99,116,115,47,100,101,109,111,45,115,105,104,50,48,50,54,47,100,97,116,97,98,97,115,101,115,47,40,100,101,102,97,117,108,116,41,47,100,111,99,117,109,101,110,116,115,47,114,101,112,111,114,116,115,47,51,57,56,53,97,57,97,100,45,48,48,98,97,45,52,55,101,98,45,98,54,50,54,45,98,51,101,56,51,57,56,53,97,97,52,50,18,45,10,2,105,100,18,39,138,1,36,51,57,56,53,97,57,97,100,45,48,48,98,97,45,52,55,101,98,45,98,54,50,54,45,98,51,101,56,51,57,56,53,97,97,52,50,18,20,10,4,116,121,112,101,18,12,138,1,9,108,97,110,100,115,108,105,100,101,18,14,10,8,115,101,118,101,114,105,116,121,18,2,16,5,18,63,10,11,100,101,115,99,114,105,112,116,105,111,110,18,48,138,1,45,77,97,115,115,105,118,101,32,108,97,110,100,115,108,105,100,101,32,98,108,111,99,107,105,110,103,32,78,72,45,50,55,32,110,101,97,114,32,72,97,102,108,111,110,103,18,19,10,7,103,101,111,104,97,115,104,18,8,138,1,5,119,104,57,99,119,18,22,10,10,99,111,114,114,105,100,111,114,73,100,18,8,138,1,5,110,104,45,50,55,18,16,10,3,108,97,116,18,9,25,33,176,114,104,145,45,57,64,18,16,10,3,108,110,103,18,9,25,254,212,120,233,38,65,87,64,18,28,10,10,114,101,112,111,114,116,101,114,73,100,18,14,138,1,11,99,105,116,105,122,101,110,45,49,50,51,18,24,10,6,115,116,97,116,117,115,18,14,138,1,11,117,110,99,111,110,102,105,114,109,101,100,18,40,10,9,99,114,101,97,116,101,100,65,116,18,27,138,1,24,50,48,50,54,45,48,57,45,48,51,84,48,53,58,49,51,58,53,50,46,48,53,50,90,18,46,10,15,99,108,105,101,110,116,67,114,101,97,116,101,100,65,116,18,27,138,1,24,50,48,50,54,45,48,57,45,48,51,84,48,53,58,49,51,58,53,50,46,48,53,51,90,18,33,10,16,115,101,114,118,101,114,82,101,99,101,105,118,101,100,65,116,18,13,82,11,8,144,132,228,212,6,16,192,238,162,25,26,12,8,144,132,228,212,6,16,208,196,244,136,1,34,12,8,144,132,228,212,6,16,208,196,244,136,1,26,0]}}"}}
[debug] [2026-09-03T05:13:56.228Z] Sept 03, 2026 10:43:56 AM io.gapi.emulators.netty.HttpVersionRoutingHandler channelRead
INFO: Detected HTTP/2 connection.
 {"metadata":{"emulator":{"name":"firestore"},"message":"Sept 03, 2026 10:43:56 AM io.gapi.emulators.netty.HttpVersionRoutingHandler channelRead\r\nINFO: Detected HTTP/2 connection.\r\n"}}
[debug] [2026-09-03T05:13:56.460Z] Finishing up request with event=finish {"metadata":{"emulator":{"name":"functions"},"function":{"name":"us-central1-onReportCreate"},"extension":{},"message":"Finishing up request with event=finish"}}
[info] i  functions: Finished "us-central1-onReportCreate" in 354.1629ms {"metadata":{"emulator":{"name":"functions"},"function":{"name":"us-central1-onReportCreate"},"extension":{},"message":"Finished \"us-central1-onReportCreate\" in 354.1629ms"}}
[debug] [2026-09-03T05:13:56.461Z] [worker-us-central1-onReportCreate-670d6cd7-1cc5-48c3-8a35-6a4a30953526]: IDLE {"metadata":{"emulator":{"name":"functions"},"function":{"name":"us-central1-onReportCreate"},"extension":{},"message":"[worker-us-central1-onReportCreate-670d6cd7-1cc5-48c3-8a35-6a4a30953526]: IDLE"}}
[debug] [2026-09-03T05:13:56.461Z] Finishing up request with event=close {"metadata":{"emulator":{"name":"functions"},"function":{"name":"us-central1-onReportCreate"},"extension":{},"message":"Finishing up request with event=close"}}
[debug] [2026-09-03T05:13:56.461Z] [work-queue] {"queuedWork":[],"queueLength":0,"runningWork":[],"workRunningCount":0}
[debug] [2026-09-03T05:13:56.480Z] [work-queue] {"queuedWork":["/functions/projects/demo-sih2026/triggers/us-central1-onRiskScoreUpdate-0-2026-09-03T05:13:56.480Z"],"queueLength":1,"runningWork":[],"workRunningCount":0}
[debug] [2026-09-03T05:13:56.480Z] [work-queue] {"queuedWork":[],"queueLength":0,"runningWork":["/functions/projects/demo-sih2026/triggers/us-central1-onRiskScoreUpdate-0-2026-09-03T05:13:56.480Z"],"workRunningCount":1}
[debug] [2026-09-03T05:13:56.480Z] Accepted request POST /functions/projects/demo-sih2026/triggers/us-central1-onRiskScoreUpdate-0 --> us-central1-onRiskScoreUpdate-0
[debug] [2026-09-03T05:13:56.481Z] [functions] Runtime ready! Sending request! {"metadata":{"emulator":{"name":"functions"},"message":"[functions] Runtime ready! Sending request!"}}
[debug] [2026-09-03T05:13:56.481Z] [functions] Got req.url=/functions/projects/demo-sih2026/triggers/us-central1-onRiskScoreUpdate-0, mapping to path=/functions/projects/ {"metadata":{"emulator":{"name":"functions"},"message":"[functions] Got req.url=/functions/projects/demo-sih2026/triggers/us-central1-onRiskScoreUpdate-0, mapping to path=/functions/projects/"}}
[debug] [2026-09-03T05:13:56.489Z] [worker-pool] addWorker(us-central1-onRiskScoreUpdate) {"metadata":{"emulator":{"name":"functions"},"message":"[worker-pool] addWorker(us-central1-onRiskScoreUpdate)"}}
[debug] [2026-09-03T05:13:56.490Z] [worker-pool] Adding worker with key us-central1-onRiskScoreUpdate, total=1 {"metadata":{"emulator":{"name":"functions"},"message":"[worker-pool] Adding worker with key us-central1-onRiskScoreUpdate, total=1"}}
[debug] [2026-09-03T05:13:57.769Z] [runtime-status] [24040] Resolved module firebase-admin {"declared":true,"installed":true,"version":"13.10.0","resolution":"C:\\Users\\avadu\\OneDrive\\Desktop\\NER SAHAYAK\\functions\\node_modules\\firebase-admin\\lib\\index.js"} {"metadata":{"emulator":{"name":"functions"},"function":{"name":"us-central1-onRiskScoreUpdate"},"extension":{},"message":"[runtime-status] [24040] Resolved module firebase-admin {\"declared\":true,\"installed\":true,\"version\":\"13.10.0\",\"resolution\":\"C:\\\\Users\\\\avadu\\\\OneDrive\\\\Desktop\\\\NER SAHAYAK\\\\functions\\\\node_modules\\\\firebase-admin\\\\lib\\\\index.js\"}"}}
[debug] [2026-09-03T05:13:57.771Z] [runtime-status] [24040] Resolved module firebase-functions {"declared":true,"installed":true,"version":"6.6.0","resolution":"C:\\Users\\avadu\\OneDrive\\Desktop\\NER SAHAYAK\\functions\\node_modules\\firebase-functions\\lib\\v2\\index.js"} {"metadata":{"emulator":{"name":"functions"},"function":{"name":"us-central1-onRiskScoreUpdate"},"extension":{},"message":"[runtime-status] [24040] Resolved module firebase-functions {\"declared\":true,\"installed\":true,\"version\":\"6.6.0\",\"resolution\":\"C:\\\\Users\\\\avadu\\\\OneDrive\\\\Desktop\\\\NER SAHAYAK\\\\functions\\\\node_modules\\\\firebase-functions\\\\lib\\\\v2\\\\index.js\"}"}}
[debug] [2026-09-03T05:13:57.771Z] [runtime-status] [24040] Outgoing network have been stubbed. [{"name":"http","status":"mocked"},{"name":"http","status":"mocked"},{"name":"https","status":"mocked"},{"name":"https","status":"mocked"},{"name":"net","status":"mocked"}] {"metadata":{"emulator":{"name":"functions"},"function":{"name":"us-central1-onRiskScoreUpdate"},"extension":{},"message":"[runtime-status] [24040] Outgoing network have been stubbed. [{\"name\":\"http\",\"status\":\"mocked\"},{\"name\":\"http\",\"status\":\"mocked\"},{\"name\":\"https\",\"status\":\"mocked\"},{\"name\":\"https\",\"status\":\"mocked\"},{\"name\":\"net\",\"status\":\"mocked\"}]"}}
[debug] [2026-09-03T05:13:57.773Z] [runtime-status] [24040] Resolved module firebase-functions {"declared":true,"installed":true,"version":"6.6.0","resolution":"C:\\Users\\avadu\\OneDrive\\Desktop\\NER SAHAYAK\\functions\\node_modules\\firebase-functions\\lib\\v2\\index.js"} {"metadata":{"emulator":{"name":"functions"},"function":{"name":"us-central1-onRiskScoreUpdate"},"extension":{},"message":"[runtime-status] [24040] Resolved module firebase-functions {\"declared\":true,\"installed\":true,\"version\":\"6.6.0\",\"resolution\":\"C:\\\\Users\\\\avadu\\\\OneDrive\\\\Desktop\\\\NER SAHAYAK\\\\functions\\\\node_modules\\\\firebase-functions\\\\lib\\\\v2\\\\index.js\"}"}}
[debug] [2026-09-03T05:13:58.027Z] [runtime-status] [24040] Resolved module firebase-admin {"declared":true,"installed":true,"version":"13.10.0","resolution":"C:\\Users\\avadu\\OneDrive\\Desktop\\NER SAHAYAK\\functions\\node_modules\\firebase-admin\\lib\\index.js"} {"metadata":{"emulator":{"name":"functions"},"function":{"name":"us-central1-onRiskScoreUpdate"},"extension":{},"message":"[runtime-status] [24040] Resolved module firebase-admin {\"declared\":true,\"installed\":true,\"version\":\"13.10.0\",\"resolution\":\"C:\\\\Users\\\\avadu\\\\OneDrive\\\\Desktop\\\\NER SAHAYAK\\\\functions\\\\node_modules\\\\firebase-admin\\\\lib\\\\index.js\"}"}}
[debug] [2026-09-03T05:13:58.030Z] [runtime-status] [24040] Resolved module firebase-functions {"declared":true,"installed":true,"version":"6.6.0","resolution":"C:\\Users\\avadu\\OneDrive\\Desktop\\NER SAHAYAK\\functions\\node_modules\\firebase-functions\\lib\\v2\\index.js"} {"metadata":{"emulator":{"name":"functions"},"function":{"name":"us-central1-onRiskScoreUpdate"},"extension":{},"message":"[runtime-status] [24040] Resolved module firebase-functions {\"declared\":true,\"installed\":true,\"version\":\"6.6.0\",\"resolution\":\"C:\\\\Users\\\\avadu\\\\OneDrive\\\\Desktop\\\\NER SAHAYAK\\\\functions\\\\node_modules\\\\firebase-functions\\\\lib\\\\v2\\\\index.js\"}"}}
[debug] [2026-09-03T05:13:58.197Z] [runtime-status] [24040] firebase-admin has been stubbed. {"adminResolution":{"declared":true,"installed":true,"version":"13.10.0","resolution":"C:\\Users\\avadu\\OneDrive\\Desktop\\NER SAHAYAK\\functions\\node_modules\\firebase-admin\\lib\\index.js"}} {"metadata":{"emulator":{"name":"functions"},"function":{"name":"us-central1-onRiskScoreUpdate"},"extension":{},"message":"[runtime-status] [24040] firebase-admin has been stubbed. {\"adminResolution\":{\"declared\":true,\"installed\":true,\"version\":\"13.10.0\",\"resolution\":\"C:\\\\Users\\\\avadu\\\\OneDrive\\\\Desktop\\\\NER SAHAYAK\\\\functions\\\\node_modules\\\\firebase-admin\\\\lib\\\\index.js\"}}"}}
[debug] [2026-09-03T05:13:58.581Z] [runtime-status] [24040] Functions runtime initialized. {"cwd":"C:\\Users\\avadu\\OneDrive\\Desktop\\NER SAHAYAK\\functions","node_version":"26.5.1"} {"metadata":{"emulator":{"name":"functions"},"function":{"name":"us-central1-onRiskScoreUpdate"},"extension":{},"message":"[runtime-status] [24040] Functions runtime initialized. {\"cwd\":\"C:\\\\Users\\\\avadu\\\\OneDrive\\\\Desktop\\\\NER SAHAYAK\\\\functions\",\"node_version\":\"26.5.1\"}"}}
[debug] [2026-09-03T05:13:58.581Z] [runtime-status] [24040] Listening to port: \\?\pipe\fire_emu_13a2f2ab84bad8ae {"metadata":{"emulator":{"name":"functions"},"function":{"name":"us-central1-onRiskScoreUpdate"},"extension":{},"message":"[runtime-status] [24040] Listening to port: \\\\?\\pipe\\fire_emu_13a2f2ab84bad8ae"}}
[debug] [2026-09-03T05:13:58.657Z] [worker-us-central1-onRiskScoreUpdate-7d704dd2-ae07-491a-9a37-bde80d170cce]: IDLE {"metadata":{"emulator":{"name":"functions"},"function":{"name":"us-central1-onRiskScoreUpdate"},"extension":{},"message":"[worker-us-central1-onRiskScoreUpdate-7d704dd2-ae07-491a-9a37-bde80d170cce]: IDLE"}}
[debug] [2026-09-03T05:13:58.657Z] [worker-pool] submitRequest(triggerId=us-central1-onRiskScoreUpdate) {"metadata":{"emulator":{"name":"functions"},"message":"[worker-pool] submitRequest(triggerId=us-central1-onRiskScoreUpdate)"}}
[info] i  functions: Beginning execution of "us-central1-onRiskScoreUpdate" {"metadata":{"emulator":{"name":"functions"},"function":{"name":"us-central1-onRiskScoreUpdate"},"extension":{},"message":"Beginning execution of \"us-central1-onRiskScoreUpdate\""}}
[debug] [2026-09-03T05:13:58.657Z] [worker-us-central1-onRiskScoreUpdate-7d704dd2-ae07-491a-9a37-bde80d170cce]: BUSY {"metadata":{"emulator":{"name":"functions"},"function":{"name":"us-central1-onRiskScoreUpdate"},"extension":{},"message":"[worker-us-central1-onRiskScoreUpdate-7d704dd2-ae07-491a-9a37-bde80d170cce]: BUSY"}}
[debug] [2026-09-03T05:13:58.663Z] [runtime-status] [24040] RunCloudEvent {"specversion":"1.0","type":"google.cloud.firestore.document.v1.written","source":"//firestore.googleapis.com/projects/projects/demo-sih2026/databases/(default)","id":"16e96a77-eb07-46e3-9016-dfc3d54f2fff","subject":"documents/corridors/nh-27","time":"2026-09-03T05:13:56Z","datacontenttype":"application/protobuf","dataschema":"https://github.com/googleapis/google-cloudevents/blob/main/proto/google/events/cloud/firestore/v1/data.proto","location":"us-central1","project":"demo-sih2026","database":"(default)","namespace":"(default)","document":"corridors/nh-27","data":{"type":"Buffer","data":[10,129,1,10,67,112,114,111,106,101,99,116,115,47,100,101,109,111,45,115,105,104,50,48,50,54,47,100,97,116,97,98,97,115,101,115,47,40,100,101,102,97,117,108,116,41,47,100,111,99,117,109,101,110,116,115,47,99,111,114,114,105,100,111,114,115,47,110,104,45,50,55,18,30,10,12,108,97,115,116,82,101,112,111,114,116,65,116,18,14,82,12,8,148,132,228,212,6,16,128,215,213,212,1,26,12,8,148,132,228,212,6,16,144,211,145,216,1,34,12,8,148,132,228,212,6,16,144,211,145,216,1,26,0]}} {"metadata":{"emulator":{"name":"functions"},"function":{"name":"us-central1-onRiskScoreUpdate"},"extension":{},"message":"[runtime-status] [24040] RunCloudEvent {\"specversion\":\"1.0\",\"type\":\"google.cloud.firestore.document.v1.written\",\"source\":\"//firestore.googleapis.com/projects/projects/demo-sih2026/databases/(default)\",\"id\":\"16e96a77-eb07-46e3-9016-dfc3d54f2fff\",\"subject\":\"documents/corridors/nh-27\",\"time\":\"2026-09-03T05:13:56Z\",\"datacontenttype\":\"application/protobuf\",\"dataschema\":\"https://github.com/googleapis/google-cloudevents/blob/main/proto/google/events/cloud/firestore/v1/data.proto\",\"location\":\"us-central1\",\"project\":\"demo-sih2026\",\"database\":\"(default)\",\"namespace\":\"(default)\",\"document\":\"corridors/nh-27\",\"data\":{\"type\":\"Buffer\",\"data\":[10,129,1,10,67,112,114,111,106,101,99,116,115,47,100,101,109,111,45,115,105,104,50,48,50,54,47,100,97,116,97,98,97,115,101,115,47,40,100,101,102,97,117,108,116,41,47,100,111,99,117,109,101,110,116,115,47,99,111,114,114,105,100,111,114,115,47,110,104,45,50,55,18,30,10,12,108,97,115,116,82,101,112,111,114,116,65,116,18,14,82,12,8,148,132,228,212,6,16,128,215,213,212,1,26,12,8,148,132,228,212,6,16,144,211,145,216,1,34,12,8,148,132,228,212,6,16,144,211,145,216,1,26,0]}}"}}
[debug] [2026-09-03T05:13:58.669Z] Finishing up request with event=finish {"metadata":{"emulator":{"name":"functions"},"function":{"name":"us-central1-onRiskScoreUpdate"},"extension":{},"message":"Finishing up request with event=finish"}}
[info] i  functions: Finished "us-central1-onRiskScoreUpdate" in 11.7019ms {"metadata":{"emulator":{"name":"functions"},"function":{"name":"us-central1-onRiskScoreUpdate"},"extension":{},"message":"Finished \"us-central1-onRiskScoreUpdate\" in 11.7019ms"}}
[debug] [2026-09-03T05:13:58.669Z] [worker-us-central1-onRiskScoreUpdate-7d704dd2-ae07-491a-9a37-bde80d170cce]: IDLE {"metadata":{"emulator":{"name":"functions"},"function":{"name":"us-central1-onRiskScoreUpdate"},"extension":{},"message":"[worker-us-central1-onRiskScoreUpdate-7d704dd2-ae07-491a-9a37-bde80d170cce]: IDLE"}}
[debug] [2026-09-03T05:13:58.669Z] Finishing up request with event=close {"metadata":{"emulator":{"name":"functions"},"function":{"name":"us-central1-onRiskScoreUpdate"},"extension":{},"message":"Finishing up request with event=close"}}
[debug] [2026-09-03T05:13:58.670Z] [work-queue] {"queuedWork":[],"queueLength":0,"runningWork":[],"workRunningCount":0}
[debug] [2026-09-03T05:14:03.283Z] File C:\Users\avadu\OneDrive\Desktop\NER SAHAYAK\functions\verify-report.js changed, reloading triggers {"metadata":{"emulator":{"name":"functions"},"message":"File C:\\Users\\avadu\\OneDrive\\Desktop\\NER SAHAYAK\\functions\\verify-report.js changed, reloading triggers"}}
[debug] [2026-09-03T05:14:04.291Z] Validating nodejs source
[warn] !  functions: package.json indicates an outdated version of firebase-functions. Please upgrade using npm install --save firebase-functions@latest in your functions directory. 
[warn] !  functions: Please note that there will be breaking changes when you upgrade. 
[debug] [2026-09-03T05:14:05.814Z] > [functions] package.json contents: {
  "name": "ner-sahayak-functions",
  "version": "0.1.0",
  "private": true,
  "description": "Firebase Cloud Functions for NER Sahayak — milestone-2-backend.",
  "type": "module",
  "main": "src/index.ts",
  "scripts": {
    "build": "tsc --noEmit",
    "serve": "firebase emulators:start --only functions,firestore,auth",
    "test": "node --import tsx/esm --test --test-concurrency=1 test/**/*.test.ts",
    "lint": "tsc --noEmit"
  },
  "engines": {
    "node": "20"
  },
  "dependencies": {
    "firebase-admin": "^13.4.0",
    "firebase-functions": "^6.5.2",
    "zod": "^3.25.76"
  },
  "devDependencies": {
    "@firebase/rules-unit-testing": "^3.0.4",
    "tsx": "^4.20.3",
    "typescript": "^5.8.3"
  }
}
[debug] [2026-09-03T05:14:05.814Z] Building nodejs source
[debug] [2026-09-03T05:14:05.814Z] Failed to find version of module node: reached end of search path C:\Users\avadu\OneDrive\Desktop\NER SAHAYAK\functions\node_modules
[warn] !  functions: Your requested "node" version "20" doesn't match your global version "26". Using node@26 from host. 
[debug] [2026-09-03T05:14:05.815Z] Could not find functions.yaml. Must use http discovery
[debug] [2026-09-03T05:14:05.823Z] Found firebase-functions binary at 'C:\Users\avadu\OneDrive\Desktop\NER SAHAYAK\functions\node_modules\.bin\firebase-functions'
[info] Serving at port 8873

[debug] [2026-09-03T05:14:06.928Z] Got response from /__/functions.yaml {"endpoints":{"onReportCreate":{"availableMemoryMb":null,"timeoutSeconds":null,"minInstances":null,"maxInstances":null,"ingressSettings":null,"concurrency":null,"serviceAccountEmail":null,"vpc":null,"platform":"gcfv2","labels":{},"eventTrigger":{"eventType":"google.cloud.firestore.document.v1.created","eventFilters":{"database":"(default)","namespace":"(default)"},"eventFilterPathPatterns":{"document":"reports/{reportId}"},"retry":false},"entryPoint":"onReportCreate"},"onRiskScoreUpdate":{"availableMemoryMb":null,"timeoutSeconds":null,"minInstances":null,"maxInstances":null,"ingressSettings":null,"concurrency":null,"serviceAccountEmail":null,"vpc":null,"platform":"gcfv2","labels":{},"eventTrigger":{"eventType":"google.cloud.firestore.document.v1.written","eventFilters":{"database":"(default)","namespace":"(default)"},"eventFilterPathPatterns":{"document":"corridors/{corridorId}"},"retry":false},"entryPoint":"onRiskScoreUpdate"},"syncMutationQueue":{"availableMemoryMb":null,"timeoutSeconds":null,"minInstances":null,"maxInstances":null,"ingressSettings":null,"concurrency":null,"serviceAccountEmail":null,"vpc":null,"platform":"gcfv2","labels":{},"callableTrigger":{},"entryPoint":"syncMutationQueue"}},"specVersion":"v1alpha1","requiredAPIs":[],"extensions":{}}
[info] +  functions: Loaded functions definitions from source: onReportCreate, onRiskScoreUpdate, syncMutationQueue. {"metadata":{"emulator":{"name":"functions"},"message":"Loaded functions definitions from source: onReportCreate, onRiskScoreUpdate, syncMutationQueue."}}
[debug] [2026-09-03T05:14:10.004Z] [worker-pool] Shutting down IDLE worker (us-central1-onReportCreate) {"metadata":{"emulator":{"name":"functions"},"message":"[worker-pool] Shutting down IDLE worker (us-central1-onReportCreate)"}}
[debug] [2026-09-03T05:14:10.004Z] [worker-us-central1-onReportCreate-670d6cd7-1cc5-48c3-8a35-6a4a30953526]: FINISHING {"metadata":{"emulator":{"name":"functions"},"function":{"name":"us-central1-onReportCreate"},"extension":{},"message":"[worker-us-central1-onReportCreate-670d6cd7-1cc5-48c3-8a35-6a4a30953526]: FINISHING"}}
[debug] [2026-09-03T05:14:10.005Z] [worker-pool] Shutting down IDLE worker (us-central1-onRiskScoreUpdate) {"metadata":{"emulator":{"name":"functions"},"message":"[worker-pool] Shutting down IDLE worker (us-central1-onRiskScoreUpdate)"}}
[debug] [2026-09-03T05:14:10.005Z] [worker-us-central1-onRiskScoreUpdate-7d704dd2-ae07-491a-9a37-bde80d170cce]: FINISHING {"metadata":{"emulator":{"name":"functions"},"function":{"name":"us-central1-onRiskScoreUpdate"},"extension":{},"message":"[worker-us-central1-onRiskScoreUpdate-7d704dd2-ae07-491a-9a37-bde80d170cce]: FINISHING"}}
[debug] [2026-09-03T05:14:10.039Z] [worker-us-central1-onRiskScoreUpdate-7d704dd2-ae07-491a-9a37-bde80d170cce]: exited {"metadata":{"emulator":{"name":"functions"},"function":{"name":"us-central1-onRiskScoreUpdate"},"extension":{},"message":"[worker-us-central1-onRiskScoreUpdate-7d704dd2-ae07-491a-9a37-bde80d170cce]: exited"}}
[debug] [2026-09-03T05:14:10.039Z] [worker-us-central1-onRiskScoreUpdate-7d704dd2-ae07-491a-9a37-bde80d170cce]: FINISHED {"metadata":{"emulator":{"name":"functions"},"function":{"name":"us-central1-onRiskScoreUpdate"},"extension":{},"message":"[worker-us-central1-onRiskScoreUpdate-7d704dd2-ae07-491a-9a37-bde80d170cce]: FINISHED"}}
[debug] [2026-09-03T05:14:10.040Z] [worker-us-central1-onReportCreate-670d6cd7-1cc5-48c3-8a35-6a4a30953526]: exited {"metadata":{"emulator":{"name":"functions"},"function":{"name":"us-central1-onReportCreate"},"extension":{},"message":"[worker-us-central1-onReportCreate-670d6cd7-1cc5-48c3-8a35-6a4a30953526]: exited"}}
[debug] [2026-09-03T05:14:10.040Z] [worker-us-central1-onReportCreate-670d6cd7-1cc5-48c3-8a35-6a4a30953526]: FINISHED {"metadata":{"emulator":{"name":"functions"},"function":{"name":"us-central1-onReportCreate"},"extension":{},"message":"[worker-us-central1-onReportCreate-670d6cd7-1cc5-48c3-8a35-6a4a30953526]: FINISHED"}}
[debug] [2026-09-03T05:14:10.059Z] Sept 03, 2026 10:44:10 AM io.netty.channel.DefaultChannelPipeline onUnhandledInboundException
WARNING: An exceptionCaught() event was fired, and it reached at the tail of the pipeline. It usually means the last handler in the pipeline did not handle the exception.
java.net.SocketException: Connection reset
	at java.base/sun.nio.ch.SocketChannelImpl.throwConnectionReset(SocketChannelImpl.java:401)
	at java.base/sun.nio.ch.SocketChannelImpl.read(SocketChannelImpl.java:434)
	at io.netty.buffer.PooledByteBuf.setBytes(PooledByteBuf.java:255)
	at io.netty.buffer.AbstractByteBuf.writeBytes(AbstractByteBuf.java:1132)
	at io.netty.channel.socket.nio.NioSocketChannel.doReadBytes(NioSocketChannel.java:356)
	at io.netty.channel.nio.AbstractNioByteChannel$NioByteUnsafe.read(AbstractNioByteChannel.java:156)
	at io.netty.channel.nio.NioEventLoop.processSelectedKey(NioEventLoop.java:796)
	at io.netty.channel.nio.NioEventLoop.processSelectedKeysOptimized(NioEventLoop.java:732)
	at io.netty.channel.nio.NioEventLoop.processSelectedKeys(NioEventLoop.java:658)
	at io.netty.channel.nio.NioEventLoop.run(NioEventLoop.java:562)
	at io.netty.util.concurrent.SingleThreadEventExecutor$4.run(SingleThreadEventExecutor.java:998)
	at io.netty.util.internal.ThreadExecutorMap$2.run(ThreadExecutorMap.java:74)
	at io.netty.util.concurrent.FastThreadLocalRunnable.run(FastThreadLocalRunnable.java:30)
	at java.base/java.lang.Thread.run(Thread.java:1583)

 {"metadata":{"emulator":{"name":"firestore"},"message":"Sept 03, 2026 10:44:10 AM io.netty.channel.DefaultChannelPipeline onUnhandledInboundException\r\nWARNING: An exceptionCaught() event was fired, and it reached at the tail of the pipeline. It usually means the last handler in the pipeline did not handle the exception.\r\njava.net.SocketException: Connection reset\r\n\tat java.base/sun.nio.ch.SocketChannelImpl.throwConnectionReset(SocketChannelImpl.java:401)\r\n\tat java.base/sun.nio.ch.SocketChannelImpl.read(SocketChannelImpl.java:434)\r\n\tat io.netty.buffer.PooledByteBuf.setBytes(PooledByteBuf.java:255)\r\n\tat io.netty.buffer.AbstractByteBuf.writeBytes(AbstractByteBuf.java:1132)\r\n\tat io.netty.channel.socket.nio.NioSocketChannel.doReadBytes(NioSocketChannel.java:356)\r\n\tat io.netty.channel.nio.AbstractNioByteChannel$NioByteUnsafe.read(AbstractNioByteChannel.java:156)\r\n\tat io.netty.channel.nio.NioEventLoop.processSelectedKey(NioEventLoop.java:796)\r\n\tat io.netty.channel.nio.NioEventLoop.processSelectedKeysOptimized(NioEventLoop.java:732)\r\n\tat io.netty.channel.nio.NioEventLoop.processSelectedKeys(NioEventLoop.java:658)\r\n\tat io.netty.channel.nio.NioEventLoop.run(NioEventLoop.java:562)\r\n\tat io.netty.util.concurrent.SingleThreadEventExecutor$4.run(SingleThreadEventExecutor.java:998)\r\n\tat io.netty.util.internal.ThreadExecutorMap$2.run(ThreadExecutorMap.java:74)\r\n\tat io.netty.util.concurrent.FastThreadLocalRunnable.run(FastThreadLocalRunnable.java:30)\r\n\tat java.base/java.lang.Thread.run(Thread.java:1583)\r\n\r\n"}}
[debug] [2026-09-03T05:14:16.813Z] Sept 03, 2026 10:44:16 AM io.gapi.emulators.netty.HttpVersionRoutingHandler channelRead
INFO: Detected HTTP/2 connection.
 {"metadata":{"emulator":{"name":"firestore"},"message":"Sept 03, 2026 10:44:16 AM io.gapi.emulators.netty.HttpVersionRoutingHandler channelRead\r\nINFO: Detected HTTP/2 connection.\r\n"}}
[debug] [2026-09-03T05:54:52.986Z] Sept 03, 2026 11:24:52 AM io.gapi.emulators.netty.HttpVersionRoutingHandler channelRead
INFO: Detected HTTP/2 connection.
 {"metadata":{"emulator":{"name":"firestore"},"message":"Sept 03, 2026 11:24:52 AM io.gapi.emulators.netty.HttpVersionRoutingHandler channelRead\r\nINFO: Detected HTTP/2 connection.\r\n"}}
[debug] [2026-09-03T05:54:53.051Z] [work-queue] {"queuedWork":["/functions/projects/demo-sih2026/triggers/us-central1-onReportCreate-0-2026-09-03T05:54:53.050Z"],"queueLength":1,"runningWork":[],"workRunningCount":0}
[debug] [2026-09-03T05:54:53.051Z] [work-queue] {"queuedWork":[],"queueLength":0,"runningWork":["/functions/projects/demo-sih2026/triggers/us-central1-onReportCreate-0-2026-09-03T05:54:53.050Z"],"workRunningCount":1}
[debug] [2026-09-03T05:54:53.052Z] Accepted request POST /functions/projects/demo-sih2026/triggers/us-central1-onReportCreate-0 --> us-central1-onReportCreate-0
[debug] [2026-09-03T05:54:53.100Z] [functions] Runtime ready! Sending request! {"metadata":{"emulator":{"name":"functions"},"message":"[functions] Runtime ready! Sending request!"}}
[debug] [2026-09-03T05:54:53.100Z] [functions] Got req.url=/functions/projects/demo-sih2026/triggers/us-central1-onReportCreate-0, mapping to path=/functions/projects/ {"metadata":{"emulator":{"name":"functions"},"message":"[functions] Got req.url=/functions/projects/demo-sih2026/triggers/us-central1-onReportCreate-0, mapping to path=/functions/projects/"}}
[debug] [2026-09-03T05:54:53.101Z] [worker-pool] Cleaned up workers for us-central1-onReportCreate: 1 --> 0 {"metadata":{"emulator":{"name":"functions"},"message":"[worker-pool] Cleaned up workers for us-central1-onReportCreate: 1 --> 0"}}
[debug] [2026-09-03T05:54:53.101Z] [worker-pool] Cleaned up workers for us-central1-onRiskScoreUpdate: 1 --> 0 {"metadata":{"emulator":{"name":"functions"},"message":"[worker-pool] Cleaned up workers for us-central1-onRiskScoreUpdate: 1 --> 0"}}
[debug] [2026-09-03T05:54:53.114Z] [worker-pool] addWorker(us-central1-onReportCreate) {"metadata":{"emulator":{"name":"functions"},"message":"[worker-pool] addWorker(us-central1-onReportCreate)"}}
[debug] [2026-09-03T05:54:53.115Z] [worker-pool] Adding worker with key us-central1-onReportCreate, total=1 {"metadata":{"emulator":{"name":"functions"},"message":"[worker-pool] Adding worker with key us-central1-onReportCreate, total=1"}}
[debug] [2026-09-03T05:54:55.208Z] [runtime-status] [26180] Resolved module firebase-admin {"declared":true,"installed":true,"version":"13.10.0","resolution":"C:\\Users\\avadu\\OneDrive\\Desktop\\NER SAHAYAK\\functions\\node_modules\\firebase-admin\\lib\\index.js"} {"metadata":{"emulator":{"name":"functions"},"function":{"name":"us-central1-onReportCreate"},"extension":{},"message":"[runtime-status] [26180] Resolved module firebase-admin {\"declared\":true,\"installed\":true,\"version\":\"13.10.0\",\"resolution\":\"C:\\\\Users\\\\avadu\\\\OneDrive\\\\Desktop\\\\NER SAHAYAK\\\\functions\\\\node_modules\\\\firebase-admin\\\\lib\\\\index.js\"}"}}
[debug] [2026-09-03T05:54:55.211Z] [runtime-status] [26180] Resolved module firebase-functions {"declared":true,"installed":true,"version":"6.6.0","resolution":"C:\\Users\\avadu\\OneDrive\\Desktop\\NER SAHAYAK\\functions\\node_modules\\firebase-functions\\lib\\v2\\index.js"} {"metadata":{"emulator":{"name":"functions"},"function":{"name":"us-central1-onReportCreate"},"extension":{},"message":"[runtime-status] [26180] Resolved module firebase-functions {\"declared\":true,\"installed\":true,\"version\":\"6.6.0\",\"resolution\":\"C:\\\\Users\\\\avadu\\\\OneDrive\\\\Desktop\\\\NER SAHAYAK\\\\functions\\\\node_modules\\\\firebase-functions\\\\lib\\\\v2\\\\index.js\"}"}}
[debug] [2026-09-03T05:54:55.211Z] [runtime-status] [26180] Outgoing network have been stubbed. [{"name":"http","status":"mocked"},{"name":"http","status":"mocked"},{"name":"https","status":"mocked"},{"name":"https","status":"mocked"},{"name":"net","status":"mocked"}] {"metadata":{"emulator":{"name":"functions"},"function":{"name":"us-central1-onReportCreate"},"extension":{},"message":"[runtime-status] [26180] Outgoing network have been stubbed. [{\"name\":\"http\",\"status\":\"mocked\"},{\"name\":\"http\",\"status\":\"mocked\"},{\"name\":\"https\",\"status\":\"mocked\"},{\"name\":\"https\",\"status\":\"mocked\"},{\"name\":\"net\",\"status\":\"mocked\"}]"}}
[debug] [2026-09-03T05:54:55.212Z] [runtime-status] [26180] Resolved module firebase-functions {"declared":true,"installed":true,"version":"6.6.0","resolution":"C:\\Users\\avadu\\OneDrive\\Desktop\\NER SAHAYAK\\functions\\node_modules\\firebase-functions\\lib\\v2\\index.js"} {"metadata":{"emulator":{"name":"functions"},"function":{"name":"us-central1-onReportCreate"},"extension":{},"message":"[runtime-status] [26180] Resolved module firebase-functions {\"declared\":true,\"installed\":true,\"version\":\"6.6.0\",\"resolution\":\"C:\\\\Users\\\\avadu\\\\OneDrive\\\\Desktop\\\\NER SAHAYAK\\\\functions\\\\node_modules\\\\firebase-functions\\\\lib\\\\v2\\\\index.js\"}"}}
[debug] [2026-09-03T05:54:55.645Z] [runtime-status] [26180] Resolved module firebase-admin {"declared":true,"installed":true,"version":"13.10.0","resolution":"C:\\Users\\avadu\\OneDrive\\Desktop\\NER SAHAYAK\\functions\\node_modules\\firebase-admin\\lib\\index.js"} {"metadata":{"emulator":{"name":"functions"},"function":{"name":"us-central1-onReportCreate"},"extension":{},"message":"[runtime-status] [26180] Resolved module firebase-admin {\"declared\":true,\"installed\":true,\"version\":\"13.10.0\",\"resolution\":\"C:\\\\Users\\\\avadu\\\\OneDrive\\\\Desktop\\\\NER SAHAYAK\\\\functions\\\\node_modules\\\\firebase-admin\\\\lib\\\\index.js\"}"}}
[debug] [2026-09-03T05:54:55.649Z] [runtime-status] [26180] Resolved module firebase-functions {"declared":true,"installed":true,"version":"6.6.0","resolution":"C:\\Users\\avadu\\OneDrive\\Desktop\\NER SAHAYAK\\functions\\node_modules\\firebase-functions\\lib\\v2\\index.js"} {"metadata":{"emulator":{"name":"functions"},"function":{"name":"us-central1-onReportCreate"},"extension":{},"message":"[runtime-status] [26180] Resolved module firebase-functions {\"declared\":true,\"installed\":true,\"version\":\"6.6.0\",\"resolution\":\"C:\\\\Users\\\\avadu\\\\OneDrive\\\\Desktop\\\\NER SAHAYAK\\\\functions\\\\node_modules\\\\firebase-functions\\\\lib\\\\v2\\\\index.js\"}"}}
[debug] [2026-09-03T05:54:55.912Z] [runtime-status] [26180] firebase-admin has been stubbed. {"adminResolution":{"declared":true,"installed":true,"version":"13.10.0","resolution":"C:\\Users\\avadu\\OneDrive\\Desktop\\NER SAHAYAK\\functions\\node_modules\\firebase-admin\\lib\\index.js"}} {"metadata":{"emulator":{"name":"functions"},"function":{"name":"us-central1-onReportCreate"},"extension":{},"message":"[runtime-status] [26180] firebase-admin has been stubbed. {\"adminResolution\":{\"declared\":true,\"installed\":true,\"version\":\"13.10.0\",\"resolution\":\"C:\\\\Users\\\\avadu\\\\OneDrive\\\\Desktop\\\\NER SAHAYAK\\\\functions\\\\node_modules\\\\firebase-admin\\\\lib\\\\index.js\"}}"}}
[debug] [2026-09-03T05:54:56.362Z] [runtime-status] [26180] Functions runtime initialized. {"cwd":"C:\\Users\\avadu\\OneDrive\\Desktop\\NER SAHAYAK\\functions","node_version":"26.5.1"} {"metadata":{"emulator":{"name":"functions"},"function":{"name":"us-central1-onReportCreate"},"extension":{},"message":"[runtime-status] [26180] Functions runtime initialized. {\"cwd\":\"C:\\\\Users\\\\avadu\\\\OneDrive\\\\Desktop\\\\NER SAHAYAK\\\\functions\",\"node_version\":\"26.5.1\"}"}}
[debug] [2026-09-03T05:54:56.362Z] [runtime-status] [26180] Listening to port: \\?\pipe\fire_emu_6e1aeaf2e2aae978 {"metadata":{"emulator":{"name":"functions"},"function":{"name":"us-central1-onReportCreate"},"extension":{},"message":"[runtime-status] [26180] Listening to port: \\\\?\\pipe\\fire_emu_6e1aeaf2e2aae978"}}
[debug] [2026-09-03T05:54:56.397Z] [worker-us-central1-onReportCreate-9442a4f0-23ca-41ef-a06c-d735ee7688c6]: IDLE {"metadata":{"emulator":{"name":"functions"},"function":{"name":"us-central1-onReportCreate"},"extension":{},"message":"[worker-us-central1-onReportCreate-9442a4f0-23ca-41ef-a06c-d735ee7688c6]: IDLE"}}
[debug] [2026-09-03T05:54:56.398Z] [worker-pool] submitRequest(triggerId=us-central1-onReportCreate) {"metadata":{"emulator":{"name":"functions"},"message":"[worker-pool] submitRequest(triggerId=us-central1-onReportCreate)"}}
[info] i  functions: Beginning execution of "us-central1-onReportCreate" {"metadata":{"emulator":{"name":"functions"},"function":{"name":"us-central1-onReportCreate"},"extension":{},"message":"Beginning execution of \"us-central1-onReportCreate\""}}
[debug] [2026-09-03T05:54:56.398Z] [worker-us-central1-onReportCreate-9442a4f0-23ca-41ef-a06c-d735ee7688c6]: BUSY {"metadata":{"emulator":{"name":"functions"},"function":{"name":"us-central1-onReportCreate"},"extension":{},"message":"[worker-us-central1-onReportCreate-9442a4f0-23ca-41ef-a06c-d735ee7688c6]: BUSY"}}
[debug] [2026-09-03T05:54:56.404Z] [runtime-status] [26180] RunCloudEvent {"specversion":"1.0","type":"google.cloud.firestore.document.v1.created","source":"//firestore.googleapis.com/projects/projects/demo-sih2026/databases/(default)","id":"bc8a6561-919b-4c06-90f4-bee7d5a8d10d","subject":"documents/reports/f07af6f3-5997-48bf-95e7-a42525e7e30e","time":"2026-09-03T05:54:53Z","datacontenttype":"application/protobuf","dataschema":"https://github.com/googleapis/google-cloudevents/blob/main/proto/google/events/cloud/firestore/v1/data.proto","location":"us-central1","project":"demo-sih2026","database":"(default)","namespace":"(default)","document":"reports/f07af6f3-5997-48bf-95e7-a42525e7e30e","data":{"type":"Buffer","data":[10,153,4,10,96,112,114,111,106,101,99,116,115,47,100,101,109,111,45,115,105,104,50,48,50,54,47,100,97,116,97,98,97,115,101,115,47,40,100,101,102,97,117,108,116,41,47,100,111,99,117,109,101,110,116,115,47,114,101,112,111,114,116,115,47,102,48,55,97,102,54,102,51,45,53,57,57,55,45,52,56,98,102,45,57,53,101,55,45,97,52,50,53,50,53,101,55,101,51,48,101,18,45,10,2,105,100,18,39,138,1,36,102,48,55,97,102,54,102,51,45,53,57,57,55,45,52,56,98,102,45,57,53,101,55,45,97,52,50,53,50,53,101,55,101,51,48,101,18,20,10,4,116,121,112,101,18,12,138,1,9,108,97,110,100,115,108,105,100,101,18,14,10,8,115,101,118,101,114,105,116,121,18,2,16,5,18,63,10,11,100,101,115,99,114,105,112,116,105,111,110,18,48,138,1,45,77,97,115,115,105,118,101,32,108,97,110,100,115,108,105,100,101,32,98,108,111,99,107,105,110,103,32,78,72,45,50,55,32,110,101,97,114,32,72,97,102,108,111,110,103,18,19,10,7,103,101,111,104,97,115,104,18,8,138,1,5,119,104,57,99,119,18,22,10,10,99,111,114,114,105,100,111,114,73,100,18,8,138,1,5,110,104,45,50,55,18,16,10,3,108,97,116,18,9,25,33,176,114,104,145,45,57,64,18,16,10,3,108,110,103,18,9,25,254,212,120,233,38,65,87,64,18,28,10,10,114,101,112,111,114,116,101,114,73,100,18,14,138,1,11,99,105,116,105,122,101,110,45,49,50,51,18,24,10,6,115,116,97,116,117,115,18,14,138,1,11,117,110,99,111,110,102,105,114,109,101,100,18,40,10,9,99,114,101,97,116,101,100,65,116,18,27,138,1,24,50,48,50,54,45,48,57,45,48,51,84,48,53,58,53,52,58,53,50,46,56,50,52,90,18,46,10,15,99,108,105,101,110,116,67,114,101,97,116,101,100,65,116,18,27,138,1,24,50,48,50,54,45,48,57,45,48,51,84,48,53,58,53,52,58,53,50,46,56,50,53,90,18,34,10,16,115,101,114,118,101,114,82,101,99,101,105,118,101,100,65,116,18,14,82,12,8,172,151,228,212,6,16,192,128,178,137,3,26,11,8,173,151,228,212,6,16,152,153,200,14,34,11,8,173,151,228,212,6,16,152,153,200,14,26,0]}} {"metadata":{"emulator":{"name":"functions"},"function":{"name":"us-central1-onReportCreate"},"extension":{},"message":"[runtime-status] [26180] RunCloudEvent {\"specversion\":\"1.0\",\"type\":\"google.cloud.firestore.document.v1.created\",\"source\":\"//firestore.googleapis.com/projects/projects/demo-sih2026/databases/(default)\",\"id\":\"bc8a6561-919b-4c06-90f4-bee7d5a8d10d\",\"subject\":\"documents/reports/f07af6f3-5997-48bf-95e7-a42525e7e30e\",\"time\":\"2026-09-03T05:54:53Z\",\"datacontenttype\":\"application/protobuf\",\"dataschema\":\"https://github.com/googleapis/google-cloudevents/blob/main/proto/google/events/cloud/firestore/v1/data.proto\",\"location\":\"us-central1\",\"project\":\"demo-sih2026\",\"database\":\"(default)\",\"namespace\":\"(default)\",\"document\":\"reports/f07af6f3-5997-48bf-95e7-a42525e7e30e\",\"data\":{\"type\":\"Buffer\",\"data\":[10,153,4,10,96,112,114,111,106,101,99,116,115,47,100,101,109,111,45,115,105,104,50,48,50,54,47,100,97,116,97,98,97,115,101,115,47,40,100,101,102,97,117,108,116,41,47,100,111,99,117,109,101,110,116,115,47,114,101,112,111,114,116,115,47,102,48,55,97,102,54,102,51,45,53,57,57,55,45,52,56,98,102,45,57,53,101,55,45,97,52,50,53,50,53,101,55,101,51,48,101,18,45,10,2,105,100,18,39,138,1,36,102,48,55,97,102,54,102,51,45,53,57,57,55,45,52,56,98,102,45,57,53,101,55,45,97,52,50,53,50,53,101,55,101,51,48,101,18,20,10,4,116,121,112,101,18,12,138,1,9,108,97,110,100,115,108,105,100,101,18,14,10,8,115,101,118,101,114,105,116,121,18,2,16,5,18,63,10,11,100,101,115,99,114,105,112,116,105,111,110,18,48,138,1,45,77,97,115,115,105,118,101,32,108,97,110,100,115,108,105,100,101,32,98,108,111,99,107,105,110,103,32,78,72,45,50,55,32,110,101,97,114,32,72,97,102,108,111,110,103,18,19,10,7,103,101,111,104,97,115,104,18,8,138,1,5,119,104,57,99,119,18,22,10,10,99,111,114,114,105,100,111,114,73,100,18,8,138,1,5,110,104,45,50,55,18,16,10,3,108,97,116,18,9,25,33,176,114,104,145,45,57,64,18,16,10,3,108,110,103,18,9,25,254,212,120,233,38,65,87,64,18,28,10,10,114,101,112,111,114,116,101,114,73,100,18,14,138,1,11,99,105,116,105,122,101,110,45,49,50,51,18,24,10,6,115,116,97,116,117,115,18,14,138,1,11,117,110,99,111,110,102,105,114,109,101,100,18,40,10,9,99,114,101,97,116,101,100,65,116,18,27,138,1,24,50,48,50,54,45,48,57,45,48,51,84,48,53,58,53,52,58,53,50,46,56,50,52,90,18,46,10,15,99,108,105,101,110,116,67,114,101,97,116,101,100,65,116,18,27,138,1,24,50,48,50,54,45,48,57,45,48,51,84,48,53,58,53,52,58,53,50,46,56,50,53,90,18,34,10,16,115,101,114,118,101,114,82,101,99,101,105,118,101,100,65,116,18,14,82,12,8,172,151,228,212,6,16,192,128,178,137,3,26,11,8,173,151,228,212,6,16,152,153,200,14,34,11,8,173,151,228,212,6,16,152,153,200,14,26,0]}}"}}
[debug] [2026-09-03T05:54:56.526Z] Sept 03, 2026 11:24:56 AM io.gapi.emulators.netty.HttpVersionRoutingHandler channelRead
INFO: Detected HTTP/2 connection.
 {"metadata":{"emulator":{"name":"firestore"},"message":"Sept 03, 2026 11:24:56 AM io.gapi.emulators.netty.HttpVersionRoutingHandler channelRead\r\nINFO: Detected HTTP/2 connection.\r\n"}}
[debug] [2026-09-03T05:54:56.600Z] Finishing up request with event=finish {"metadata":{"emulator":{"name":"functions"},"function":{"name":"us-central1-onReportCreate"},"extension":{},"message":"Finishing up request with event=finish"}}
[info] i  functions: Finished "us-central1-onReportCreate" in 202.2793ms {"metadata":{"emulator":{"name":"functions"},"function":{"name":"us-central1-onReportCreate"},"extension":{},"message":"Finished \"us-central1-onReportCreate\" in 202.2793ms"}}
[debug] [2026-09-03T05:54:56.601Z] [worker-us-central1-onReportCreate-9442a4f0-23ca-41ef-a06c-d735ee7688c6]: IDLE {"metadata":{"emulator":{"name":"functions"},"function":{"name":"us-central1-onReportCreate"},"extension":{},"message":"[worker-us-central1-onReportCreate-9442a4f0-23ca-41ef-a06c-d735ee7688c6]: IDLE"}}
[debug] [2026-09-03T05:54:56.601Z] Finishing up request with event=close {"metadata":{"emulator":{"name":"functions"},"function":{"name":"us-central1-onReportCreate"},"extension":{},"message":"Finishing up request with event=close"}}
[debug] [2026-09-03T05:54:56.601Z] [work-queue] {"queuedWork":[],"queueLength":0,"runningWork":[],"workRunningCount":0}
[debug] [2026-09-03T05:54:56.614Z] [work-queue] {"queuedWork":["/functions/projects/demo-sih2026/triggers/us-central1-onRiskScoreUpdate-0-2026-09-03T05:54:56.614Z"],"queueLength":1,"runningWork":[],"workRunningCount":0}
[debug] [2026-09-03T05:54:56.614Z] [work-queue] {"queuedWork":[],"queueLength":0,"runningWork":["/functions/projects/demo-sih2026/triggers/us-central1-onRiskScoreUpdate-0-2026-09-03T05:54:56.614Z"],"workRunningCount":1}
[debug] [2026-09-03T05:54:56.615Z] Accepted request POST /functions/projects/demo-sih2026/triggers/us-central1-onRiskScoreUpdate-0 --> us-central1-onRiskScoreUpdate-0
[debug] [2026-09-03T05:54:56.616Z] [functions] Runtime ready! Sending request! {"metadata":{"emulator":{"name":"functions"},"message":"[functions] Runtime ready! Sending request!"}}
[debug] [2026-09-03T05:54:56.616Z] [functions] Got req.url=/functions/projects/demo-sih2026/triggers/us-central1-onRiskScoreUpdate-0, mapping to path=/functions/projects/ {"metadata":{"emulator":{"name":"functions"},"message":"[functions] Got req.url=/functions/projects/demo-sih2026/triggers/us-central1-onRiskScoreUpdate-0, mapping to path=/functions/projects/"}}
[debug] [2026-09-03T05:54:56.625Z] [worker-pool] addWorker(us-central1-onRiskScoreUpdate) {"metadata":{"emulator":{"name":"functions"},"message":"[worker-pool] addWorker(us-central1-onRiskScoreUpdate)"}}
[debug] [2026-09-03T05:54:56.625Z] [worker-pool] Adding worker with key us-central1-onRiskScoreUpdate, total=1 {"metadata":{"emulator":{"name":"functions"},"message":"[worker-pool] Adding worker with key us-central1-onRiskScoreUpdate, total=1"}}
[debug] [2026-09-03T05:54:57.950Z] [runtime-status] [8096] Resolved module firebase-admin {"declared":true,"installed":true,"version":"13.10.0","resolution":"C:\\Users\\avadu\\OneDrive\\Desktop\\NER SAHAYAK\\functions\\node_modules\\firebase-admin\\lib\\index.js"} {"metadata":{"emulator":{"name":"functions"},"function":{"name":"us-central1-onRiskScoreUpdate"},"extension":{},"message":"[runtime-status] [8096] Resolved module firebase-admin {\"declared\":true,\"installed\":true,\"version\":\"13.10.0\",\"resolution\":\"C:\\\\Users\\\\avadu\\\\OneDrive\\\\Desktop\\\\NER SAHAYAK\\\\functions\\\\node_modules\\\\firebase-admin\\\\lib\\\\index.js\"}"}}
[debug] [2026-09-03T05:54:57.952Z] [runtime-status] [8096] Resolved module firebase-functions {"declared":true,"installed":true,"version":"6.6.0","resolution":"C:\\Users\\avadu\\OneDrive\\Desktop\\NER SAHAYAK\\functions\\node_modules\\firebase-functions\\lib\\v2\\index.js"} {"metadata":{"emulator":{"name":"functions"},"function":{"name":"us-central1-onRiskScoreUpdate"},"extension":{},"message":"[runtime-status] [8096] Resolved module firebase-functions {\"declared\":true,\"installed\":true,\"version\":\"6.6.0\",\"resolution\":\"C:\\\\Users\\\\avadu\\\\OneDrive\\\\Desktop\\\\NER SAHAYAK\\\\functions\\\\node_modules\\\\firebase-functions\\\\lib\\\\v2\\\\index.js\"}"}}
[debug] [2026-09-03T05:54:57.952Z] [runtime-status] [8096] Outgoing network have been stubbed. [{"name":"http","status":"mocked"},{"name":"http","status":"mocked"},{"name":"https","status":"mocked"},{"name":"https","status":"mocked"},{"name":"net","status":"mocked"}] {"metadata":{"emulator":{"name":"functions"},"function":{"name":"us-central1-onRiskScoreUpdate"},"extension":{},"message":"[runtime-status] [8096] Outgoing network have been stubbed. [{\"name\":\"http\",\"status\":\"mocked\"},{\"name\":\"http\",\"status\":\"mocked\"},{\"name\":\"https\",\"status\":\"mocked\"},{\"name\":\"https\",\"status\":\"mocked\"},{\"name\":\"net\",\"status\":\"mocked\"}]"}}
[debug] [2026-09-03T05:54:57.953Z] [runtime-status] [8096] Resolved module firebase-functions {"declared":true,"installed":true,"version":"6.6.0","resolution":"C:\\Users\\avadu\\OneDrive\\Desktop\\NER SAHAYAK\\functions\\node_modules\\firebase-functions\\lib\\v2\\index.js"} {"metadata":{"emulator":{"name":"functions"},"function":{"name":"us-central1-onRiskScoreUpdate"},"extension":{},"message":"[runtime-status] [8096] Resolved module firebase-functions {\"declared\":true,\"installed\":true,\"version\":\"6.6.0\",\"resolution\":\"C:\\\\Users\\\\avadu\\\\OneDrive\\\\Desktop\\\\NER SAHAYAK\\\\functions\\\\node_modules\\\\firebase-functions\\\\lib\\\\v2\\\\index.js\"}"}}
[debug] [2026-09-03T05:54:58.244Z] [runtime-status] [8096] Resolved module firebase-admin {"declared":true,"installed":true,"version":"13.10.0","resolution":"C:\\Users\\avadu\\OneDrive\\Desktop\\NER SAHAYAK\\functions\\node_modules\\firebase-admin\\lib\\index.js"} {"metadata":{"emulator":{"name":"functions"},"function":{"name":"us-central1-onRiskScoreUpdate"},"extension":{},"message":"[runtime-status] [8096] Resolved module firebase-admin {\"declared\":true,\"installed\":true,\"version\":\"13.10.0\",\"resolution\":\"C:\\\\Users\\\\avadu\\\\OneDrive\\\\Desktop\\\\NER SAHAYAK\\\\functions\\\\node_modules\\\\firebase-admin\\\\lib\\\\index.js\"}"}}
[debug] [2026-09-03T05:54:58.247Z] [runtime-status] [8096] Resolved module firebase-functions {"declared":true,"installed":true,"version":"6.6.0","resolution":"C:\\Users\\avadu\\OneDrive\\Desktop\\NER SAHAYAK\\functions\\node_modules\\firebase-functions\\lib\\v2\\index.js"} {"metadata":{"emulator":{"name":"functions"},"function":{"name":"us-central1-onRiskScoreUpdate"},"extension":{},"message":"[runtime-status] [8096] Resolved module firebase-functions {\"declared\":true,\"installed\":true,\"version\":\"6.6.0\",\"resolution\":\"C:\\\\Users\\\\avadu\\\\OneDrive\\\\Desktop\\\\NER SAHAYAK\\\\functions\\\\node_modules\\\\firebase-functions\\\\lib\\\\v2\\\\index.js\"}"}}
[debug] [2026-09-03T05:54:58.433Z] [runtime-status] [8096] firebase-admin has been stubbed. {"adminResolution":{"declared":true,"installed":true,"version":"13.10.0","resolution":"C:\\Users\\avadu\\OneDrive\\Desktop\\NER SAHAYAK\\functions\\node_modules\\firebase-admin\\lib\\index.js"}} {"metadata":{"emulator":{"name":"functions"},"function":{"name":"us-central1-onRiskScoreUpdate"},"extension":{},"message":"[runtime-status] [8096] firebase-admin has been stubbed. {\"adminResolution\":{\"declared\":true,\"installed\":true,\"version\":\"13.10.0\",\"resolution\":\"C:\\\\Users\\\\avadu\\\\OneDrive\\\\Desktop\\\\NER SAHAYAK\\\\functions\\\\node_modules\\\\firebase-admin\\\\lib\\\\index.js\"}}"}}
[debug] [2026-09-03T05:54:58.839Z] [runtime-status] [8096] Functions runtime initialized. {"cwd":"C:\\Users\\avadu\\OneDrive\\Desktop\\NER SAHAYAK\\functions","node_version":"26.5.1"} {"metadata":{"emulator":{"name":"functions"},"function":{"name":"us-central1-onRiskScoreUpdate"},"extension":{},"message":"[runtime-status] [8096] Functions runtime initialized. {\"cwd\":\"C:\\\\Users\\\\avadu\\\\OneDrive\\\\Desktop\\\\NER SAHAYAK\\\\functions\",\"node_version\":\"26.5.1\"}"}}
[debug] [2026-09-03T05:54:58.840Z] [runtime-status] [8096] Listening to port: \\?\pipe\fire_emu_3fbf15541968bc05 {"metadata":{"emulator":{"name":"functions"},"function":{"name":"us-central1-onRiskScoreUpdate"},"extension":{},"message":"[runtime-status] [8096] Listening to port: \\\\?\\pipe\\fire_emu_3fbf15541968bc05"}}
[debug] [2026-09-03T05:54:58.897Z] [worker-us-central1-onRiskScoreUpdate-3f48ddfd-8730-4869-a2fe-a61251abccff]: IDLE {"metadata":{"emulator":{"name":"functions"},"function":{"name":"us-central1-onRiskScoreUpdate"},"extension":{},"message":"[worker-us-central1-onRiskScoreUpdate-3f48ddfd-8730-4869-a2fe-a61251abccff]: IDLE"}}
[debug] [2026-09-03T05:54:58.897Z] [worker-pool] submitRequest(triggerId=us-central1-onRiskScoreUpdate) {"metadata":{"emulator":{"name":"functions"},"message":"[worker-pool] submitRequest(triggerId=us-central1-onRiskScoreUpdate)"}}
[info] i  functions: Beginning execution of "us-central1-onRiskScoreUpdate" {"metadata":{"emulator":{"name":"functions"},"function":{"name":"us-central1-onRiskScoreUpdate"},"extension":{},"message":"Beginning execution of \"us-central1-onRiskScoreUpdate\""}}
[debug] [2026-09-03T05:54:58.897Z] [worker-us-central1-onRiskScoreUpdate-3f48ddfd-8730-4869-a2fe-a61251abccff]: BUSY {"metadata":{"emulator":{"name":"functions"},"function":{"name":"us-central1-onRiskScoreUpdate"},"extension":{},"message":"[worker-us-central1-onRiskScoreUpdate-3f48ddfd-8730-4869-a2fe-a61251abccff]: BUSY"}}
[debug] [2026-09-03T05:54:58.902Z] [runtime-status] [8096] RunCloudEvent {"specversion":"1.0","type":"google.cloud.firestore.document.v1.written","source":"//firestore.googleapis.com/projects/projects/demo-sih2026/databases/(default)","id":"6c10090d-9d1d-4616-92c4-55cba920e8c2","subject":"documents/corridors/nh-27","time":"2026-09-03T05:54:56Z","datacontenttype":"application/protobuf","dataschema":"https://github.com/googleapis/google-cloudevents/blob/main/proto/google/events/cloud/firestore/v1/data.proto","location":"us-central1","project":"demo-sih2026","database":"(default)","namespace":"(default)","document":"corridors/nh-27","data":{"type":"Buffer","data":[10,129,1,10,67,112,114,111,106,101,99,116,115,47,100,101,109,111,45,115,105,104,50,48,50,54,47,100,97,116,97,98,97,115,101,115,47,40,100,101,102,97,117,108,116,41,47,100,111,99,117,109,101,110,116,115,47,99,111,114,114,105,100,111,114,115,47,110,104,45,50,55,18,30,10,12,108,97,115,116,82,101,112,111,114,116,65,116,18,14,82,12,8,176,151,228,212,6,16,128,223,170,153,2,26,12,8,148,132,228,212,6,16,144,211,145,216,1,34,12,8,176,151,228,212,6,16,160,152,201,154,2,18,129,1,10,67,112,114,111,106,101,99,116,115,47,100,101,109,111,45,115,105,104,50,48,50,54,47,100,97,116,97,98,97,115,101,115,47,40,100,101,102,97,117,108,116,41,47,100,111,99,117,109,101,110,116,115,47,99,111,114,114,105,100,111,114,115,47,110,104,45,50,55,18,30,10,12,108,97,115,116,82,101,112,111,114,116,65,116,18,14,82,12,8,148,132,228,212,6,16,128,215,213,212,1,26,12,8,148,132,228,212,6,16,144,211,145,216,1,34,12,8,148,132,228,212,6,16,144,211,145,216,1,26,0]}} {"metadata":{"emulator":{"name":"functions"},"function":{"name":"us-central1-onRiskScoreUpdate"},"extension":{},"message":"[runtime-status] [8096] RunCloudEvent {\"specversion\":\"1.0\",\"type\":\"google.cloud.firestore.document.v1.written\",\"source\":\"//firestore.googleapis.com/projects/projects/demo-sih2026/databases/(default)\",\"id\":\"6c10090d-9d1d-4616-92c4-55cba920e8c2\",\"subject\":\"documents/corridors/nh-27\",\"time\":\"2026-09-03T05:54:56Z\",\"datacontenttype\":\"application/protobuf\",\"dataschema\":\"https://github.com/googleapis/google-cloudevents/blob/main/proto/google/events/cloud/firestore/v1/data.proto\",\"location\":\"us-central1\",\"project\":\"demo-sih2026\",\"database\":\"(default)\",\"namespace\":\"(default)\",\"document\":\"corridors/nh-27\",\"data\":{\"type\":\"Buffer\",\"data\":[10,129,1,10,67,112,114,111,106,101,99,116,115,47,100,101,109,111,45,115,105,104,50,48,50,54,47,100,97,116,97,98,97,115,101,115,47,40,100,101,102,97,117,108,116,41,47,100,111,99,117,109,101,110,116,115,47,99,111,114,114,105,100,111,114,115,47,110,104,45,50,55,18,30,10,12,108,97,115,116,82,101,112,111,114,116,65,116,18,14,82,12,8,176,151,228,212,6,16,128,223,170,153,2,26,12,8,148,132,228,212,6,16,144,211,145,216,1,34,12,8,176,151,228,212,6,16,160,152,201,154,2,18,129,1,10,67,112,114,111,106,101,99,116,115,47,100,101,109,111,45,115,105,104,50,48,50,54,47,100,97,116,97,98,97,115,101,115,47,40,100,101,102,97,117,108,116,41,47,100,111,99,117,109,101,110,116,115,47,99,111,114,114,105,100,111,114,115,47,110,104,45,50,55,18,30,10,12,108,97,115,116,82,101,112,111,114,116,65,116,18,14,82,12,8,148,132,228,212,6,16,128,215,213,212,1,26,12,8,148,132,228,212,6,16,144,211,145,216,1,34,12,8,148,132,228,212,6,16,144,211,145,216,1,26,0]}}"}}
[debug] [2026-09-03T05:54:58.908Z] Finishing up request with event=finish {"metadata":{"emulator":{"name":"functions"},"function":{"name":"us-central1-onRiskScoreUpdate"},"extension":{},"message":"Finishing up request with event=finish"}}
[info] i  functions: Finished "us-central1-onRiskScoreUpdate" in 11.2044ms {"metadata":{"emulator":{"name":"functions"},"function":{"name":"us-central1-onRiskScoreUpdate"},"extension":{},"message":"Finished \"us-central1-onRiskScoreUpdate\" in 11.2044ms"}}
[debug] [2026-09-03T05:54:58.909Z] [worker-us-central1-onRiskScoreUpdate-3f48ddfd-8730-4869-a2fe-a61251abccff]: IDLE {"metadata":{"emulator":{"name":"functions"},"function":{"name":"us-central1-onRiskScoreUpdate"},"extension":{},"message":"[worker-us-central1-onRiskScoreUpdate-3f48ddfd-8730-4869-a2fe-a61251abccff]: IDLE"}}
[debug] [2026-09-03T05:54:58.909Z] Finishing up request with event=close {"metadata":{"emulator":{"name":"functions"},"function":{"name":"us-central1-onRiskScoreUpdate"},"extension":{},"message":"Finishing up request with event=close"}}
[debug] [2026-09-03T05:54:58.909Z] [work-queue] {"queuedWork":[],"queueLength":0,"runningWork":[],"workRunningCount":0}
[debug] [2026-09-03T05:55:10.092Z] File C:\Users\avadu\OneDrive\Desktop\NER SAHAYAK\functions\verify-report-tmp.js changed, reloading triggers {"metadata":{"emulator":{"name":"functions"},"message":"File C:\\Users\\avadu\\OneDrive\\Desktop\\NER SAHAYAK\\functions\\verify-report-tmp.js changed, reloading triggers"}}
[debug] [2026-09-03T05:55:11.096Z] Validating nodejs source
[warn] !  functions: package.json indicates an outdated version of firebase-functions. Please upgrade using npm install --save firebase-functions@latest in your functions directory. 
[warn] !  functions: Please note that there will be breaking changes when you upgrade. 
[debug] [2026-09-03T05:55:13.463Z] > [functions] package.json contents: {
  "name": "ner-sahayak-functions",
  "version": "0.1.0",
  "private": true,
  "description": "Firebase Cloud Functions for NER Sahayak — milestone-2-backend.",
  "type": "module",
  "main": "src/index.ts",
  "scripts": {
    "build": "tsc --noEmit",
    "serve": "firebase emulators:start --only functions,firestore,auth",
    "test": "node --import tsx/esm --test --test-concurrency=1 test/**/*.test.ts",
    "lint": "tsc --noEmit"
  },
  "engines": {
    "node": "20"
  },
  "dependencies": {
    "firebase-admin": "^13.4.0",
    "firebase-functions": "^6.5.2",
    "zod": "^3.25.76"
  },
  "devDependencies": {
    "@firebase/rules-unit-testing": "^3.0.4",
    "tsx": "^4.20.3",
    "typescript": "^5.8.3"
  }
}
[debug] [2026-09-03T05:55:13.463Z] Building nodejs source
[debug] [2026-09-03T05:55:13.463Z] Failed to find version of module node: reached end of search path C:\Users\avadu\OneDrive\Desktop\NER SAHAYAK\functions\node_modules
[warn] !  functions: Your requested "node" version "20" doesn't match your global version "26". Using node@26 from host. 
[debug] [2026-09-03T05:55:13.465Z] Could not find functions.yaml. Must use http discovery
[debug] [2026-09-03T05:55:13.476Z] Found firebase-functions binary at 'C:\Users\avadu\OneDrive\Desktop\NER SAHAYAK\functions\node_modules\.bin\firebase-functions'
[debug] [2026-09-03T05:55:13.485Z] Sept 03, 2026 11:25:11 AM io.gapi.emulators.netty.HttpVersionRoutingHandler channelRead
INFO: Detected HTTP/2 connection.
 {"metadata":{"emulator":{"name":"firestore"},"message":"Sept 03, 2026 11:25:11 AM io.gapi.emulators.netty.HttpVersionRoutingHandler channelRead\r\nINFO: Detected HTTP/2 connection.\r\n"}}
[info] Serving at port 8773

[debug] [2026-09-03T05:55:14.709Z] Got response from /__/functions.yaml {"endpoints":{"onReportCreate":{"availableMemoryMb":null,"timeoutSeconds":null,"minInstances":null,"maxInstances":null,"ingressSettings":null,"concurrency":null,"serviceAccountEmail":null,"vpc":null,"platform":"gcfv2","labels":{},"eventTrigger":{"eventType":"google.cloud.firestore.document.v1.created","eventFilters":{"database":"(default)","namespace":"(default)"},"eventFilterPathPatterns":{"document":"reports/{reportId}"},"retry":false},"entryPoint":"onReportCreate"},"onRiskScoreUpdate":{"availableMemoryMb":null,"timeoutSeconds":null,"minInstances":null,"maxInstances":null,"ingressSettings":null,"concurrency":null,"serviceAccountEmail":null,"vpc":null,"platform":"gcfv2","labels":{},"eventTrigger":{"eventType":"google.cloud.firestore.document.v1.written","eventFilters":{"database":"(default)","namespace":"(default)"},"eventFilterPathPatterns":{"document":"corridors/{corridorId}"},"retry":false},"entryPoint":"onRiskScoreUpdate"},"syncMutationQueue":{"availableMemoryMb":null,"timeoutSeconds":null,"minInstances":null,"maxInstances":null,"ingressSettings":null,"concurrency":null,"serviceAccountEmail":null,"vpc":null,"platform":"gcfv2","labels":{},"callableTrigger":{},"entryPoint":"syncMutationQueue"}},"specVersion":"v1alpha1","requiredAPIs":[],"extensions":{}}
[info] +  functions: Loaded functions definitions from source: onReportCreate, onRiskScoreUpdate, syncMutationQueue. {"metadata":{"emulator":{"name":"functions"},"message":"Loaded functions definitions from source: onReportCreate, onRiskScoreUpdate, syncMutationQueue."}}
[debug] [2026-09-03T05:55:17.770Z] [worker-pool] Shutting down IDLE worker (us-central1-onReportCreate) {"metadata":{"emulator":{"name":"functions"},"message":"[worker-pool] Shutting down IDLE worker (us-central1-onReportCreate)"}}
[debug] [2026-09-03T05:55:17.770Z] [worker-us-central1-onReportCreate-9442a4f0-23ca-41ef-a06c-d735ee7688c6]: FINISHING {"metadata":{"emulator":{"name":"functions"},"function":{"name":"us-central1-onReportCreate"},"extension":{},"message":"[worker-us-central1-onReportCreate-9442a4f0-23ca-41ef-a06c-d735ee7688c6]: FINISHING"}}
[debug] [2026-09-03T05:55:17.770Z] [worker-pool] Shutting down IDLE worker (us-central1-onRiskScoreUpdate) {"metadata":{"emulator":{"name":"functions"},"message":"[worker-pool] Shutting down IDLE worker (us-central1-onRiskScoreUpdate)"}}
[debug] [2026-09-03T05:55:17.770Z] [worker-us-central1-onRiskScoreUpdate-3f48ddfd-8730-4869-a2fe-a61251abccff]: FINISHING {"metadata":{"emulator":{"name":"functions"},"function":{"name":"us-central1-onRiskScoreUpdate"},"extension":{},"message":"[worker-us-central1-onRiskScoreUpdate-3f48ddfd-8730-4869-a2fe-a61251abccff]: FINISHING"}}
[debug] [2026-09-03T05:55:17.776Z] Sept 03, 2026 11:25:17 AM io.netty.channel.DefaultChannelPipeline onUnhandledInboundException
WARNING: An exceptionCaught() event was fired, and it reached at the tail of the pipeline. It usually means the last handler in the pipeline did not handle the exception.
java.net.SocketException: Connection reset
	at java.base/sun.nio.ch.SocketChannelImpl.throwConnectionReset(SocketChannelImpl.java:401)
	at java.base/sun.nio.ch.SocketChannelImpl.read(SocketChannelImpl.java:434)
	at io.netty.buffer.PooledByteBuf.setBytes(PooledByteBuf.java:255)
	at io.netty.buffer.AbstractByteBuf.writeBytes(AbstractByteBuf.java:1132)
	at io.netty.channel.socket.nio.NioSocketChannel.doReadBytes(NioSocketChannel.java:356)
	at io.netty.channel.nio.AbstractNioByteChannel$NioByteUnsafe.read(AbstractNioByteChannel.java:156)
	at io.netty.channel.nio.NioEventLoop.processSelectedKey(NioEventLoop.java:796)
	at io.netty.channel.nio.NioEventLoop.processSelectedKeysOptimized(NioEventLoop.java:732)
	at io.netty.channel.nio.NioEventLoop.processSelectedKeys(NioEventLoop.java:658)
	at io.netty.channel.nio.NioEventLoop.run(NioEventLoop.java:562)
	at io.netty.util.concurrent.SingleThreadEventExecutor$4.run(SingleThreadEventExecutor.java:998)
	at io.netty.util.internal.ThreadExecutorMap$2.run(ThreadExecutorMap.java:74)
	at io.netty.util.concurrent.FastThreadLocalRunnable.run(FastThreadLocalRunnable.java:30)
	at java.base/java.lang.Thread.run(Thread.java:1583)

 {"metadata":{"emulator":{"name":"firestore"},"message":"Sept 03, 2026 11:25:17 AM io.netty.channel.DefaultChannelPipeline onUnhandledInboundException\r\nWARNING: An exceptionCaught() event was fired, and it reached at the tail of the pipeline. It usually means the last handler in the pipeline did not handle the exception.\r\njava.net.SocketException: Connection reset\r\n\tat java.base/sun.nio.ch.SocketChannelImpl.throwConnectionReset(SocketChannelImpl.java:401)\r\n\tat java.base/sun.nio.ch.SocketChannelImpl.read(SocketChannelImpl.java:434)\r\n\tat io.netty.buffer.PooledByteBuf.setBytes(PooledByteBuf.java:255)\r\n\tat io.netty.buffer.AbstractByteBuf.writeBytes(AbstractByteBuf.java:1132)\r\n\tat io.netty.channel.socket.nio.NioSocketChannel.doReadBytes(NioSocketChannel.java:356)\r\n\tat io.netty.channel.nio.AbstractNioByteChannel$NioByteUnsafe.read(AbstractNioByteChannel.java:156)\r\n\tat io.netty.channel.nio.NioEventLoop.processSelectedKey(NioEventLoop.java:796)\r\n\tat io.netty.channel.nio.NioEventLoop.processSelectedKeysOptimized(NioEventLoop.java:732)\r\n\tat io.netty.channel.nio.NioEventLoop.processSelectedKeys(NioEventLoop.java:658)\r\n\tat io.netty.channel.nio.NioEventLoop.run(NioEventLoop.java:562)\r\n\tat io.netty.util.concurrent.SingleThreadEventExecutor$4.run(SingleThreadEventExecutor.java:998)\r\n\tat io.netty.util.internal.ThreadExecutorMap$2.run(ThreadExecutorMap.java:74)\r\n\tat io.netty.util.concurrent.FastThreadLocalRunnable.run(FastThreadLocalRunnable.java:30)\r\n\tat java.base/java.lang.Thread.run(Thread.java:1583)\r\n\r\n"}}
[debug] [2026-09-03T05:55:17.802Z] [worker-us-central1-onReportCreate-9442a4f0-23ca-41ef-a06c-d735ee7688c6]: exited {"metadata":{"emulator":{"name":"functions"},"function":{"name":"us-central1-onReportCreate"},"extension":{},"message":"[worker-us-central1-onReportCreate-9442a4f0-23ca-41ef-a06c-d735ee7688c6]: exited"}}
[debug] [2026-09-03T05:55:17.803Z] [worker-us-central1-onReportCreate-9442a4f0-23ca-41ef-a06c-d735ee7688c6]: FINISHED {"metadata":{"emulator":{"name":"functions"},"function":{"name":"us-central1-onReportCreate"},"extension":{},"message":"[worker-us-central1-onReportCreate-9442a4f0-23ca-41ef-a06c-d735ee7688c6]: FINISHED"}}
[debug] [2026-09-03T05:55:17.804Z] [worker-us-central1-onRiskScoreUpdate-3f48ddfd-8730-4869-a2fe-a61251abccff]: exited {"metadata":{"emulator":{"name":"functions"},"function":{"name":"us-central1-onRiskScoreUpdate"},"extension":{},"message":"[worker-us-central1-onRiskScoreUpdate-3f48ddfd-8730-4869-a2fe-a61251abccff]: exited"}}
[debug] [2026-09-03T05:55:17.804Z] [worker-us-central1-onRiskScoreUpdate-3f48ddfd-8730-4869-a2fe-a61251abccff]: FINISHED {"metadata":{"emulator":{"name":"functions"},"function":{"name":"us-central1-onRiskScoreUpdate"},"extension":{},"message":"[worker-us-central1-onRiskScoreUpdate-3f48ddfd-8730-4869-a2fe-a61251abccff]: FINISHED"}}
[info] i  firestore: Change detected, updating rules... 
[debug] [2026-09-03T06:02:57.188Z] >>> [apiv2][query] PUT http://127.0.0.1:8080/emulator/v1/projects/demo-sih2026:securityRules [none]
[debug] [2026-09-03T06:02:57.188Z] >>> [apiv2][body] PUT http://127.0.0.1:8080/emulator/v1/projects/demo-sih2026:securityRules {"ignore_errors":true,"rules":{"files":[{"name":"security.rules","content":"rules_version = '2';\r\n\r\n/**\r\n * NER Sahayak — Firestore Security Rules\r\n * milestone-2-backend, branch: milestone-2-backend\r\n *\r\n * ARCHITECTURE.md §7 role model:\r\n *   citizen/driver  — read/write own reports only\r\n *   officer         — read all reports on their corridor; resource-write\r\n *   control-room    — cross-corridor read + resource-write\r\n *\r\n * Rule design notes:\r\n *\r\n * 1. CREATE vs UPDATE are explicitly separate on `reports/`.\r\n *    A client that knows an existing doc's ID cannot use `create` to\r\n *    overwrite it (create only fires when the doc does not exist yet).\r\n *    An attacker cannot \"recreate\" a doc to tamper with it — that would\r\n *    be caught by the `update` rule which blocks non-Authority callers from\r\n *    touching status/corroboration/priority fields.\r\n *    The syncMutationQueue callable uses Admin SDK (bypasses rules), so\r\n *    its setDoc is not subject to these create/update restrictions — but the\r\n *    function itself enforces the same ownership check server-side.\r\n *\r\n * 2. Server-computed fields (corroborationScore, priorityKey) are blocked\r\n *    on BOTH create and update for non-Authority clients. Direct client\r\n *    writes of these fields are rejected regardless of auth state.\r\n *    These fields are written only by the Admin-SDK-backed functions.\r\n *\r\n * 3. The `hasRole()` helper reads from /users/{uid}. Users must have a\r\n *    `role` field ('citizen'|'driver'|'officer'|'control-room'). The\r\n *    emulator seed script (test/seed.ts) populates these docs.\r\n *\r\n * 4. Delete is never allowed on reports (§7: \"auto-archive rather than\r\n *    delete\"). Status transitions to 'archived' are the intended path.\r\n */\r\n\r\nservice cloud.firestore {\r\n  match /databases/{database}/documents {\r\n\r\n    // ── helpers ──────────────────────────────────────────────────────────\r\n\r\n    function isAuthed() {\r\n      return request.auth != null;\r\n    }\r\n\r\n    function isOwner(uid) {\r\n      return isAuthed() && request.auth.uid == uid;\r\n    }\r\n\r\n    function callerRole() {\r\n      return get(/databases/$(database)/documents/users/$(request.auth.uid)).data.role;\r\n    }\r\n\r\n    function isAuthority() {\r\n      return isAuthed() && (callerRole() == 'officer' || callerRole() == 'control-room');\r\n    }\r\n\r\n    // Fields that are exclusively server-computed and must never be present\r\n    // in an incoming client write. Checked on the full incoming document\r\n    // (create) or the set of changed keys (update).\r\n    function hasServerOnlyFields(data) {\r\n      return 'corroborationScore' in data\r\n          || 'priorityKey' in data\r\n          || 'corroborationUpdatedAt' in data;\r\n    }\r\n\r\n    // For UPDATE: check whether any server-only field keys appear in the\r\n    // set of keys that actually changed between the current and incoming doc.\r\n    function updatesServerOnlyFields() {\r\n      let changed = request.resource.data.diff(resource.data).affectedKeys();\r\n      return changed.hasAny(['corroborationScore', 'priorityKey', 'corroborationUpdatedAt']);\r\n    }\r\n\r\n    // ── reports ──────────────────────────────────────────────────────────\r\n\r\n    match /reports/{reportId} {\r\n\r\n      // Any authenticated user may read reports (citizens checking status,\r\n      // officers viewing the queue, control-room dashboard).\r\n      allow read: if isAuthed();\r\n\r\n      // CREATE — doc must not exist yet (Firestore enforces this for\r\n      // `allow create`; this rule does NOT fire on overwrite of existing doc).\r\n      //\r\n      // Requirements:\r\n      //   a) Caller is authenticated.\r\n      //   b) reporterId equals the caller's own uid (§7 \"write own reports\").\r\n      //   c) All three fields required for corroboration routing and rules\r\n      //      enforcement must be present in the payload: reporterId, geohash,\r\n      //      corridorId. A create missing any one is rejected — not just\r\n      //      silently stored as incomplete (VERIFICATION_REPORT §4.2: this\r\n      //      exact gap — a payload silently missing required fields — caused\r\n      //      every sync to be denied once in this project's history).\r\n      //   d) Server-only fields (corroborationScore, priorityKey) must be\r\n      //      absent — they are computed by onReportCreate after the write lands.\r\n      allow create: if isAuthed()\r\n                    && request.resource.data.keys().hasAll(['reporterId', 'geohash', 'corridorId'])\r\n                    && request.resource.data.reporterId == request.auth.uid\r\n                    && !hasServerOnlyFields(request.resource.data);\r\n\r\n      // UPDATE — doc already exists.\r\n      //\r\n      // Citizens/drivers may NOT update any report after creation. Updates\r\n      // are Authority-only (status transitions: dispatch, resolve, archive).\r\n      // Even Authority cannot overwrite the server-computed fields, the\r\n      // original reporterId, or the corroboration/priority values directly —\r\n      // those come from the function pipeline only.\r\n      allow update: if isAuthority()\r\n                    && !('reporterId' in request.resource.data.diff(resource.data).affectedKeys())\r\n                    && !updatesServerOnlyFields();\r\n\r\n      // DELETE is permanently disabled — §7 \"resolved reports auto-archive\r\n      // rather than delete.\" Transition to status:'archived' instead.\r\n      allow delete: if false;\r\n    }\r\n\r\n    // ── corridors ────────────────────────────────────────────────────────\r\n\r\n    match /corridors/{corridorId} {\r\n      allow read: if isAuthed();\r\n      // Risk inputs and corridor state are written by Authority or Admin SDK.\r\n      allow create, update: if isAuthority();\r\n      allow delete: if false;\r\n    }\r\n\r\n    // ── districts ────────────────────────────────────────────────────────\r\n\r\n    match /districts/{districtId} {\r\n      allow read: if isAuthed();\r\n      // stockBufferDays and connectivity status are set by Authority (control-room).\r\n      // continuityGap / continuityStatus are written by onRiskScoreUpdate (Admin SDK).\r\n      allow create, update: if isAuthority();\r\n      allow delete: if false;\r\n    }\r\n\r\n    // ── users ────────────────────────────────────────────────────────────\r\n\r\n    match /users/{userId} {\r\n      // Users can read their own profile; Authority can read any profile\r\n      // (needed for role lookups and dispatch assignment).\r\n      allow read: if isOwner(userId) || isAuthority();\r\n      // Users write their own profile (display name, phone, lastKnownFix).\r\n      // They cannot change their own `role` — that is set by Admin SDK only\r\n      // during user provisioning.\r\n      allow create: if isOwner(userId) && !('role' in request.resource.data);\r\n      allow update: if isOwner(userId)\r\n                    && !('role' in request.resource.data.diff(resource.data).affectedKeys());\r\n      allow delete: if false;\r\n    }\r\n  }\r\n}\r\n"}]}}
[debug] [2026-09-03T06:02:57.203Z] Sept 03, 2026 11:32:57 AM io.gapi.emulators.netty.HttpVersionRoutingHandler channelRead
INFO: Detected non-HTTP/2 connection.
 {"metadata":{"emulator":{"name":"firestore"},"message":"Sept 03, 2026 11:32:57 AM io.gapi.emulators.netty.HttpVersionRoutingHandler channelRead\r\nINFO: Detected non-HTTP/2 connection.\r\n"}}
[debug] [2026-09-03T06:02:57.246Z] Sept 03, 2026 11:32:57 AM io.gapi.emulators.netty.HttpVersionRoutingHandler channelRead
INFO: Detected HTTP/2 connection.
 {"metadata":{"emulator":{"name":"firestore"},"message":"Sept 03, 2026 11:32:57 AM io.gapi.emulators.netty.HttpVersionRoutingHandler channelRead\r\nINFO: Detected HTTP/2 connection.\r\n"}}
[debug] [2026-09-03T06:02:57.365Z] <<< [apiv2][status] PUT http://127.0.0.1:8080/emulator/v1/projects/demo-sih2026:securityRules 200
[debug] [2026-09-03T06:02:57.365Z] <<< [apiv2][body] PUT http://127.0.0.1:8080/emulator/v1/projects/demo-sih2026:securityRules {}
[info] +  firestore: Rules updated. 
[debug] [2026-09-03T06:03:14.959Z] File C:\Users\avadu\OneDrive\Desktop\NER SAHAYAK\functions\test\rules.test.ts changed, reloading triggers {"metadata":{"emulator":{"name":"functions"},"message":"File C:\\Users\\avadu\\OneDrive\\Desktop\\NER SAHAYAK\\functions\\test\\rules.test.ts changed, reloading triggers"}}
[debug] [2026-09-03T06:03:15.967Z] Validating nodejs source
[warn] !  functions: package.json indicates an outdated version of firebase-functions. Please upgrade using npm install --save firebase-functions@latest in your functions directory. 
[warn] !  functions: Please note that there will be breaking changes when you upgrade. 
[debug] [2026-09-03T06:03:18.048Z] > [functions] package.json contents: {
  "name": "ner-sahayak-functions",
  "version": "0.1.0",
  "private": true,
  "description": "Firebase Cloud Functions for NER Sahayak — milestone-2-backend.",
  "type": "module",
  "main": "src/index.ts",
  "scripts": {
    "build": "tsc --noEmit",
    "serve": "firebase emulators:start --only functions,firestore,auth",
    "test": "node --import tsx/esm --test --test-concurrency=1 test/**/*.test.ts",
    "lint": "tsc --noEmit"
  },
  "engines": {
    "node": "20"
  },
  "dependencies": {
    "firebase-admin": "^13.4.0",
    "firebase-functions": "^6.5.2",
    "zod": "^3.25.76"
  },
  "devDependencies": {
    "@firebase/rules-unit-testing": "^3.0.4",
    "tsx": "^4.20.3",
    "typescript": "^5.8.3"
  }
}
[debug] [2026-09-03T06:03:18.049Z] Building nodejs source
[debug] [2026-09-03T06:03:18.049Z] Failed to find version of module node: reached end of search path C:\Users\avadu\OneDrive\Desktop\NER SAHAYAK\functions\node_modules
[warn] !  functions: Your requested "node" version "20" doesn't match your global version "26". Using node@26 from host. 
[debug] [2026-09-03T06:03:18.050Z] Could not find functions.yaml. Must use http discovery
[debug] [2026-09-03T06:03:18.056Z] Found firebase-functions binary at 'C:\Users\avadu\OneDrive\Desktop\NER SAHAYAK\functions\node_modules\.bin\firebase-functions'
[info] Serving at port 8432

[debug] [2026-09-03T06:03:19.047Z] Got response from /__/functions.yaml {"endpoints":{"onReportCreate":{"availableMemoryMb":null,"timeoutSeconds":null,"minInstances":null,"maxInstances":null,"ingressSettings":null,"concurrency":null,"serviceAccountEmail":null,"vpc":null,"platform":"gcfv2","labels":{},"eventTrigger":{"eventType":"google.cloud.firestore.document.v1.created","eventFilters":{"database":"(default)","namespace":"(default)"},"eventFilterPathPatterns":{"document":"reports/{reportId}"},"retry":false},"entryPoint":"onReportCreate"},"onRiskScoreUpdate":{"availableMemoryMb":null,"timeoutSeconds":null,"minInstances":null,"maxInstances":null,"ingressSettings":null,"concurrency":null,"serviceAccountEmail":null,"vpc":null,"platform":"gcfv2","labels":{},"eventTrigger":{"eventType":"google.cloud.firestore.document.v1.written","eventFilters":{"database":"(default)","namespace":"(default)"},"eventFilterPathPatterns":{"document":"corridors/{corridorId}"},"retry":false},"entryPoint":"onRiskScoreUpdate"},"syncMutationQueue":{"availableMemoryMb":null,"timeoutSeconds":null,"minInstances":null,"maxInstances":null,"ingressSettings":null,"concurrency":null,"serviceAccountEmail":null,"vpc":null,"platform":"gcfv2","labels":{},"callableTrigger":{},"entryPoint":"syncMutationQueue"}},"specVersion":"v1alpha1","requiredAPIs":[],"extensions":{}}
[info] +  functions: Loaded functions definitions from source: onReportCreate, onRiskScoreUpdate, syncMutationQueue. {"metadata":{"emulator":{"name":"functions"},"message":"Loaded functions definitions from source: onReportCreate, onRiskScoreUpdate, syncMutationQueue."}}
[warn] !  Multiple projectIds are not recommended in single project mode. Requested project ID sih2026-ce822, but the emulator is configured for demo-sih2026. To opt-out of single project mode add/set the '"singleProjectMode"' false' property in the firebase.json emulators config. {"metadata":{"emulator":{"name":"auth"},"message":"Multiple projectIds are not recommended in single project mode. Requested project ID sih2026-ce822, but the emulator is configured for demo-sih2026. To opt-out of single project mode add/set the '\"singleProjectMode\"' false' property in the firebase.json emulators config."}}
[debug] [2026-09-03T06:03:26.395Z] >>> [apiv2][query] POST http://127.0.0.1:5001/functions/projects/sih2026-ce822/trigger_multicast [none]
[debug] [2026-09-03T06:03:26.395Z] >>> [apiv2][body] POST http://127.0.0.1:5001/functions/projects/sih2026-ce822/trigger_multicast {"eventId":"367014a8-bec7-417b-ab5e-4645e99ad392","eventType":"providers/firebase.auth/eventTypes/user.create","resource":{"name":"projects/sih2026-ce822","service":"firebaseauth.googleapis.com"},"params":{},"timestamp":"2026-09-03T06:03:26.395Z","data":{"uid":"eD5sr1SELevG9UnABvnQakVxALvW","email":"a@test.com","emailVerified":false,"metadata":{"creationTime":"2026-09-03T06:03:26.394Z","lastSignInTime":"2026-09-03T06:03:26.394Z"},"customClaims":{},"providerData":[{"rawId":"a@test.com","providerId":"password","email":"a@test.com","federatedId":"a@test.com"}]}}
[warn] !  Multiple projectIds are not recommended in single project mode. Requested project ID sih2026-ce822, but the emulator is configured for demo-sih2026. To opt-out of single project mode add/set the '"singleProjectMode"' false' property in the firebase.json emulators config. {"metadata":{"emulator":{"name":"auth"},"message":"Multiple projectIds are not recommended in single project mode. Requested project ID sih2026-ce822, but the emulator is configured for demo-sih2026. To opt-out of single project mode add/set the '\"singleProjectMode\"' false' property in the firebase.json emulators config."}}
[debug] [2026-09-03T06:03:26.407Z] <<< [apiv2][status] POST http://127.0.0.1:5001/functions/projects/sih2026-ce822/trigger_multicast 200
[debug] [2026-09-03T06:03:26.407Z] <<< [apiv2][body] POST http://127.0.0.1:5001/functions/projects/sih2026-ce822/trigger_multicast {"status":"multicast_acknowledged"}
[debug] [2026-09-03T06:03:26.514Z] Sept 03, 2026 11:33:26 AM io.gapi.emulators.netty.HttpVersionRoutingHandler channelRead
INFO: Detected HTTP/2 connection.
 {"metadata":{"emulator":{"name":"firestore"},"message":"Sept 03, 2026 11:33:26 AM io.gapi.emulators.netty.HttpVersionRoutingHandler channelRead\r\nINFO: Detected HTTP/2 connection.\r\n"}}
[debug] [2026-09-03T06:03:26.531Z] Multiple projectIds are not recommended in single project mode. Requested project ID sih2026-ce822, but the emulator is configured for demo-sih2026. To opt-out of single project mode add/set the '"singleProjectMode": false' property in the firebase.json emulators config.
 {"metadata":{"emulator":{"name":"firestore"},"message":"Multiple projectIds are not recommended in single project mode. Requested project ID sih2026-ce822, but the emulator is configured for demo-sih2026. To opt-out of single project mode add/set the '\"singleProjectMode\": false' property in the firebase.json emulators config.\r\n"}}
[debug] [2026-09-03T06:03:26.532Z] Multiple projectIds are not recommended in single project mode. Requested project ID sih2026-ce822, but the emulator is configured for demo-sih2026. To opt-out of single project mode add/set the '"singleProjectMode": false' property in the firebase.json emulators config.
 {"metadata":{"emulator":{"name":"firestore"},"message":"Multiple projectIds are not recommended in single project mode. Requested project ID sih2026-ce822, but the emulator is configured for demo-sih2026. To opt-out of single project mode add/set the '\"singleProjectMode\": false' property in the firebase.json emulators config.\r\n"}}
[warn] !  Multiple projectIds are not recommended in single project mode. Requested project ID sih2026-ce822, but the emulator is configured for demo-sih2026. To opt-out of single project mode add/set the '"singleProjectMode"' false' property in the firebase.json emulators config. {"metadata":{"emulator":{"name":"auth"},"message":"Multiple projectIds are not recommended in single project mode. Requested project ID sih2026-ce822, but the emulator is configured for demo-sih2026. To opt-out of single project mode add/set the '\"singleProjectMode\"' false' property in the firebase.json emulators config."}}
[debug] [2026-09-03T06:03:26.542Z] >>> [apiv2][query] POST http://127.0.0.1:5001/functions/projects/sih2026-ce822/trigger_multicast [none]
[debug] [2026-09-03T06:03:26.542Z] >>> [apiv2][body] POST http://127.0.0.1:5001/functions/projects/sih2026-ce822/trigger_multicast {"eventId":"1fdee4ee-cbcd-4e53-be51-d9a1ef741897","eventType":"providers/firebase.auth/eventTypes/user.create","resource":{"name":"projects/sih2026-ce822","service":"firebaseauth.googleapis.com"},"params":{},"timestamp":"2026-09-03T06:03:26.542Z","data":{"uid":"yf56z6zLtQeRBlk5Bs6AirlNuYqd","email":"b@test.com","emailVerified":false,"metadata":{"creationTime":"2026-09-03T06:03:26.542Z","lastSignInTime":"2026-09-03T06:03:26.542Z"},"customClaims":{},"providerData":[{"rawId":"b@test.com","providerId":"password","email":"b@test.com","federatedId":"b@test.com"}]}}
[debug] [2026-09-03T06:03:26.546Z] <<< [apiv2][status] POST http://127.0.0.1:5001/functions/projects/sih2026-ce822/trigger_multicast 200
[debug] [2026-09-03T06:03:26.546Z] <<< [apiv2][body] POST http://127.0.0.1:5001/functions/projects/sih2026-ce822/trigger_multicast {"status":"multicast_acknowledged"}
[warn] !  Multiple projectIds are not recommended in single project mode. Requested project ID sih2026-ce822, but the emulator is configured for demo-sih2026. To opt-out of single project mode add/set the '"singleProjectMode"' false' property in the firebase.json emulators config. {"metadata":{"emulator":{"name":"auth"},"message":"Multiple projectIds are not recommended in single project mode. Requested project ID sih2026-ce822, but the emulator is configured for demo-sih2026. To opt-out of single project mode add/set the '\"singleProjectMode\"' false' property in the firebase.json emulators config."}}
[debug] [2026-09-03T06:03:26.552Z] Multiple projectIds are not recommended in single project mode. Requested project ID sih2026-ce822, but the emulator is configured for demo-sih2026. To opt-out of single project mode add/set the '"singleProjectMode": false' property in the firebase.json emulators config.
 {"metadata":{"emulator":{"name":"firestore"},"message":"Multiple projectIds are not recommended in single project mode. Requested project ID sih2026-ce822, but the emulator is configured for demo-sih2026. To opt-out of single project mode add/set the '\"singleProjectMode\": false' property in the firebase.json emulators config.\r\n"}}
[debug] [2026-09-03T06:03:26.552Z] Multiple projectIds are not recommended in single project mode. Requested project ID sih2026-ce822, but the emulator is configured for demo-sih2026. To opt-out of single project mode add/set the '"singleProjectMode": false' property in the firebase.json emulators config.
 {"metadata":{"emulator":{"name":"firestore"},"message":"Multiple projectIds are not recommended in single project mode. Requested project ID sih2026-ce822, but the emulator is configured for demo-sih2026. To opt-out of single project mode add/set the '\"singleProjectMode\": false' property in the firebase.json emulators config.\r\n"}}
[warn] !  Multiple projectIds are not recommended in single project mode. Requested project ID sih2026-ce822, but the emulator is configured for demo-sih2026. To opt-out of single project mode add/set the '"singleProjectMode"' false' property in the firebase.json emulators config. {"metadata":{"emulator":{"name":"auth"},"message":"Multiple projectIds are not recommended in single project mode. Requested project ID sih2026-ce822, but the emulator is configured for demo-sih2026. To opt-out of single project mode add/set the '\"singleProjectMode\"' false' property in the firebase.json emulators config."}}
[debug] [2026-09-03T06:03:26.557Z] >>> [apiv2][query] POST http://127.0.0.1:5001/functions/projects/sih2026-ce822/trigger_multicast [none]
[debug] [2026-09-03T06:03:26.557Z] >>> [apiv2][body] POST http://127.0.0.1:5001/functions/projects/sih2026-ce822/trigger_multicast {"eventId":"87a4d5ca-3211-4605-9692-f48db6a00dc2","eventType":"providers/firebase.auth/eventTypes/user.create","resource":{"name":"projects/sih2026-ce822","service":"firebaseauth.googleapis.com"},"params":{},"timestamp":"2026-09-03T06:03:26.557Z","data":{"uid":"tLwbcVtnDsYiTQawMrYHq4gKr1uD","email":"c@test.com","emailVerified":false,"metadata":{"creationTime":"2026-09-03T06:03:26.557Z","lastSignInTime":"2026-09-03T06:03:26.557Z"},"customClaims":{},"providerData":[{"rawId":"c@test.com","providerId":"password","email":"c@test.com","federatedId":"c@test.com"}]}}
[debug] [2026-09-03T06:03:26.559Z] <<< [apiv2][status] POST http://127.0.0.1:5001/functions/projects/sih2026-ce822/trigger_multicast 200
[debug] [2026-09-03T06:03:26.559Z] <<< [apiv2][body] POST http://127.0.0.1:5001/functions/projects/sih2026-ce822/trigger_multicast {"status":"multicast_acknowledged"}
[warn] !  Multiple projectIds are not recommended in single project mode. Requested project ID sih2026-ce822, but the emulator is configured for demo-sih2026. To opt-out of single project mode add/set the '"singleProjectMode"' false' property in the firebase.json emulators config. {"metadata":{"emulator":{"name":"auth"},"message":"Multiple projectIds are not recommended in single project mode. Requested project ID sih2026-ce822, but the emulator is configured for demo-sih2026. To opt-out of single project mode add/set the '\"singleProjectMode\"' false' property in the firebase.json emulators config."}}
[debug] [2026-09-03T06:03:26.566Z] Multiple projectIds are not recommended in single project mode. Requested project ID sih2026-ce822, but the emulator is configured for demo-sih2026. To opt-out of single project mode add/set the '"singleProjectMode": false' property in the firebase.json emulators config.
 {"metadata":{"emulator":{"name":"firestore"},"message":"Multiple projectIds are not recommended in single project mode. Requested project ID sih2026-ce822, but the emulator is configured for demo-sih2026. To opt-out of single project mode add/set the '\"singleProjectMode\": false' property in the firebase.json emulators config.\r\n"}}
[debug] [2026-09-03T06:03:26.567Z] Multiple projectIds are not recommended in single project mode. Requested project ID sih2026-ce822, but the emulator is configured for demo-sih2026. To opt-out of single project mode add/set the '"singleProjectMode": false' property in the firebase.json emulators config.
 {"metadata":{"emulator":{"name":"firestore"},"message":"Multiple projectIds are not recommended in single project mode. Requested project ID sih2026-ce822, but the emulator is configured for demo-sih2026. To opt-out of single project mode add/set the '\"singleProjectMode\": false' property in the firebase.json emulators config.\r\n"}}
[debug] [2026-09-03T06:03:26.598Z] Sept 03, 2026 11:33:26 AM io.gapi.emulators.netty.HttpVersionRoutingHandler channelRead
INFO: Detected non-HTTP/2 connection.
 {"metadata":{"emulator":{"name":"firestore"},"message":"Sept 03, 2026 11:33:26 AM io.gapi.emulators.netty.HttpVersionRoutingHandler channelRead\r\nINFO: Detected non-HTTP/2 connection.\r\n"}}
[debug] [2026-09-03T06:03:26.613Z] Multiple projectIds are not recommended in single project mode. Requested project ID sih2026-ce822, but the emulator is configured for demo-sih2026. To opt-out of single project mode add/set the '"singleProjectMode": false' property in the firebase.json emulators config.
 {"metadata":{"emulator":{"name":"firestore"},"message":"Multiple projectIds are not recommended in single project mode. Requested project ID sih2026-ce822, but the emulator is configured for demo-sih2026. To opt-out of single project mode add/set the '\"singleProjectMode\": false' property in the firebase.json emulators config.\r\n"}}
[debug] [2026-09-03T06:03:26.613Z] Multiple projectIds are not recommended in single project mode. Requested project ID sih2026-ce822, but the emulator is configured for demo-sih2026. To opt-out of single project mode add/set the '"singleProjectMode": false' property in the firebase.json emulators config.
 {"metadata":{"emulator":{"name":"firestore"},"message":"Multiple projectIds are not recommended in single project mode. Requested project ID sih2026-ce822, but the emulator is configured for demo-sih2026. To opt-out of single project mode add/set the '\"singleProjectMode\": false' property in the firebase.json emulators config.\r\n"}}
[debug] [2026-09-03T06:03:26.637Z] Multiple projectIds are not recommended in single project mode. Requested project ID sih2026-ce822, but the emulator is configured for demo-sih2026. To opt-out of single project mode add/set the '"singleProjectMode": false' property in the firebase.json emulators config.
 {"metadata":{"emulator":{"name":"firestore"},"message":"Multiple projectIds are not recommended in single project mode. Requested project ID sih2026-ce822, but the emulator is configured for demo-sih2026. To opt-out of single project mode add/set the '\"singleProjectMode\": false' property in the firebase.json emulators config.\r\n"}}
[debug] [2026-09-03T06:03:26.637Z] Multiple projectIds are not recommended in single project mode. Requested project ID sih2026-ce822, but the emulator is configured for demo-sih2026. To opt-out of single project mode add/set the '"singleProjectMode": false' property in the firebase.json emulators config.
 {"metadata":{"emulator":{"name":"firestore"},"message":"Multiple projectIds are not recommended in single project mode. Requested project ID sih2026-ce822, but the emulator is configured for demo-sih2026. To opt-out of single project mode add/set the '\"singleProjectMode\": false' property in the firebase.json emulators config.\r\n"}}
[debug] [2026-09-03T06:03:26.644Z] Multiple projectIds are not recommended in single project mode. Requested project ID sih2026-ce822, but the emulator is configured for demo-sih2026. To opt-out of single project mode add/set the '"singleProjectMode": false' property in the firebase.json emulators config.
 {"metadata":{"emulator":{"name":"firestore"},"message":"Multiple projectIds are not recommended in single project mode. Requested project ID sih2026-ce822, but the emulator is configured for demo-sih2026. To opt-out of single project mode add/set the '\"singleProjectMode\": false' property in the firebase.json emulators config.\r\n"}}
[debug] [2026-09-03T06:03:26.644Z] Multiple projectIds are not recommended in single project mode. Requested project ID sih2026-ce822, but the emulator is configured for demo-sih2026. To opt-out of single project mode add/set the '"singleProjectMode": false' property in the firebase.json emulators config.
 {"metadata":{"emulator":{"name":"firestore"},"message":"Multiple projectIds are not recommended in single project mode. Requested project ID sih2026-ce822, but the emulator is configured for demo-sih2026. To opt-out of single project mode add/set the '\"singleProjectMode\": false' property in the firebase.json emulators config.\r\n"}}
[debug] [2026-09-03T06:03:26.649Z] Multiple projectIds are not recommended in single project mode. Requested project ID sih2026-ce822, but the emulator is configured for demo-sih2026. To opt-out of single project mode add/set the '"singleProjectMode": false' property in the firebase.json emulators config.
 {"metadata":{"emulator":{"name":"firestore"},"message":"Multiple projectIds are not recommended in single project mode. Requested project ID sih2026-ce822, but the emulator is configured for demo-sih2026. To opt-out of single project mode add/set the '\"singleProjectMode\": false' property in the firebase.json emulators config.\r\n"}}
[debug] [2026-09-03T06:03:26.649Z] Multiple projectIds are not recommended in single project mode. Requested project ID sih2026-ce822, but the emulator is configured for demo-sih2026. To opt-out of single project mode add/set the '"singleProjectMode": false' property in the firebase.json emulators config.
 {"metadata":{"emulator":{"name":"firestore"},"message":"Multiple projectIds are not recommended in single project mode. Requested project ID sih2026-ce822, but the emulator is configured for demo-sih2026. To opt-out of single project mode add/set the '\"singleProjectMode\": false' property in the firebase.json emulators config.\r\n"}}
[debug] [2026-09-03T06:03:26.657Z] Multiple projectIds are not recommended in single project mode. Requested project ID sih2026-ce822, but the emulator is configured for demo-sih2026. To opt-out of single project mode add/set the '"singleProjectMode": false' property in the firebase.json emulators config.
 {"metadata":{"emulator":{"name":"firestore"},"message":"Multiple projectIds are not recommended in single project mode. Requested project ID sih2026-ce822, but the emulator is configured for demo-sih2026. To opt-out of single project mode add/set the '\"singleProjectMode\": false' property in the firebase.json emulators config.\r\n"}}
[debug] [2026-09-03T06:03:26.657Z] Multiple projectIds are not recommended in single project mode. Requested project ID sih2026-ce822, but the emulator is configured for demo-sih2026. To opt-out of single project mode add/set the '"singleProjectMode": false' property in the firebase.json emulators config.
 {"metadata":{"emulator":{"name":"firestore"},"message":"Multiple projectIds are not recommended in single project mode. Requested project ID sih2026-ce822, but the emulator is configured for demo-sih2026. To opt-out of single project mode add/set the '\"singleProjectMode\": false' property in the firebase.json emulators config.\r\n"}}
[debug] [2026-09-03T06:03:26.663Z] Multiple projectIds are not recommended in single project mode. Requested project ID sih2026-ce822, but the emulator is configured for demo-sih2026. To opt-out of single project mode add/set the '"singleProjectMode": false' property in the firebase.json emulators config.
 {"metadata":{"emulator":{"name":"firestore"},"message":"Multiple projectIds are not recommended in single project mode. Requested project ID sih2026-ce822, but the emulator is configured for demo-sih2026. To opt-out of single project mode add/set the '\"singleProjectMode\": false' property in the firebase.json emulators config.\r\n"}}
[debug] [2026-09-03T06:03:26.663Z] Multiple projectIds are not recommended in single project mode. Requested project ID sih2026-ce822, but the emulator is configured for demo-sih2026. To opt-out of single project mode add/set the '"singleProjectMode": false' property in the firebase.json emulators config.
 {"metadata":{"emulator":{"name":"firestore"},"message":"Multiple projectIds are not recommended in single project mode. Requested project ID sih2026-ce822, but the emulator is configured for demo-sih2026. To opt-out of single project mode add/set the '\"singleProjectMode\": false' property in the firebase.json emulators config.\r\n"}}
[debug] [2026-09-03T06:03:26.689Z] Multiple projectIds are not recommended in single project mode. Requested project ID sih2026-ce822, but the emulator is configured for demo-sih2026. To opt-out of single project mode add/set the '"singleProjectMode": false' property in the firebase.json emulators config.
 {"metadata":{"emulator":{"name":"firestore"},"message":"Multiple projectIds are not recommended in single project mode. Requested project ID sih2026-ce822, but the emulator is configured for demo-sih2026. To opt-out of single project mode add/set the '\"singleProjectMode\": false' property in the firebase.json emulators config.\r\n"}}
[debug] [2026-09-03T06:03:26.689Z] Multiple projectIds are not recommended in single project mode. Requested project ID sih2026-ce822, but the emulator is configured for demo-sih2026. To opt-out of single project mode add/set the '"singleProjectMode": false' property in the firebase.json emulators config.
 {"metadata":{"emulator":{"name":"firestore"},"message":"Multiple projectIds are not recommended in single project mode. Requested project ID sih2026-ce822, but the emulator is configured for demo-sih2026. To opt-out of single project mode add/set the '\"singleProjectMode\": false' property in the firebase.json emulators config.\r\n"}}
[debug] [2026-09-03T06:03:26.702Z] Multiple projectIds are not recommended in single project mode. Requested project ID sih2026-ce822, but the emulator is configured for demo-sih2026. To opt-out of single project mode add/set the '"singleProjectMode": false' property in the firebase.json emulators config.
 {"metadata":{"emulator":{"name":"firestore"},"message":"Multiple projectIds are not recommended in single project mode. Requested project ID sih2026-ce822, but the emulator is configured for demo-sih2026. To opt-out of single project mode add/set the '\"singleProjectMode\": false' property in the firebase.json emulators config.\r\n"}}
[debug] [2026-09-03T06:03:26.703Z] Multiple projectIds are not recommended in single project mode. Requested project ID sih2026-ce822, but the emulator is configured for demo-sih2026. To opt-out of single project mode add/set the '"singleProjectMode": false' property in the firebase.json emulators config.
 {"metadata":{"emulator":{"name":"firestore"},"message":"Multiple projectIds are not recommended in single project mode. Requested project ID sih2026-ce822, but the emulator is configured for demo-sih2026. To opt-out of single project mode add/set the '\"singleProjectMode\": false' property in the firebase.json emulators config.\r\n"}}
[debug] [2026-09-03T06:03:26.922Z] Multiple projectIds are not recommended in single project mode. Requested project ID sih2026-ce822, but the emulator is configured for demo-sih2026. To opt-out of single project mode add/set the '"singleProjectMode": false' property in the firebase.json emulators config.
 {"metadata":{"emulator":{"name":"firestore"},"message":"Multiple projectIds are not recommended in single project mode. Requested project ID sih2026-ce822, but the emulator is configured for demo-sih2026. To opt-out of single project mode add/set the '\"singleProjectMode\": false' property in the firebase.json emulators config.\r\n"}}
[debug] [2026-09-03T06:03:26.922Z] Multiple projectIds are not recommended in single project mode. Requested project ID sih2026-ce822, but the emulator is configured for demo-sih2026. To opt-out of single project mode add/set the '"singleProjectMode": false' property in the firebase.json emulators config.
 {"metadata":{"emulator":{"name":"firestore"},"message":"Multiple projectIds are not recommended in single project mode. Requested project ID sih2026-ce822, but the emulator is configured for demo-sih2026. To opt-out of single project mode add/set the '\"singleProjectMode\": false' property in the firebase.json emulators config.\r\n"}}
[debug] [2026-09-03T06:03:26.937Z] Multiple projectIds are not recommended in single project mode. Requested project ID sih2026-ce822, but the emulator is configured for demo-sih2026. To opt-out of single project mode add/set the '"singleProjectMode": false' property in the firebase.json emulators config.
 {"metadata":{"emulator":{"name":"firestore"},"message":"Multiple projectIds are not recommended in single project mode. Requested project ID sih2026-ce822, but the emulator is configured for demo-sih2026. To opt-out of single project mode add/set the '\"singleProjectMode\": false' property in the firebase.json emulators config.\r\n"}}
[debug] [2026-09-03T06:03:26.939Z] Multiple projectIds are not recommended in single project mode. Requested project ID sih2026-ce822, but the emulator is configured for demo-sih2026. To opt-out of single project mode add/set the '"singleProjectMode": false' property in the firebase.json emulators config.
 {"metadata":{"emulator":{"name":"firestore"},"message":"Multiple projectIds are not recommended in single project mode. Requested project ID sih2026-ce822, but the emulator is configured for demo-sih2026. To opt-out of single project mode add/set the '\"singleProjectMode\": false' property in the firebase.json emulators config.\r\n"}}
[debug] [2026-09-03T06:03:27.170Z] Multiple projectIds are not recommended in single project mode. Requested project ID sih2026-ce822, but the emulator is configured for demo-sih2026. To opt-out of single project mode add/set the '"singleProjectMode": false' property in the firebase.json emulators config.
 {"metadata":{"emulator":{"name":"firestore"},"message":"Multiple projectIds are not recommended in single project mode. Requested project ID sih2026-ce822, but the emulator is configured for demo-sih2026. To opt-out of single project mode add/set the '\"singleProjectMode\": false' property in the firebase.json emulators config.\r\n"}}
[debug] [2026-09-03T06:03:27.170Z] Multiple projectIds are not recommended in single project mode. Requested project ID sih2026-ce822, but the emulator is configured for demo-sih2026. To opt-out of single project mode add/set the '"singleProjectMode": false' property in the firebase.json emulators config.
 {"metadata":{"emulator":{"name":"firestore"},"message":"Multiple projectIds are not recommended in single project mode. Requested project ID sih2026-ce822, but the emulator is configured for demo-sih2026. To opt-out of single project mode add/set the '\"singleProjectMode\": false' property in the firebase.json emulators config.\r\n"}}
[debug] [2026-09-03T06:03:27.186Z] Multiple projectIds are not recommended in single project mode. Requested project ID sih2026-ce822, but the emulator is configured for demo-sih2026. To opt-out of single project mode add/set the '"singleProjectMode": false' property in the firebase.json emulators config.
 {"metadata":{"emulator":{"name":"firestore"},"message":"Multiple projectIds are not recommended in single project mode. Requested project ID sih2026-ce822, but the emulator is configured for demo-sih2026. To opt-out of single project mode add/set the '\"singleProjectMode\": false' property in the firebase.json emulators config.\r\n"}}
[debug] [2026-09-03T06:03:27.187Z] Multiple projectIds are not recommended in single project mode. Requested project ID sih2026-ce822, but the emulator is configured for demo-sih2026. To opt-out of single project mode add/set the '"singleProjectMode": false' property in the firebase.json emulators config.
 {"metadata":{"emulator":{"name":"firestore"},"message":"Multiple projectIds are not recommended in single project mode. Requested project ID sih2026-ce822, but the emulator is configured for demo-sih2026. To opt-out of single project mode add/set the '\"singleProjectMode\": false' property in the firebase.json emulators config.\r\n"}}
[debug] [2026-09-03T06:03:27.403Z] Multiple projectIds are not recommended in single project mode. Requested project ID sih2026-ce822, but the emulator is configured for demo-sih2026. To opt-out of single project mode add/set the '"singleProjectMode": false' property in the firebase.json emulators config.
 {"metadata":{"emulator":{"name":"firestore"},"message":"Multiple projectIds are not recommended in single project mode. Requested project ID sih2026-ce822, but the emulator is configured for demo-sih2026. To opt-out of single project mode add/set the '\"singleProjectMode\": false' property in the firebase.json emulators config.\r\n"}}
[debug] [2026-09-03T06:03:27.403Z] Multiple projectIds are not recommended in single project mode. Requested project ID sih2026-ce822, but the emulator is configured for demo-sih2026. To opt-out of single project mode add/set the '"singleProjectMode": false' property in the firebase.json emulators config.
 {"metadata":{"emulator":{"name":"firestore"},"message":"Multiple projectIds are not recommended in single project mode. Requested project ID sih2026-ce822, but the emulator is configured for demo-sih2026. To opt-out of single project mode add/set the '\"singleProjectMode\": false' property in the firebase.json emulators config.\r\n"}}
[debug] [2026-09-03T06:03:27.419Z] Multiple projectIds are not recommended in single project mode. Requested project ID sih2026-ce822, but the emulator is configured for demo-sih2026. To opt-out of single project mode add/set the '"singleProjectMode": false' property in the firebase.json emulators config.
 {"metadata":{"emulator":{"name":"firestore"},"message":"Multiple projectIds are not recommended in single project mode. Requested project ID sih2026-ce822, but the emulator is configured for demo-sih2026. To opt-out of single project mode add/set the '\"singleProjectMode\": false' property in the firebase.json emulators config.\r\n"}}
[debug] [2026-09-03T06:03:27.419Z] Multiple projectIds are not recommended in single project mode. Requested project ID sih2026-ce822, but the emulator is configured for demo-sih2026. To opt-out of single project mode add/set the '"singleProjectMode": false' property in the firebase.json emulators config.
 {"metadata":{"emulator":{"name":"firestore"},"message":"Multiple projectIds are not recommended in single project mode. Requested project ID sih2026-ce822, but the emulator is configured for demo-sih2026. To opt-out of single project mode add/set the '\"singleProjectMode\": false' property in the firebase.json emulators config.\r\n"}}
[debug] [2026-09-03T06:03:27.654Z] Multiple projectIds are not recommended in single project mode. Requested project ID sih2026-ce822, but the emulator is configured for demo-sih2026. To opt-out of single project mode add/set the '"singleProjectMode": false' property in the firebase.json emulators config.
 {"metadata":{"emulator":{"name":"firestore"},"message":"Multiple projectIds are not recommended in single project mode. Requested project ID sih2026-ce822, but the emulator is configured for demo-sih2026. To opt-out of single project mode add/set the '\"singleProjectMode\": false' property in the firebase.json emulators config.\r\n"}}
[debug] [2026-09-03T06:03:27.654Z] Multiple projectIds are not recommended in single project mode. Requested project ID sih2026-ce822, but the emulator is configured for demo-sih2026. To opt-out of single project mode add/set the '"singleProjectMode": false' property in the firebase.json emulators config.
 {"metadata":{"emulator":{"name":"firestore"},"message":"Multiple projectIds are not recommended in single project mode. Requested project ID sih2026-ce822, but the emulator is configured for demo-sih2026. To opt-out of single project mode add/set the '\"singleProjectMode\": false' property in the firebase.json emulators config.\r\n"}}
[debug] [2026-09-03T06:03:27.660Z] Multiple projectIds are not recommended in single project mode. Requested project ID sih2026-ce822, but the emulator is configured for demo-sih2026. To opt-out of single project mode add/set the '"singleProjectMode": false' property in the firebase.json emulators config.
 {"metadata":{"emulator":{"name":"firestore"},"message":"Multiple projectIds are not recommended in single project mode. Requested project ID sih2026-ce822, but the emulator is configured for demo-sih2026. To opt-out of single project mode add/set the '\"singleProjectMode\": false' property in the firebase.json emulators config.\r\n"}}
[debug] [2026-09-03T06:03:27.660Z] Multiple projectIds are not recommended in single project mode. Requested project ID sih2026-ce822, but the emulator is configured for demo-sih2026. To opt-out of single project mode add/set the '"singleProjectMode": false' property in the firebase.json emulators config.
 {"metadata":{"emulator":{"name":"firestore"},"message":"Multiple projectIds are not recommended in single project mode. Requested project ID sih2026-ce822, but the emulator is configured for demo-sih2026. To opt-out of single project mode add/set the '\"singleProjectMode\": false' property in the firebase.json emulators config.\r\n"}}
[debug] [2026-09-03T06:03:27.868Z] Multiple projectIds are not recommended in single project mode. Requested project ID sih2026-ce822, but the emulator is configured for demo-sih2026. To opt-out of single project mode add/set the '"singleProjectMode": false' property in the firebase.json emulators config.
 {"metadata":{"emulator":{"name":"firestore"},"message":"Multiple projectIds are not recommended in single project mode. Requested project ID sih2026-ce822, but the emulator is configured for demo-sih2026. To opt-out of single project mode add/set the '\"singleProjectMode\": false' property in the firebase.json emulators config.\r\n"}}
[debug] [2026-09-03T06:03:27.869Z] Multiple projectIds are not recommended in single project mode. Requested project ID sih2026-ce822, but the emulator is configured for demo-sih2026. To opt-out of single project mode add/set the '"singleProjectMode": false' property in the firebase.json emulators config.
 {"metadata":{"emulator":{"name":"firestore"},"message":"Multiple projectIds are not recommended in single project mode. Requested project ID sih2026-ce822, but the emulator is configured for demo-sih2026. To opt-out of single project mode add/set the '\"singleProjectMode\": false' property in the firebase.json emulators config.\r\n"}}
[debug] [2026-09-03T06:03:27.886Z] Multiple projectIds are not recommended in single project mode. Requested project ID sih2026-ce822, but the emulator is configured for demo-sih2026. To opt-out of single project mode add/set the '"singleProjectMode": false' property in the firebase.json emulators config.
 {"metadata":{"emulator":{"name":"firestore"},"message":"Multiple projectIds are not recommended in single project mode. Requested project ID sih2026-ce822, but the emulator is configured for demo-sih2026. To opt-out of single project mode add/set the '\"singleProjectMode\": false' property in the firebase.json emulators config.\r\n"}}
[debug] [2026-09-03T06:03:27.886Z] Multiple projectIds are not recommended in single project mode. Requested project ID sih2026-ce822, but the emulator is configured for demo-sih2026. To opt-out of single project mode add/set the '"singleProjectMode": false' property in the firebase.json emulators config.
 {"metadata":{"emulator":{"name":"firestore"},"message":"Multiple projectIds are not recommended in single project mode. Requested project ID sih2026-ce822, but the emulator is configured for demo-sih2026. To opt-out of single project mode add/set the '\"singleProjectMode\": false' property in the firebase.json emulators config.\r\n"}}
[debug] [2026-09-03T06:03:28.118Z] Multiple projectIds are not recommended in single project mode. Requested project ID sih2026-ce822, but the emulator is configured for demo-sih2026. To opt-out of single project mode add/set the '"singleProjectMode": false' property in the firebase.json emulators config.
 {"metadata":{"emulator":{"name":"firestore"},"message":"Multiple projectIds are not recommended in single project mode. Requested project ID sih2026-ce822, but the emulator is configured for demo-sih2026. To opt-out of single project mode add/set the '\"singleProjectMode\": false' property in the firebase.json emulators config.\r\n"}}
[debug] [2026-09-03T06:03:28.119Z] Multiple projectIds are not recommended in single project mode. Requested project ID sih2026-ce822, but the emulator is configured for demo-sih2026. To opt-out of single project mode add/set the '"singleProjectMode": false' property in the firebase.json emulators config.
 {"metadata":{"emulator":{"name":"firestore"},"message":"Multiple projectIds are not recommended in single project mode. Requested project ID sih2026-ce822, but the emulator is configured for demo-sih2026. To opt-out of single project mode add/set the '\"singleProjectMode\": false' property in the firebase.json emulators config.\r\n"}}
[debug] [2026-09-03T06:03:28.136Z] Multiple projectIds are not recommended in single project mode. Requested project ID sih2026-ce822, but the emulator is configured for demo-sih2026. To opt-out of single project mode add/set the '"singleProjectMode": false' property in the firebase.json emulators config.
 {"metadata":{"emulator":{"name":"firestore"},"message":"Multiple projectIds are not recommended in single project mode. Requested project ID sih2026-ce822, but the emulator is configured for demo-sih2026. To opt-out of single project mode add/set the '\"singleProjectMode\": false' property in the firebase.json emulators config.\r\n"}}
[debug] [2026-09-03T06:03:28.136Z] Multiple projectIds are not recommended in single project mode. Requested project ID sih2026-ce822, but the emulator is configured for demo-sih2026. To opt-out of single project mode add/set the '"singleProjectMode": false' property in the firebase.json emulators config.
 {"metadata":{"emulator":{"name":"firestore"},"message":"Multiple projectIds are not recommended in single project mode. Requested project ID sih2026-ce822, but the emulator is configured for demo-sih2026. To opt-out of single project mode add/set the '\"singleProjectMode\": false' property in the firebase.json emulators config.\r\n"}}
[debug] [2026-09-03T06:03:28.358Z] Multiple projectIds are not recommended in single project mode. Requested project ID sih2026-ce822, but the emulator is configured for demo-sih2026. To opt-out of single project mode add/set the '"singleProjectMode": false' property in the firebase.json emulators config.
 {"metadata":{"emulator":{"name":"firestore"},"message":"Multiple projectIds are not recommended in single project mode. Requested project ID sih2026-ce822, but the emulator is configured for demo-sih2026. To opt-out of single project mode add/set the '\"singleProjectMode\": false' property in the firebase.json emulators config.\r\n"}}
[debug] [2026-09-03T06:03:28.358Z] Multiple projectIds are not recommended in single project mode. Requested project ID sih2026-ce822, but the emulator is configured for demo-sih2026. To opt-out of single project mode add/set the '"singleProjectMode": false' property in the firebase.json emulators config.
 {"metadata":{"emulator":{"name":"firestore"},"message":"Multiple projectIds are not recommended in single project mode. Requested project ID sih2026-ce822, but the emulator is configured for demo-sih2026. To opt-out of single project mode add/set the '\"singleProjectMode\": false' property in the firebase.json emulators config.\r\n"}}
[debug] [2026-09-03T06:03:28.373Z] Multiple projectIds are not recommended in single project mode. Requested project ID sih2026-ce822, but the emulator is configured for demo-sih2026. To opt-out of single project mode add/set the '"singleProjectMode": false' property in the firebase.json emulators config.
 {"metadata":{"emulator":{"name":"firestore"},"message":"Multiple projectIds are not recommended in single project mode. Requested project ID sih2026-ce822, but the emulator is configured for demo-sih2026. To opt-out of single project mode add/set the '\"singleProjectMode\": false' property in the firebase.json emulators config.\r\n"}}
[debug] [2026-09-03T06:03:28.373Z] Multiple projectIds are not recommended in single project mode. Requested project ID sih2026-ce822, but the emulator is configured for demo-sih2026. To opt-out of single project mode add/set the '"singleProjectMode": false' property in the firebase.json emulators config.
 {"metadata":{"emulator":{"name":"firestore"},"message":"Multiple projectIds are not recommended in single project mode. Requested project ID sih2026-ce822, but the emulator is configured for demo-sih2026. To opt-out of single project mode add/set the '\"singleProjectMode\": false' property in the firebase.json emulators config.\r\n"}}
[debug] [2026-09-03T06:03:28.604Z] Multiple projectIds are not recommended in single project mode. Requested project ID sih2026-ce822, but the emulator is configured for demo-sih2026. To opt-out of single project mode add/set the '"singleProjectMode": false' property in the firebase.json emulators config.
 {"metadata":{"emulator":{"name":"firestore"},"message":"Multiple projectIds are not recommended in single project mode. Requested project ID sih2026-ce822, but the emulator is configured for demo-sih2026. To opt-out of single project mode add/set the '\"singleProjectMode\": false' property in the firebase.json emulators config.\r\n"}}
[debug] [2026-09-03T06:03:28.605Z] Multiple projectIds are not recommended in single project mode. Requested project ID sih2026-ce822, but the emulator is configured for demo-sih2026. To opt-out of single project mode add/set the '"singleProjectMode": false' property in the firebase.json emulators config.
 {"metadata":{"emulator":{"name":"firestore"},"message":"Multiple projectIds are not recommended in single project mode. Requested project ID sih2026-ce822, but the emulator is configured for demo-sih2026. To opt-out of single project mode add/set the '\"singleProjectMode\": false' property in the firebase.json emulators config.\r\n"}}
[debug] [2026-09-03T06:03:28.622Z] Multiple projectIds are not recommended in single project mode. Requested project ID sih2026-ce822, but the emulator is configured for demo-sih2026. To opt-out of single project mode add/set the '"singleProjectMode": false' property in the firebase.json emulators config.
 {"metadata":{"emulator":{"name":"firestore"},"message":"Multiple projectIds are not recommended in single project mode. Requested project ID sih2026-ce822, but the emulator is configured for demo-sih2026. To opt-out of single project mode add/set the '\"singleProjectMode\": false' property in the firebase.json emulators config.\r\n"}}
[debug] [2026-09-03T06:03:28.622Z] Multiple projectIds are not recommended in single project mode. Requested project ID sih2026-ce822, but the emulator is configured for demo-sih2026. To opt-out of single project mode add/set the '"singleProjectMode": false' property in the firebase.json emulators config.
 {"metadata":{"emulator":{"name":"firestore"},"message":"Multiple projectIds are not recommended in single project mode. Requested project ID sih2026-ce822, but the emulator is configured for demo-sih2026. To opt-out of single project mode add/set the '\"singleProjectMode\": false' property in the firebase.json emulators config.\r\n"}}
[debug] [2026-09-03T06:03:28.838Z] Multiple projectIds are not recommended in single project mode. Requested project ID sih2026-ce822, but the emulator is configured for demo-sih2026. To opt-out of single project mode add/set the '"singleProjectMode": false' property in the firebase.json emulators config.
 {"metadata":{"emulator":{"name":"firestore"},"message":"Multiple projectIds are not recommended in single project mode. Requested project ID sih2026-ce822, but the emulator is configured for demo-sih2026. To opt-out of single project mode add/set the '\"singleProjectMode\": false' property in the firebase.json emulators config.\r\n"}}
[debug] [2026-09-03T06:03:28.838Z] Multiple projectIds are not recommended in single project mode. Requested project ID sih2026-ce822, but the emulator is configured for demo-sih2026. To opt-out of single project mode add/set the '"singleProjectMode": false' property in the firebase.json emulators config.
 {"metadata":{"emulator":{"name":"firestore"},"message":"Multiple projectIds are not recommended in single project mode. Requested project ID sih2026-ce822, but the emulator is configured for demo-sih2026. To opt-out of single project mode add/set the '\"singleProjectMode\": false' property in the firebase.json emulators config.\r\n"}}
[debug] [2026-09-03T06:03:28.852Z] Multiple projectIds are not recommended in single project mode. Requested project ID sih2026-ce822, but the emulator is configured for demo-sih2026. To opt-out of single project mode add/set the '"singleProjectMode": false' property in the firebase.json emulators config.
 {"metadata":{"emulator":{"name":"firestore"},"message":"Multiple projectIds are not recommended in single project mode. Requested project ID sih2026-ce822, but the emulator is configured for demo-sih2026. To opt-out of single project mode add/set the '\"singleProjectMode\": false' property in the firebase.json emulators config.\r\n"}}
[debug] [2026-09-03T06:03:28.852Z] Multiple projectIds are not recommended in single project mode. Requested project ID sih2026-ce822, but the emulator is configured for demo-sih2026. To opt-out of single project mode add/set the '"singleProjectMode": false' property in the firebase.json emulators config.
 {"metadata":{"emulator":{"name":"firestore"},"message":"Multiple projectIds are not recommended in single project mode. Requested project ID sih2026-ce822, but the emulator is configured for demo-sih2026. To opt-out of single project mode add/set the '\"singleProjectMode\": false' property in the firebase.json emulators config.\r\n"}}
[debug] [2026-09-03T06:03:29.087Z] Multiple projectIds are not recommended in single project mode. Requested project ID sih2026-ce822, but the emulator is configured for demo-sih2026. To opt-out of single project mode add/set the '"singleProjectMode": false' property in the firebase.json emulators config.
 {"metadata":{"emulator":{"name":"firestore"},"message":"Multiple projectIds are not recommended in single project mode. Requested project ID sih2026-ce822, but the emulator is configured for demo-sih2026. To opt-out of single project mode add/set the '\"singleProjectMode\": false' property in the firebase.json emulators config.\r\n"}}
[debug] [2026-09-03T06:03:29.087Z] Multiple projectIds are not recommended in single project mode. Requested project ID sih2026-ce822, but the emulator is configured for demo-sih2026. To opt-out of single project mode add/set the '"singleProjectMode": false' property in the firebase.json emulators config.
 {"metadata":{"emulator":{"name":"firestore"},"message":"Multiple projectIds are not recommended in single project mode. Requested project ID sih2026-ce822, but the emulator is configured for demo-sih2026. To opt-out of single project mode add/set the '\"singleProjectMode\": false' property in the firebase.json emulators config.\r\n"}}
[debug] [2026-09-03T06:03:29.103Z] Multiple projectIds are not recommended in single project mode. Requested project ID sih2026-ce822, but the emulator is configured for demo-sih2026. To opt-out of single project mode add/set the '"singleProjectMode": false' property in the firebase.json emulators config.
 {"metadata":{"emulator":{"name":"firestore"},"message":"Multiple projectIds are not recommended in single project mode. Requested project ID sih2026-ce822, but the emulator is configured for demo-sih2026. To opt-out of single project mode add/set the '\"singleProjectMode\": false' property in the firebase.json emulators config.\r\n"}}
[debug] [2026-09-03T06:03:29.103Z] Multiple projectIds are not recommended in single project mode. Requested project ID sih2026-ce822, but the emulator is configured for demo-sih2026. To opt-out of single project mode add/set the '"singleProjectMode": false' property in the firebase.json emulators config.
 {"metadata":{"emulator":{"name":"firestore"},"message":"Multiple projectIds are not recommended in single project mode. Requested project ID sih2026-ce822, but the emulator is configured for demo-sih2026. To opt-out of single project mode add/set the '\"singleProjectMode\": false' property in the firebase.json emulators config.\r\n"}}
[debug] [2026-09-03T06:03:29.321Z] Multiple projectIds are not recommended in single project mode. Requested project ID sih2026-ce822, but the emulator is configured for demo-sih2026. To opt-out of single project mode add/set the '"singleProjectMode": false' property in the firebase.json emulators config.
 {"metadata":{"emulator":{"name":"firestore"},"message":"Multiple projectIds are not recommended in single project mode. Requested project ID sih2026-ce822, but the emulator is configured for demo-sih2026. To opt-out of single project mode add/set the '\"singleProjectMode\": false' property in the firebase.json emulators config.\r\n"}}
[debug] [2026-09-03T06:03:29.321Z] Multiple projectIds are not recommended in single project mode. Requested project ID sih2026-ce822, but the emulator is configured for demo-sih2026. To opt-out of single project mode add/set the '"singleProjectMode": false' property in the firebase.json emulators config.
 {"metadata":{"emulator":{"name":"firestore"},"message":"Multiple projectIds are not recommended in single project mode. Requested project ID sih2026-ce822, but the emulator is configured for demo-sih2026. To opt-out of single project mode add/set the '\"singleProjectMode\": false' property in the firebase.json emulators config.\r\n"}}
[debug] [2026-09-03T06:03:29.354Z] Multiple projectIds are not recommended in single project mode. Requested project ID sih2026-ce822, but the emulator is configured for demo-sih2026. To opt-out of single project mode add/set the '"singleProjectMode": false' property in the firebase.json emulators config.
 {"metadata":{"emulator":{"name":"firestore"},"message":"Multiple projectIds are not recommended in single project mode. Requested project ID sih2026-ce822, but the emulator is configured for demo-sih2026. To opt-out of single project mode add/set the '\"singleProjectMode\": false' property in the firebase.json emulators config.\r\n"}}
[debug] [2026-09-03T06:03:29.354Z] Multiple projectIds are not recommended in single project mode. Requested project ID sih2026-ce822, but the emulator is configured for demo-sih2026. To opt-out of single project mode add/set the '"singleProjectMode": false' property in the firebase.json emulators config.
 {"metadata":{"emulator":{"name":"firestore"},"message":"Multiple projectIds are not recommended in single project mode. Requested project ID sih2026-ce822, but the emulator is configured for demo-sih2026. To opt-out of single project mode add/set the '\"singleProjectMode\": false' property in the firebase.json emulators config.\r\n"}}
[debug] [2026-09-03T06:03:29.588Z] Multiple projectIds are not recommended in single project mode. Requested project ID sih2026-ce822, but the emulator is configured for demo-sih2026. To opt-out of single project mode add/set the '"singleProjectMode": false' property in the firebase.json emulators config.
Multiple projectIds are not recommended in single project mode. Requested project ID sih2026-ce822, but the emulator is configured for demo-sih2026. To opt-out of single project mode add/set the '"singleProjectMode": false' property in the firebase.json emulators config.
 {"metadata":{"emulator":{"name":"firestore"},"message":"Multiple projectIds are not recommended in single project mode. Requested project ID sih2026-ce822, but the emulator is configured for demo-sih2026. To opt-out of single project mode add/set the '\"singleProjectMode\": false' property in the firebase.json emulators config.\r\nMultiple projectIds are not recommended in single project mode. Requested project ID sih2026-ce822, but the emulator is configured for demo-sih2026. To opt-out of single project mode add/set the '\"singleProjectMode\": false' property in the firebase.json emulators config.\r\n"}}
[debug] [2026-09-03T06:03:29.602Z] Multiple projectIds are not recommended in single project mode. Requested project ID sih2026-ce822, but the emulator is configured for demo-sih2026. To opt-out of single project mode add/set the '"singleProjectMode": false' property in the firebase.json emulators config.
 {"metadata":{"emulator":{"name":"firestore"},"message":"Multiple projectIds are not recommended in single project mode. Requested project ID sih2026-ce822, but the emulator is configured for demo-sih2026. To opt-out of single project mode add/set the '\"singleProjectMode\": false' property in the firebase.json emulators config.\r\n"}}
[debug] [2026-09-03T06:03:29.603Z] Multiple projectIds are not recommended in single project mode. Requested project ID sih2026-ce822, but the emulator is configured for demo-sih2026. To opt-out of single project mode add/set the '"singleProjectMode": false' property in the firebase.json emulators config.
 {"metadata":{"emulator":{"name":"firestore"},"message":"Multiple projectIds are not recommended in single project mode. Requested project ID sih2026-ce822, but the emulator is configured for demo-sih2026. To opt-out of single project mode add/set the '\"singleProjectMode\": false' property in the firebase.json emulators config.\r\n"}}
[debug] [2026-09-03T06:03:29.836Z] Multiple projectIds are not recommended in single project mode. Requested project ID sih2026-ce822, but the emulator is configured for demo-sih2026. To opt-out of single project mode add/set the '"singleProjectMode": false' property in the firebase.json emulators config.
 {"metadata":{"emulator":{"name":"firestore"},"message":"Multiple projectIds are not recommended in single project mode. Requested project ID sih2026-ce822, but the emulator is configured for demo-sih2026. To opt-out of single project mode add/set the '\"singleProjectMode\": false' property in the firebase.json emulators config.\r\n"}}
[debug] [2026-09-03T06:03:29.837Z] Multiple projectIds are not recommended in single project mode. Requested project ID sih2026-ce822, but the emulator is configured for demo-sih2026. To opt-out of single project mode add/set the '"singleProjectMode": false' property in the firebase.json emulators config.
 {"metadata":{"emulator":{"name":"firestore"},"message":"Multiple projectIds are not recommended in single project mode. Requested project ID sih2026-ce822, but the emulator is configured for demo-sih2026. To opt-out of single project mode add/set the '\"singleProjectMode\": false' property in the firebase.json emulators config.\r\n"}}
[debug] [2026-09-03T06:03:29.852Z] Multiple projectIds are not recommended in single project mode. Requested project ID sih2026-ce822, but the emulator is configured for demo-sih2026. To opt-out of single project mode add/set the '"singleProjectMode": false' property in the firebase.json emulators config.
 {"metadata":{"emulator":{"name":"firestore"},"message":"Multiple projectIds are not recommended in single project mode. Requested project ID sih2026-ce822, but the emulator is configured for demo-sih2026. To opt-out of single project mode add/set the '\"singleProjectMode\": false' property in the firebase.json emulators config.\r\n"}}
[debug] [2026-09-03T06:03:29.852Z] Multiple projectIds are not recommended in single project mode. Requested project ID sih2026-ce822, but the emulator is configured for demo-sih2026. To opt-out of single project mode add/set the '"singleProjectMode": false' property in the firebase.json emulators config.
 {"metadata":{"emulator":{"name":"firestore"},"message":"Multiple projectIds are not recommended in single project mode. Requested project ID sih2026-ce822, but the emulator is configured for demo-sih2026. To opt-out of single project mode add/set the '\"singleProjectMode\": false' property in the firebase.json emulators config.\r\n"}}
[debug] [2026-09-03T06:03:30.086Z] Multiple projectIds are not recommended in single project mode. Requested project ID sih2026-ce822, but the emulator is configured for demo-sih2026. To opt-out of single project mode add/set the '"singleProjectMode": false' property in the firebase.json emulators config.
 {"metadata":{"emulator":{"name":"firestore"},"message":"Multiple projectIds are not recommended in single project mode. Requested project ID sih2026-ce822, but the emulator is configured for demo-sih2026. To opt-out of single project mode add/set the '\"singleProjectMode\": false' property in the firebase.json emulators config.\r\n"}}
[debug] [2026-09-03T06:03:30.086Z] Multiple projectIds are not recommended in single project mode. Requested project ID sih2026-ce822, but the emulator is configured for demo-sih2026. To opt-out of single project mode add/set the '"singleProjectMode": false' property in the firebase.json emulators config.
 {"metadata":{"emulator":{"name":"firestore"},"message":"Multiple projectIds are not recommended in single project mode. Requested project ID sih2026-ce822, but the emulator is configured for demo-sih2026. To opt-out of single project mode add/set the '\"singleProjectMode\": false' property in the firebase.json emulators config.\r\n"}}
[debug] [2026-09-03T06:03:30.101Z] Multiple projectIds are not recommended in single project mode. Requested project ID sih2026-ce822, but the emulator is configured for demo-sih2026. To opt-out of single project mode add/set the '"singleProjectMode": false' property in the firebase.json emulators config.
 {"metadata":{"emulator":{"name":"firestore"},"message":"Multiple projectIds are not recommended in single project mode. Requested project ID sih2026-ce822, but the emulator is configured for demo-sih2026. To opt-out of single project mode add/set the '\"singleProjectMode\": false' property in the firebase.json emulators config.\r\n"}}
[debug] [2026-09-03T06:03:30.102Z] Multiple projectIds are not recommended in single project mode. Requested project ID sih2026-ce822, but the emulator is configured for demo-sih2026. To opt-out of single project mode add/set the '"singleProjectMode": false' property in the firebase.json emulators config.
 {"metadata":{"emulator":{"name":"firestore"},"message":"Multiple projectIds are not recommended in single project mode. Requested project ID sih2026-ce822, but the emulator is configured for demo-sih2026. To opt-out of single project mode add/set the '\"singleProjectMode\": false' property in the firebase.json emulators config.\r\n"}}
[debug] [2026-09-03T06:03:30.337Z] Multiple projectIds are not recommended in single project mode. Requested project ID sih2026-ce822, but the emulator is configured for demo-sih2026. To opt-out of single project mode add/set the '"singleProjectMode": false' property in the firebase.json emulators config.
 {"metadata":{"emulator":{"name":"firestore"},"message":"Multiple projectIds are not recommended in single project mode. Requested project ID sih2026-ce822, but the emulator is configured for demo-sih2026. To opt-out of single project mode add/set the '\"singleProjectMode\": false' property in the firebase.json emulators config.\r\n"}}
[debug] [2026-09-03T06:03:30.337Z] Multiple projectIds are not recommended in single project mode. Requested project ID sih2026-ce822, but the emulator is configured for demo-sih2026. To opt-out of single project mode add/set the '"singleProjectMode": false' property in the firebase.json emulators config.
 {"metadata":{"emulator":{"name":"firestore"},"message":"Multiple projectIds are not recommended in single project mode. Requested project ID sih2026-ce822, but the emulator is configured for demo-sih2026. To opt-out of single project mode add/set the '\"singleProjectMode\": false' property in the firebase.json emulators config.\r\n"}}
[debug] [2026-09-03T06:03:30.353Z] Multiple projectIds are not recommended in single project mode. Requested project ID sih2026-ce822, but the emulator is configured for demo-sih2026. To opt-out of single project mode add/set the '"singleProjectMode": false' property in the firebase.json emulators config.
 {"metadata":{"emulator":{"name":"firestore"},"message":"Multiple projectIds are not recommended in single project mode. Requested project ID sih2026-ce822, but the emulator is configured for demo-sih2026. To opt-out of single project mode add/set the '\"singleProjectMode\": false' property in the firebase.json emulators config.\r\n"}}
[debug] [2026-09-03T06:03:30.353Z] Multiple projectIds are not recommended in single project mode. Requested project ID sih2026-ce822, but the emulator is configured for demo-sih2026. To opt-out of single project mode add/set the '"singleProjectMode": false' property in the firebase.json emulators config.
 {"metadata":{"emulator":{"name":"firestore"},"message":"Multiple projectIds are not recommended in single project mode. Requested project ID sih2026-ce822, but the emulator is configured for demo-sih2026. To opt-out of single project mode add/set the '\"singleProjectMode\": false' property in the firebase.json emulators config.\r\n"}}
[debug] [2026-09-03T06:03:30.580Z] Multiple projectIds are not recommended in single project mode. Requested project ID sih2026-ce822, but the emulator is configured for demo-sih2026. To opt-out of single project mode add/set the '"singleProjectMode": false' property in the firebase.json emulators config.
Multiple projectIds are not recommended in single project mode. Requested project ID sih2026-ce822, but the emulator is configured for demo-sih2026. To opt-out of single project mode add/set the '"singleProjectMode": false' property in the firebase.json emulators config.
 {"metadata":{"emulator":{"name":"firestore"},"message":"Multiple projectIds are not recommended in single project mode. Requested project ID sih2026-ce822, but the emulator is configured for demo-sih2026. To opt-out of single project mode add/set the '\"singleProjectMode\": false' property in the firebase.json emulators config.\r\nMultiple projectIds are not recommended in single project mode. Requested project ID sih2026-ce822, but the emulator is configured for demo-sih2026. To opt-out of single project mode add/set the '\"singleProjectMode\": false' property in the firebase.json emulators config.\r\n"}}
[debug] [2026-09-03T06:03:30.603Z] Multiple projectIds are not recommended in single project mode. Requested project ID sih2026-ce822, but the emulator is configured for demo-sih2026. To opt-out of single project mode add/set the '"singleProjectMode": false' property in the firebase.json emulators config.
 {"metadata":{"emulator":{"name":"firestore"},"message":"Multiple projectIds are not recommended in single project mode. Requested project ID sih2026-ce822, but the emulator is configured for demo-sih2026. To opt-out of single project mode add/set the '\"singleProjectMode\": false' property in the firebase.json emulators config.\r\n"}}
[debug] [2026-09-03T06:03:30.603Z] Multiple projectIds are not recommended in single project mode. Requested project ID sih2026-ce822, but the emulator is configured for demo-sih2026. To opt-out of single project mode add/set the '"singleProjectMode": false' property in the firebase.json emulators config.
 {"metadata":{"emulator":{"name":"firestore"},"message":"Multiple projectIds are not recommended in single project mode. Requested project ID sih2026-ce822, but the emulator is configured for demo-sih2026. To opt-out of single project mode add/set the '\"singleProjectMode\": false' property in the firebase.json emulators config.\r\n"}}
[debug] [2026-09-03T06:03:30.836Z] Multiple projectIds are not recommended in single project mode. Requested project ID sih2026-ce822, but the emulator is configured for demo-sih2026. To opt-out of single project mode add/set the '"singleProjectMode": false' property in the firebase.json emulators config.
 {"metadata":{"emulator":{"name":"firestore"},"message":"Multiple projectIds are not recommended in single project mode. Requested project ID sih2026-ce822, but the emulator is configured for demo-sih2026. To opt-out of single project mode add/set the '\"singleProjectMode\": false' property in the firebase.json emulators config.\r\n"}}
[debug] [2026-09-03T06:03:30.837Z] Multiple projectIds are not recommended in single project mode. Requested project ID sih2026-ce822, but the emulator is configured for demo-sih2026. To opt-out of single project mode add/set the '"singleProjectMode": false' property in the firebase.json emulators config.
 {"metadata":{"emulator":{"name":"firestore"},"message":"Multiple projectIds are not recommended in single project mode. Requested project ID sih2026-ce822, but the emulator is configured for demo-sih2026. To opt-out of single project mode add/set the '\"singleProjectMode\": false' property in the firebase.json emulators config.\r\n"}}
[debug] [2026-09-03T06:03:30.852Z] Multiple projectIds are not recommended in single project mode. Requested project ID sih2026-ce822, but the emulator is configured for demo-sih2026. To opt-out of single project mode add/set the '"singleProjectMode": false' property in the firebase.json emulators config.
 {"metadata":{"emulator":{"name":"firestore"},"message":"Multiple projectIds are not recommended in single project mode. Requested project ID sih2026-ce822, but the emulator is configured for demo-sih2026. To opt-out of single project mode add/set the '\"singleProjectMode\": false' property in the firebase.json emulators config.\r\n"}}
[debug] [2026-09-03T06:03:30.852Z] Multiple projectIds are not recommended in single project mode. Requested project ID sih2026-ce822, but the emulator is configured for demo-sih2026. To opt-out of single project mode add/set the '"singleProjectMode": false' property in the firebase.json emulators config.
 {"metadata":{"emulator":{"name":"firestore"},"message":"Multiple projectIds are not recommended in single project mode. Requested project ID sih2026-ce822, but the emulator is configured for demo-sih2026. To opt-out of single project mode add/set the '\"singleProjectMode\": false' property in the firebase.json emulators config.\r\n"}}
[debug] [2026-09-03T06:03:31.087Z] Multiple projectIds are not recommended in single project mode. Requested project ID sih2026-ce822, but the emulator is configured for demo-sih2026. To opt-out of single project mode add/set the '"singleProjectMode": false' property in the firebase.json emulators config.
Multiple projectIds are not recommended in single project mode. Requested project ID sih2026-ce822, but the emulator is configured for demo-sih2026. To opt-out of single project mode add/set the '"singleProjectMode": false' property in the firebase.json emulators config.
 {"metadata":{"emulator":{"name":"firestore"},"message":"Multiple projectIds are not recommended in single project mode. Requested project ID sih2026-ce822, but the emulator is configured for demo-sih2026. To opt-out of single project mode add/set the '\"singleProjectMode\": false' property in the firebase.json emulators config.\r\nMultiple projectIds are not recommended in single project mode. Requested project ID sih2026-ce822, but the emulator is configured for demo-sih2026. To opt-out of single project mode add/set the '\"singleProjectMode\": false' property in the firebase.json emulators config.\r\n"}}
[debug] [2026-09-03T06:03:31.102Z] Multiple projectIds are not recommended in single project mode. Requested project ID sih2026-ce822, but the emulator is configured for demo-sih2026. To opt-out of single project mode add/set the '"singleProjectMode": false' property in the firebase.json emulators config.
 {"metadata":{"emulator":{"name":"firestore"},"message":"Multiple projectIds are not recommended in single project mode. Requested project ID sih2026-ce822, but the emulator is configured for demo-sih2026. To opt-out of single project mode add/set the '\"singleProjectMode\": false' property in the firebase.json emulators config.\r\n"}}
[debug] [2026-09-03T06:03:31.102Z] Multiple projectIds are not recommended in single project mode. Requested project ID sih2026-ce822, but the emulator is configured for demo-sih2026. To opt-out of single project mode add/set the '"singleProjectMode": false' property in the firebase.json emulators config.
 {"metadata":{"emulator":{"name":"firestore"},"message":"Multiple projectIds are not recommended in single project mode. Requested project ID sih2026-ce822, but the emulator is configured for demo-sih2026. To opt-out of single project mode add/set the '\"singleProjectMode\": false' property in the firebase.json emulators config.\r\n"}}
[debug] [2026-09-03T06:03:31.335Z] Multiple projectIds are not recommended in single project mode. Requested project ID sih2026-ce822, but the emulator is configured for demo-sih2026. To opt-out of single project mode add/set the '"singleProjectMode": false' property in the firebase.json emulators config.
 {"metadata":{"emulator":{"name":"firestore"},"message":"Multiple projectIds are not recommended in single project mode. Requested project ID sih2026-ce822, but the emulator is configured for demo-sih2026. To opt-out of single project mode add/set the '\"singleProjectMode\": false' property in the firebase.json emulators config.\r\n"}}
[debug] [2026-09-03T06:03:31.335Z] Multiple projectIds are not recommended in single project mode. Requested project ID sih2026-ce822, but the emulator is configured for demo-sih2026. To opt-out of single project mode add/set the '"singleProjectMode": false' property in the firebase.json emulators config.
 {"metadata":{"emulator":{"name":"firestore"},"message":"Multiple projectIds are not recommended in single project mode. Requested project ID sih2026-ce822, but the emulator is configured for demo-sih2026. To opt-out of single project mode add/set the '\"singleProjectMode\": false' property in the firebase.json emulators config.\r\n"}}
[debug] [2026-09-03T06:03:31.340Z] Multiple projectIds are not recommended in single project mode. Requested project ID sih2026-ce822, but the emulator is configured for demo-sih2026. To opt-out of single project mode add/set the '"singleProjectMode": false' property in the firebase.json emulators config.
 {"metadata":{"emulator":{"name":"firestore"},"message":"Multiple projectIds are not recommended in single project mode. Requested project ID sih2026-ce822, but the emulator is configured for demo-sih2026. To opt-out of single project mode add/set the '\"singleProjectMode\": false' property in the firebase.json emulators config.\r\n"}}
[debug] [2026-09-03T06:03:31.340Z] Multiple projectIds are not recommended in single project mode. Requested project ID sih2026-ce822, but the emulator is configured for demo-sih2026. To opt-out of single project mode add/set the '"singleProjectMode": false' property in the firebase.json emulators config.
 {"metadata":{"emulator":{"name":"firestore"},"message":"Multiple projectIds are not recommended in single project mode. Requested project ID sih2026-ce822, but the emulator is configured for demo-sih2026. To opt-out of single project mode add/set the '\"singleProjectMode\": false' property in the firebase.json emulators config.\r\n"}}
[debug] [2026-09-03T06:03:31.570Z] Multiple projectIds are not recommended in single project mode. Requested project ID sih2026-ce822, but the emulator is configured for demo-sih2026. To opt-out of single project mode add/set the '"singleProjectMode": false' property in the firebase.json emulators config.
 {"metadata":{"emulator":{"name":"firestore"},"message":"Multiple projectIds are not recommended in single project mode. Requested project ID sih2026-ce822, but the emulator is configured for demo-sih2026. To opt-out of single project mode add/set the '\"singleProjectMode\": false' property in the firebase.json emulators config.\r\n"}}
[debug] [2026-09-03T06:03:31.570Z] Multiple projectIds are not recommended in single project mode. Requested project ID sih2026-ce822, but the emulator is configured for demo-sih2026. To opt-out of single project mode add/set the '"singleProjectMode": false' property in the firebase.json emulators config.
 {"metadata":{"emulator":{"name":"firestore"},"message":"Multiple projectIds are not recommended in single project mode. Requested project ID sih2026-ce822, but the emulator is configured for demo-sih2026. To opt-out of single project mode add/set the '\"singleProjectMode\": false' property in the firebase.json emulators config.\r\n"}}
[debug] [2026-09-03T06:03:31.585Z] Multiple projectIds are not recommended in single project mode. Requested project ID sih2026-ce822, but the emulator is configured for demo-sih2026. To opt-out of single project mode add/set the '"singleProjectMode": false' property in the firebase.json emulators config.
 {"metadata":{"emulator":{"name":"firestore"},"message":"Multiple projectIds are not recommended in single project mode. Requested project ID sih2026-ce822, but the emulator is configured for demo-sih2026. To opt-out of single project mode add/set the '\"singleProjectMode\": false' property in the firebase.json emulators config.\r\n"}}
[debug] [2026-09-03T06:03:31.586Z] Multiple projectIds are not recommended in single project mode. Requested project ID sih2026-ce822, but the emulator is configured for demo-sih2026. To opt-out of single project mode add/set the '"singleProjectMode": false' property in the firebase.json emulators config.
 {"metadata":{"emulator":{"name":"firestore"},"message":"Multiple projectIds are not recommended in single project mode. Requested project ID sih2026-ce822, but the emulator is configured for demo-sih2026. To opt-out of single project mode add/set the '\"singleProjectMode\": false' property in the firebase.json emulators config.\r\n"}}
[debug] [2026-09-03T06:03:31.807Z] Sept 03, 2026 11:33:31 AM io.gapi.emulators.netty.HttpVersionRoutingHandler channelRead
INFO: Detected non-HTTP/2 connection.
 {"metadata":{"emulator":{"name":"firestore"},"message":"Sept 03, 2026 11:33:31 AM io.gapi.emulators.netty.HttpVersionRoutingHandler channelRead\r\nINFO: Detected non-HTTP/2 connection.\r\n"}}
[debug] [2026-09-03T06:03:31.811Z] Multiple projectIds are not recommended in single project mode. Requested project ID sih2026-ce822, but the emulator is configured for demo-sih2026. To opt-out of single project mode add/set the '"singleProjectMode": false' property in the firebase.json emulators config.
 {"metadata":{"emulator":{"name":"firestore"},"message":"Multiple projectIds are not recommended in single project mode. Requested project ID sih2026-ce822, but the emulator is configured for demo-sih2026. To opt-out of single project mode add/set the '\"singleProjectMode\": false' property in the firebase.json emulators config.\r\n"}}
[debug] [2026-09-03T06:03:31.811Z] Multiple projectIds are not recommended in single project mode. Requested project ID sih2026-ce822, but the emulator is configured for demo-sih2026. To opt-out of single project mode add/set the '"singleProjectMode": false' property in the firebase.json emulators config.
 {"metadata":{"emulator":{"name":"firestore"},"message":"Multiple projectIds are not recommended in single project mode. Requested project ID sih2026-ce822, but the emulator is configured for demo-sih2026. To opt-out of single project mode add/set the '\"singleProjectMode\": false' property in the firebase.json emulators config.\r\n"}}
[debug] [2026-09-03T06:03:31.820Z] Multiple projectIds are not recommended in single project mode. Requested project ID sih2026-ce822, but the emulator is configured for demo-sih2026. To opt-out of single project mode add/set the '"singleProjectMode": false' property in the firebase.json emulators config.
 {"metadata":{"emulator":{"name":"firestore"},"message":"Multiple projectIds are not recommended in single project mode. Requested project ID sih2026-ce822, but the emulator is configured for demo-sih2026. To opt-out of single project mode add/set the '\"singleProjectMode\": false' property in the firebase.json emulators config.\r\n"}}
[debug] [2026-09-03T06:03:31.820Z] Multiple projectIds are not recommended in single project mode. Requested project ID sih2026-ce822, but the emulator is configured for demo-sih2026. To opt-out of single project mode add/set the '"singleProjectMode": false' property in the firebase.json emulators config.
 {"metadata":{"emulator":{"name":"firestore"},"message":"Multiple projectIds are not recommended in single project mode. Requested project ID sih2026-ce822, but the emulator is configured for demo-sih2026. To opt-out of single project mode add/set the '\"singleProjectMode\": false' property in the firebase.json emulators config.\r\n"}}
[debug] [2026-09-03T06:03:31.827Z] Multiple projectIds are not recommended in single project mode. Requested project ID sih2026-ce822, but the emulator is configured for demo-sih2026. To opt-out of single project mode add/set the '"singleProjectMode": false' property in the firebase.json emulators config.
 {"metadata":{"emulator":{"name":"firestore"},"message":"Multiple projectIds are not recommended in single project mode. Requested project ID sih2026-ce822, but the emulator is configured for demo-sih2026. To opt-out of single project mode add/set the '\"singleProjectMode\": false' property in the firebase.json emulators config.\r\n"}}
[debug] [2026-09-03T06:03:31.827Z] Multiple projectIds are not recommended in single project mode. Requested project ID sih2026-ce822, but the emulator is configured for demo-sih2026. To opt-out of single project mode add/set the '"singleProjectMode": false' property in the firebase.json emulators config.
 {"metadata":{"emulator":{"name":"firestore"},"message":"Multiple projectIds are not recommended in single project mode. Requested project ID sih2026-ce822, but the emulator is configured for demo-sih2026. To opt-out of single project mode add/set the '\"singleProjectMode\": false' property in the firebase.json emulators config.\r\n"}}
[debug] [2026-09-03T06:03:31.833Z] Multiple projectIds are not recommended in single project mode. Requested project ID sih2026-ce822, but the emulator is configured for demo-sih2026. To opt-out of single project mode add/set the '"singleProjectMode": false' property in the firebase.json emulators config.
Multiple projectIds are not recommended in single project mode. Requested project ID sih2026-ce822, but the emulator is configured for demo-sih2026. To opt-out of single project mode add/set the '"singleProjectMode": false' property in the firebase.json emulators config.
 {"metadata":{"emulator":{"name":"firestore"},"message":"Multiple projectIds are not recommended in single project mode. Requested project ID sih2026-ce822, but the emulator is configured for demo-sih2026. To opt-out of single project mode add/set the '\"singleProjectMode\": false' property in the firebase.json emulators config.\r\nMultiple projectIds are not recommended in single project mode. Requested project ID sih2026-ce822, but the emulator is configured for demo-sih2026. To opt-out of single project mode add/set the '\"singleProjectMode\": false' property in the firebase.json emulators config.\r\n"}}
[debug] [2026-09-03T06:03:31.840Z] Multiple projectIds are not recommended in single project mode. Requested project ID sih2026-ce822, but the emulator is configured for demo-sih2026. To opt-out of single project mode add/set the '"singleProjectMode": false' property in the firebase.json emulators config.
Multiple projectIds are not recommended in single project mode. Requested project ID sih2026-ce822, but the emulator is configured for demo-sih2026. To opt-out of single project mode add/set the '"singleProjectMode": false' property in the firebase.json emulators config.
 {"metadata":{"emulator":{"name":"firestore"},"message":"Multiple projectIds are not recommended in single project mode. Requested project ID sih2026-ce822, but the emulator is configured for demo-sih2026. To opt-out of single project mode add/set the '\"singleProjectMode\": false' property in the firebase.json emulators config.\r\nMultiple projectIds are not recommended in single project mode. Requested project ID sih2026-ce822, but the emulator is configured for demo-sih2026. To opt-out of single project mode add/set the '\"singleProjectMode\": false' property in the firebase.json emulators config.\r\n"}}
[debug] [2026-09-03T06:03:31.844Z] Multiple projectIds are not recommended in single project mode. Requested project ID sih2026-ce822, but the emulator is configured for demo-sih2026. To opt-out of single project mode add/set the '"singleProjectMode": false' property in the firebase.json emulators config.
 {"metadata":{"emulator":{"name":"firestore"},"message":"Multiple projectIds are not recommended in single project mode. Requested project ID sih2026-ce822, but the emulator is configured for demo-sih2026. To opt-out of single project mode add/set the '\"singleProjectMode\": false' property in the firebase.json emulators config.\r\n"}}
[debug] [2026-09-03T06:03:31.844Z] Multiple projectIds are not recommended in single project mode. Requested project ID sih2026-ce822, but the emulator is configured for demo-sih2026. To opt-out of single project mode add/set the '"singleProjectMode": false' property in the firebase.json emulators config.
 {"metadata":{"emulator":{"name":"firestore"},"message":"Multiple projectIds are not recommended in single project mode. Requested project ID sih2026-ce822, but the emulator is configured for demo-sih2026. To opt-out of single project mode add/set the '\"singleProjectMode\": false' property in the firebase.json emulators config.\r\n"}}
[debug] [2026-09-03T06:03:31.849Z] Multiple projectIds are not recommended in single project mode. Requested project ID sih2026-ce822, but the emulator is configured for demo-sih2026. To opt-out of single project mode add/set the '"singleProjectMode": false' property in the firebase.json emulators config.
 {"metadata":{"emulator":{"name":"firestore"},"message":"Multiple projectIds are not recommended in single project mode. Requested project ID sih2026-ce822, but the emulator is configured for demo-sih2026. To opt-out of single project mode add/set the '\"singleProjectMode\": false' property in the firebase.json emulators config.\r\n"}}
[debug] [2026-09-03T06:03:31.849Z] Multiple projectIds are not recommended in single project mode. Requested project ID sih2026-ce822, but the emulator is configured for demo-sih2026. To opt-out of single project mode add/set the '"singleProjectMode": false' property in the firebase.json emulators config.
 {"metadata":{"emulator":{"name":"firestore"},"message":"Multiple projectIds are not recommended in single project mode. Requested project ID sih2026-ce822, but the emulator is configured for demo-sih2026. To opt-out of single project mode add/set the '\"singleProjectMode\": false' property in the firebase.json emulators config.\r\n"}}
[debug] [2026-09-03T06:03:31.869Z] Multiple projectIds are not recommended in single project mode. Requested project ID sih2026-ce822, but the emulator is configured for demo-sih2026. To opt-out of single project mode add/set the '"singleProjectMode": false' property in the firebase.json emulators config.
 {"metadata":{"emulator":{"name":"firestore"},"message":"Multiple projectIds are not recommended in single project mode. Requested project ID sih2026-ce822, but the emulator is configured for demo-sih2026. To opt-out of single project mode add/set the '\"singleProjectMode\": false' property in the firebase.json emulators config.\r\n"}}
[debug] [2026-09-03T06:03:31.870Z] Multiple projectIds are not recommended in single project mode. Requested project ID sih2026-ce822, but the emulator is configured for demo-sih2026. To opt-out of single project mode add/set the '"singleProjectMode": false' property in the firebase.json emulators config.
Multiple projectIds are not recommended in single project mode. Requested project ID sih2026-ce822, but the emulator is configured for demo-sih2026. To opt-out of single project mode add/set the '"singleProjectMode": false' property in the firebase.json emulators config.
Multiple projectIds are not recommended in single project mode. Requested project ID sih2026-ce822, but the emulator is configured for demo-sih2026. To opt-out of single project mode add/set the '"singleProjectMode": false' property in the firebase.json emulators config.
Multiple projectIds are not recommended in single project mode. Requested project ID sih2026-ce822, but the emulator is configured for demo-sih2026. To opt-out of single project mode add/set the '"singleProjectMode": false' property in the firebase.json emulators config.
Multiple projectIds are not recommended in single project mode. Requested project ID sih2026-ce822, but the emulator is configured for demo-sih2026. To opt-out of single project mode add/set the '"singleProjectMode": false' property in the firebase.json emulators config.
 {"metadata":{"emulator":{"name":"firestore"},"message":"Multiple projectIds are not recommended in single project mode. Requested project ID sih2026-ce822, but the emulator is configured for demo-sih2026. To opt-out of single project mode add/set the '\"singleProjectMode\": false' property in the firebase.json emulators config.\r\nMultiple projectIds are not recommended in single project mode. Requested project ID sih2026-ce822, but the emulator is configured for demo-sih2026. To opt-out of single project mode add/set the '\"singleProjectMode\": false' property in the firebase.json emulators config.\r\nMultiple projectIds are not recommended in single project mode. Requested project ID sih2026-ce822, but the emulator is configured for demo-sih2026. To opt-out of single project mode add/set the '\"singleProjectMode\": false' property in the firebase.json emulators config.\r\nMultiple projectIds are not recommended in single project mode. Requested project ID sih2026-ce822, but the emulator is configured for demo-sih2026. To opt-out of single project mode add/set the '\"singleProjectMode\": false' property in the firebase.json emulators config.\r\nMultiple projectIds are not recommended in single project mode. Requested project ID sih2026-ce822, but the emulator is configured for demo-sih2026. To opt-out of single project mode add/set the '\"singleProjectMode\": false' property in the firebase.json emulators config.\r\n"}}
[debug] [2026-09-03T06:03:32.103Z] Multiple projectIds are not recommended in single project mode. Requested project ID sih2026-ce822, but the emulator is configured for demo-sih2026. To opt-out of single project mode add/set the '"singleProjectMode": false' property in the firebase.json emulators config.
 {"metadata":{"emulator":{"name":"firestore"},"message":"Multiple projectIds are not recommended in single project mode. Requested project ID sih2026-ce822, but the emulator is configured for demo-sih2026. To opt-out of single project mode add/set the '\"singleProjectMode\": false' property in the firebase.json emulators config.\r\n"}}
[debug] [2026-09-03T06:03:32.103Z] Multiple projectIds are not recommended in single project mode. Requested project ID sih2026-ce822, but the emulator is configured for demo-sih2026. To opt-out of single project mode add/set the '"singleProjectMode": false' property in the firebase.json emulators config.
Multiple projectIds are not recommended in single project mode. Requested project ID sih2026-ce822, but the emulator is configured for demo-sih2026. To opt-out of single project mode add/set the '"singleProjectMode": false' property in the firebase.json emulators config.
Multiple projectIds are not recommended in single project mode. Requested project ID sih2026-ce822, but the emulator is configured for demo-sih2026. To opt-out of single project mode add/set the '"singleProjectMode": false' property in the firebase.json emulators config.
Multiple projectIds are not recommended in single project mode. Requested project ID sih2026-ce822, but the emulator is configured for demo-sih2026. To opt-out of single project mode add/set the '"singleProjectMode": false' property in the firebase.json emulators config.
Multiple projectIds are not recommended in single project mode. Requested project ID sih2026-ce822, but the emulator is configured for demo-sih2026. To opt-out of single project mode add/set the '"singleProjectMode": false' property in the firebase.json emulators config.
 {"metadata":{"emulator":{"name":"firestore"},"message":"Multiple projectIds are not recommended in single project mode. Requested project ID sih2026-ce822, but the emulator is configured for demo-sih2026. To opt-out of single project mode add/set the '\"singleProjectMode\": false' property in the firebase.json emulators config.\r\nMultiple projectIds are not recommended in single project mode. Requested project ID sih2026-ce822, but the emulator is configured for demo-sih2026. To opt-out of single project mode add/set the '\"singleProjectMode\": false' property in the firebase.json emulators config.\r\nMultiple projectIds are not recommended in single project mode. Requested project ID sih2026-ce822, but the emulator is configured for demo-sih2026. To opt-out of single project mode add/set the '\"singleProjectMode\": false' property in the firebase.json emulators config.\r\nMultiple projectIds are not recommended in single project mode. Requested project ID sih2026-ce822, but the emulator is configured for demo-sih2026. To opt-out of single project mode add/set the '\"singleProjectMode\": false' property in the firebase.json emulators config.\r\nMultiple projectIds are not recommended in single project mode. Requested project ID sih2026-ce822, but the emulator is configured for demo-sih2026. To opt-out of single project mode add/set the '\"singleProjectMode\": false' property in the firebase.json emulators config.\r\n"}}
[debug] [2026-09-03T06:03:32.335Z] Multiple projectIds are not recommended in single project mode. Requested project ID sih2026-ce822, but the emulator is configured for demo-sih2026. To opt-out of single project mode add/set the '"singleProjectMode": false' property in the firebase.json emulators config.
 {"metadata":{"emulator":{"name":"firestore"},"message":"Multiple projectIds are not recommended in single project mode. Requested project ID sih2026-ce822, but the emulator is configured for demo-sih2026. To opt-out of single project mode add/set the '\"singleProjectMode\": false' property in the firebase.json emulators config.\r\n"}}
[debug] [2026-09-03T06:03:32.335Z] Multiple projectIds are not recommended in single project mode. Requested project ID sih2026-ce822, but the emulator is configured for demo-sih2026. To opt-out of single project mode add/set the '"singleProjectMode": false' property in the firebase.json emulators config.
Multiple projectIds are not recommended in single project mode. Requested project ID sih2026-ce822, but the emulator is configured for demo-sih2026. To opt-out of single project mode add/set the '"singleProjectMode": false' property in the firebase.json emulators config.
Multiple projectIds are not recommended in single project mode. Requested project ID sih2026-ce822, but the emulator is configured for demo-sih2026. To opt-out of single project mode add/set the '"singleProjectMode": false' property in the firebase.json emulators config.
 {"metadata":{"emulator":{"name":"firestore"},"message":"Multiple projectIds are not recommended in single project mode. Requested project ID sih2026-ce822, but the emulator is configured for demo-sih2026. To opt-out of single project mode add/set the '\"singleProjectMode\": false' property in the firebase.json emulators config.\r\nMultiple projectIds are not recommended in single project mode. Requested project ID sih2026-ce822, but the emulator is configured for demo-sih2026. To opt-out of single project mode add/set the '\"singleProjectMode\": false' property in the firebase.json emulators config.\r\nMultiple projectIds are not recommended in single project mode. Requested project ID sih2026-ce822, but the emulator is configured for demo-sih2026. To opt-out of single project mode add/set the '\"singleProjectMode\": false' property in the firebase.json emulators config.\r\n"}}
[debug] [2026-09-03T06:03:32.336Z] Multiple projectIds are not recommended in single project mode. Requested project ID sih2026-ce822, but the emulator is configured for demo-sih2026. To opt-out of single project mode add/set the '"singleProjectMode": false' property in the firebase.json emulators config.
 {"metadata":{"emulator":{"name":"firestore"},"message":"Multiple projectIds are not recommended in single project mode. Requested project ID sih2026-ce822, but the emulator is configured for demo-sih2026. To opt-out of single project mode add/set the '\"singleProjectMode\": false' property in the firebase.json emulators config.\r\n"}}
[debug] [2026-09-03T06:03:32.336Z] Multiple projectIds are not recommended in single project mode. Requested project ID sih2026-ce822, but the emulator is configured for demo-sih2026. To opt-out of single project mode add/set the '"singleProjectMode": false' property in the firebase.json emulators config.
 {"metadata":{"emulator":{"name":"firestore"},"message":"Multiple projectIds are not recommended in single project mode. Requested project ID sih2026-ce822, but the emulator is configured for demo-sih2026. To opt-out of single project mode add/set the '\"singleProjectMode\": false' property in the firebase.json emulators config.\r\n"}}
[debug] [2026-09-03T06:03:32.574Z] Multiple projectIds are not recommended in single project mode. Requested project ID sih2026-ce822, but the emulator is configured for demo-sih2026. To opt-out of single project mode add/set the '"singleProjectMode": false' property in the firebase.json emulators config.
 {"metadata":{"emulator":{"name":"firestore"},"message":"Multiple projectIds are not recommended in single project mode. Requested project ID sih2026-ce822, but the emulator is configured for demo-sih2026. To opt-out of single project mode add/set the '\"singleProjectMode\": false' property in the firebase.json emulators config.\r\n"}}
[debug] [2026-09-03T06:03:32.574Z] Multiple projectIds are not recommended in single project mode. Requested project ID sih2026-ce822, but the emulator is configured for demo-sih2026. To opt-out of single project mode add/set the '"singleProjectMode": false' property in the firebase.json emulators config.
Multiple projectIds are not recommended in single project mode. Requested project ID sih2026-ce822, but the emulator is configured for demo-sih2026. To opt-out of single project mode add/set the '"singleProjectMode": false' property in the firebase.json emulators config.
Multiple projectIds are not recommended in single project mode. Requested project ID sih2026-ce822, but the emulator is configured for demo-sih2026. To opt-out of single project mode add/set the '"singleProjectMode": false' property in the firebase.json emulators config.
 {"metadata":{"emulator":{"name":"firestore"},"message":"Multiple projectIds are not recommended in single project mode. Requested project ID sih2026-ce822, but the emulator is configured for demo-sih2026. To opt-out of single project mode add/set the '\"singleProjectMode\": false' property in the firebase.json emulators config.\r\nMultiple projectIds are not recommended in single project mode. Requested project ID sih2026-ce822, but the emulator is configured for demo-sih2026. To opt-out of single project mode add/set the '\"singleProjectMode\": false' property in the firebase.json emulators config.\r\nMultiple projectIds are not recommended in single project mode. Requested project ID sih2026-ce822, but the emulator is configured for demo-sih2026. To opt-out of single project mode add/set the '\"singleProjectMode\": false' property in the firebase.json emulators config.\r\n"}}
[debug] [2026-09-03T06:03:32.575Z] Multiple projectIds are not recommended in single project mode. Requested project ID sih2026-ce822, but the emulator is configured for demo-sih2026. To opt-out of single project mode add/set the '"singleProjectMode": false' property in the firebase.json emulators config.
Multiple projectIds are not recommended in single project mode. Requested project ID sih2026-ce822, but the emulator is configured for demo-sih2026. To opt-out of single project mode add/set the '"singleProjectMode": false' property in the firebase.json emulators config.
 {"metadata":{"emulator":{"name":"firestore"},"message":"Multiple projectIds are not recommended in single project mode. Requested project ID sih2026-ce822, but the emulator is configured for demo-sih2026. To opt-out of single project mode add/set the '\"singleProjectMode\": false' property in the firebase.json emulators config.\r\nMultiple projectIds are not recommended in single project mode. Requested project ID sih2026-ce822, but the emulator is configured for demo-sih2026. To opt-out of single project mode add/set the '\"singleProjectMode\": false' property in the firebase.json emulators config.\r\n"}}
[debug] [2026-09-03T06:03:32.803Z] Multiple projectIds are not recommended in single project mode. Requested project ID sih2026-ce822, but the emulator is configured for demo-sih2026. To opt-out of single project mode add/set the '"singleProjectMode": false' property in the firebase.json emulators config.
 {"metadata":{"emulator":{"name":"firestore"},"message":"Multiple projectIds are not recommended in single project mode. Requested project ID sih2026-ce822, but the emulator is configured for demo-sih2026. To opt-out of single project mode add/set the '\"singleProjectMode\": false' property in the firebase.json emulators config.\r\n"}}
[debug] [2026-09-03T06:03:32.803Z] Multiple projectIds are not recommended in single project mode. Requested project ID sih2026-ce822, but the emulator is configured for demo-sih2026. To opt-out of single project mode add/set the '"singleProjectMode": false' property in the firebase.json emulators config.
Multiple projectIds are not recommended in single project mode. Requested project ID sih2026-ce822, but the emulator is configured for demo-sih2026. To opt-out of single project mode add/set the '"singleProjectMode": false' property in the firebase.json emulators config.
Multiple projectIds are not recommended in single project mode. Requested project ID sih2026-ce822, but the emulator is configured for demo-sih2026. To opt-out of single project mode add/set the '"singleProjectMode": false' property in the firebase.json emulators config.
Multiple projectIds are not recommended in single project mode. Requested project ID sih2026-ce822, but the emulator is configured for demo-sih2026. To opt-out of single project mode add/set the '"singleProjectMode": false' property in the firebase.json emulators config.
 {"metadata":{"emulator":{"name":"firestore"},"message":"Multiple projectIds are not recommended in single project mode. Requested project ID sih2026-ce822, but the emulator is configured for demo-sih2026. To opt-out of single project mode add/set the '\"singleProjectMode\": false' property in the firebase.json emulators config.\r\nMultiple projectIds are not recommended in single project mode. Requested project ID sih2026-ce822, but the emulator is configured for demo-sih2026. To opt-out of single project mode add/set the '\"singleProjectMode\": false' property in the firebase.json emulators config.\r\nMultiple projectIds are not recommended in single project mode. Requested project ID sih2026-ce822, but the emulator is configured for demo-sih2026. To opt-out of single project mode add/set the '\"singleProjectMode\": false' property in the firebase.json emulators config.\r\nMultiple projectIds are not recommended in single project mode. Requested project ID sih2026-ce822, but the emulator is configured for demo-sih2026. To opt-out of single project mode add/set the '\"singleProjectMode\": false' property in the firebase.json emulators config.\r\n"}}
[debug] [2026-09-03T06:03:32.804Z] Multiple projectIds are not recommended in single project mode. Requested project ID sih2026-ce822, but the emulator is configured for demo-sih2026. To opt-out of single project mode add/set the '"singleProjectMode": false' property in the firebase.json emulators config.
 {"metadata":{"emulator":{"name":"firestore"},"message":"Multiple projectIds are not recommended in single project mode. Requested project ID sih2026-ce822, but the emulator is configured for demo-sih2026. To opt-out of single project mode add/set the '\"singleProjectMode\": false' property in the firebase.json emulators config.\r\n"}}
[debug] [2026-09-03T06:03:33.036Z] Multiple projectIds are not recommended in single project mode. Requested project ID sih2026-ce822, but the emulator is configured for demo-sih2026. To opt-out of single project mode add/set the '"singleProjectMode": false' property in the firebase.json emulators config.
 {"metadata":{"emulator":{"name":"firestore"},"message":"Multiple projectIds are not recommended in single project mode. Requested project ID sih2026-ce822, but the emulator is configured for demo-sih2026. To opt-out of single project mode add/set the '\"singleProjectMode\": false' property in the firebase.json emulators config.\r\n"}}
[debug] [2026-09-03T06:03:33.037Z] Multiple projectIds are not recommended in single project mode. Requested project ID sih2026-ce822, but the emulator is configured for demo-sih2026. To opt-out of single project mode add/set the '"singleProjectMode": false' property in the firebase.json emulators config.
Multiple projectIds are not recommended in single project mode. Requested project ID sih2026-ce822, but the emulator is configured for demo-sih2026. To opt-out of single project mode add/set the '"singleProjectMode": false' property in the firebase.json emulators config.
Multiple projectIds are not recommended in single project mode. Requested project ID sih2026-ce822, but the emulator is configured for demo-sih2026. To opt-out of single project mode add/set the '"singleProjectMode": false' property in the firebase.json emulators config.
Multiple projectIds are not recommended in single project mode. Requested project ID sih2026-ce822, but the emulator is configured for demo-sih2026. To opt-out of single project mode add/set the '"singleProjectMode": false' property in the firebase.json emulators config.
 {"metadata":{"emulator":{"name":"firestore"},"message":"Multiple projectIds are not recommended in single project mode. Requested project ID sih2026-ce822, but the emulator is configured for demo-sih2026. To opt-out of single project mode add/set the '\"singleProjectMode\": false' property in the firebase.json emulators config.\r\nMultiple projectIds are not recommended in single project mode. Requested project ID sih2026-ce822, but the emulator is configured for demo-sih2026. To opt-out of single project mode add/set the '\"singleProjectMode\": false' property in the firebase.json emulators config.\r\nMultiple projectIds are not recommended in single project mode. Requested project ID sih2026-ce822, but the emulator is configured for demo-sih2026. To opt-out of single project mode add/set the '\"singleProjectMode\": false' property in the firebase.json emulators config.\r\nMultiple projectIds are not recommended in single project mode. Requested project ID sih2026-ce822, but the emulator is configured for demo-sih2026. To opt-out of single project mode add/set the '\"singleProjectMode\": false' property in the firebase.json emulators config.\r\n"}}
[debug] [2026-09-03T06:03:33.037Z] Multiple projectIds are not recommended in single project mode. Requested project ID sih2026-ce822, but the emulator is configured for demo-sih2026. To opt-out of single project mode add/set the '"singleProjectMode": false' property in the firebase.json emulators config.
 {"metadata":{"emulator":{"name":"firestore"},"message":"Multiple projectIds are not recommended in single project mode. Requested project ID sih2026-ce822, but the emulator is configured for demo-sih2026. To opt-out of single project mode add/set the '\"singleProjectMode\": false' property in the firebase.json emulators config.\r\n"}}
[debug] [2026-09-03T06:03:33.270Z] Multiple projectIds are not recommended in single project mode. Requested project ID sih2026-ce822, but the emulator is configured for demo-sih2026. To opt-out of single project mode add/set the '"singleProjectMode": false' property in the firebase.json emulators config.
 {"metadata":{"emulator":{"name":"firestore"},"message":"Multiple projectIds are not recommended in single project mode. Requested project ID sih2026-ce822, but the emulator is configured for demo-sih2026. To opt-out of single project mode add/set the '\"singleProjectMode\": false' property in the firebase.json emulators config.\r\n"}}
[debug] [2026-09-03T06:03:33.270Z] Multiple projectIds are not recommended in single project mode. Requested project ID sih2026-ce822, but the emulator is configured for demo-sih2026. To opt-out of single project mode add/set the '"singleProjectMode": false' property in the firebase.json emulators config.
 {"metadata":{"emulator":{"name":"firestore"},"message":"Multiple projectIds are not recommended in single project mode. Requested project ID sih2026-ce822, but the emulator is configured for demo-sih2026. To opt-out of single project mode add/set the '\"singleProjectMode\": false' property in the firebase.json emulators config.\r\n"}}
[debug] [2026-09-03T06:03:33.271Z] Multiple projectIds are not recommended in single project mode. Requested project ID sih2026-ce822, but the emulator is configured for demo-sih2026. To opt-out of single project mode add/set the '"singleProjectMode": false' property in the firebase.json emulators config.
Multiple projectIds are not recommended in single project mode. Requested project ID sih2026-ce822, but the emulator is configured for demo-sih2026. To opt-out of single project mode add/set the '"singleProjectMode": false' property in the firebase.json emulators config.
Multiple projectIds are not recommended in single project mode. Requested project ID sih2026-ce822, but the emulator is configured for demo-sih2026. To opt-out of single project mode add/set the '"singleProjectMode": false' property in the firebase.json emulators config.
 {"metadata":{"emulator":{"name":"firestore"},"message":"Multiple projectIds are not recommended in single project mode. Requested project ID sih2026-ce822, but the emulator is configured for demo-sih2026. To opt-out of single project mode add/set the '\"singleProjectMode\": false' property in the firebase.json emulators config.\r\nMultiple projectIds are not recommended in single project mode. Requested project ID sih2026-ce822, but the emulator is configured for demo-sih2026. To opt-out of single project mode add/set the '\"singleProjectMode\": false' property in the firebase.json emulators config.\r\nMultiple projectIds are not recommended in single project mode. Requested project ID sih2026-ce822, but the emulator is configured for demo-sih2026. To opt-out of single project mode add/set the '\"singleProjectMode\": false' property in the firebase.json emulators config.\r\n"}}
[debug] [2026-09-03T06:03:33.271Z] Multiple projectIds are not recommended in single project mode. Requested project ID sih2026-ce822, but the emulator is configured for demo-sih2026. To opt-out of single project mode add/set the '"singleProjectMode": false' property in the firebase.json emulators config.
 {"metadata":{"emulator":{"name":"firestore"},"message":"Multiple projectIds are not recommended in single project mode. Requested project ID sih2026-ce822, but the emulator is configured for demo-sih2026. To opt-out of single project mode add/set the '\"singleProjectMode\": false' property in the firebase.json emulators config.\r\n"}}
[debug] [2026-09-03T06:03:33.504Z] Multiple projectIds are not recommended in single project mode. Requested project ID sih2026-ce822, but the emulator is configured for demo-sih2026. To opt-out of single project mode add/set the '"singleProjectMode": false' property in the firebase.json emulators config.
 {"metadata":{"emulator":{"name":"firestore"},"message":"Multiple projectIds are not recommended in single project mode. Requested project ID sih2026-ce822, but the emulator is configured for demo-sih2026. To opt-out of single project mode add/set the '\"singleProjectMode\": false' property in the firebase.json emulators config.\r\n"}}
[debug] [2026-09-03T06:03:33.504Z] Multiple projectIds are not recommended in single project mode. Requested project ID sih2026-ce822, but the emulator is configured for demo-sih2026. To opt-out of single project mode add/set the '"singleProjectMode": false' property in the firebase.json emulators config.
Multiple projectIds are not recommended in single project mode. Requested project ID sih2026-ce822, but the emulator is configured for demo-sih2026. To opt-out of single project mode add/set the '"singleProjectMode": false' property in the firebase.json emulators config.
 {"metadata":{"emulator":{"name":"firestore"},"message":"Multiple projectIds are not recommended in single project mode. Requested project ID sih2026-ce822, but the emulator is configured for demo-sih2026. To opt-out of single project mode add/set the '\"singleProjectMode\": false' property in the firebase.json emulators config.\r\nMultiple projectIds are not recommended in single project mode. Requested project ID sih2026-ce822, but the emulator is configured for demo-sih2026. To opt-out of single project mode add/set the '\"singleProjectMode\": false' property in the firebase.json emulators config.\r\n"}}
[debug] [2026-09-03T06:03:33.504Z] Multiple projectIds are not recommended in single project mode. Requested project ID sih2026-ce822, but the emulator is configured for demo-sih2026. To opt-out of single project mode add/set the '"singleProjectMode": false' property in the firebase.json emulators config.
 {"metadata":{"emulator":{"name":"firestore"},"message":"Multiple projectIds are not recommended in single project mode. Requested project ID sih2026-ce822, but the emulator is configured for demo-sih2026. To opt-out of single project mode add/set the '\"singleProjectMode\": false' property in the firebase.json emulators config.\r\n"}}
[debug] [2026-09-03T06:03:33.506Z] Multiple projectIds are not recommended in single project mode. Requested project ID sih2026-ce822, but the emulator is configured for demo-sih2026. To opt-out of single project mode add/set the '"singleProjectMode": false' property in the firebase.json emulators config.
 {"metadata":{"emulator":{"name":"firestore"},"message":"Multiple projectIds are not recommended in single project mode. Requested project ID sih2026-ce822, but the emulator is configured for demo-sih2026. To opt-out of single project mode add/set the '\"singleProjectMode\": false' property in the firebase.json emulators config.\r\n"}}
[debug] [2026-09-03T06:03:33.506Z] Multiple projectIds are not recommended in single project mode. Requested project ID sih2026-ce822, but the emulator is configured for demo-sih2026. To opt-out of single project mode add/set the '"singleProjectMode": false' property in the firebase.json emulators config.
 {"metadata":{"emulator":{"name":"firestore"},"message":"Multiple projectIds are not recommended in single project mode. Requested project ID sih2026-ce822, but the emulator is configured for demo-sih2026. To opt-out of single project mode add/set the '\"singleProjectMode\": false' property in the firebase.json emulators config.\r\n"}}
[debug] [2026-09-03T06:03:33.734Z] Multiple projectIds are not recommended in single project mode. Requested project ID sih2026-ce822, but the emulator is configured for demo-sih2026. To opt-out of single project mode add/set the '"singleProjectMode": false' property in the firebase.json emulators config.
 {"metadata":{"emulator":{"name":"firestore"},"message":"Multiple projectIds are not recommended in single project mode. Requested project ID sih2026-ce822, but the emulator is configured for demo-sih2026. To opt-out of single project mode add/set the '\"singleProjectMode\": false' property in the firebase.json emulators config.\r\n"}}
[debug] [2026-09-03T06:03:33.734Z] Multiple projectIds are not recommended in single project mode. Requested project ID sih2026-ce822, but the emulator is configured for demo-sih2026. To opt-out of single project mode add/set the '"singleProjectMode": false' property in the firebase.json emulators config.
 {"metadata":{"emulator":{"name":"firestore"},"message":"Multiple projectIds are not recommended in single project mode. Requested project ID sih2026-ce822, but the emulator is configured for demo-sih2026. To opt-out of single project mode add/set the '\"singleProjectMode\": false' property in the firebase.json emulators config.\r\n"}}
[debug] [2026-09-03T06:03:33.735Z] Multiple projectIds are not recommended in single project mode. Requested project ID sih2026-ce822, but the emulator is configured for demo-sih2026. To opt-out of single project mode add/set the '"singleProjectMode": false' property in the firebase.json emulators config.
 {"metadata":{"emulator":{"name":"firestore"},"message":"Multiple projectIds are not recommended in single project mode. Requested project ID sih2026-ce822, but the emulator is configured for demo-sih2026. To opt-out of single project mode add/set the '\"singleProjectMode\": false' property in the firebase.json emulators config.\r\n"}}
[debug] [2026-09-03T06:03:33.735Z] Multiple projectIds are not recommended in single project mode. Requested project ID sih2026-ce822, but the emulator is configured for demo-sih2026. To opt-out of single project mode add/set the '"singleProjectMode": false' property in the firebase.json emulators config.
 {"metadata":{"emulator":{"name":"firestore"},"message":"Multiple projectIds are not recommended in single project mode. Requested project ID sih2026-ce822, but the emulator is configured for demo-sih2026. To opt-out of single project mode add/set the '\"singleProjectMode\": false' property in the firebase.json emulators config.\r\n"}}
[debug] [2026-09-03T06:03:33.737Z] Multiple projectIds are not recommended in single project mode. Requested project ID sih2026-ce822, but the emulator is configured for demo-sih2026. To opt-out of single project mode add/set the '"singleProjectMode": false' property in the firebase.json emulators config.
 {"metadata":{"emulator":{"name":"firestore"},"message":"Multiple projectIds are not recommended in single project mode. Requested project ID sih2026-ce822, but the emulator is configured for demo-sih2026. To opt-out of single project mode add/set the '\"singleProjectMode\": false' property in the firebase.json emulators config.\r\n"}}
[debug] [2026-09-03T06:03:33.737Z] Multiple projectIds are not recommended in single project mode. Requested project ID sih2026-ce822, but the emulator is configured for demo-sih2026. To opt-out of single project mode add/set the '"singleProjectMode": false' property in the firebase.json emulators config.
 {"metadata":{"emulator":{"name":"firestore"},"message":"Multiple projectIds are not recommended in single project mode. Requested project ID sih2026-ce822, but the emulator is configured for demo-sih2026. To opt-out of single project mode add/set the '\"singleProjectMode\": false' property in the firebase.json emulators config.\r\n"}}
[debug] [2026-09-03T06:03:33.970Z] Multiple projectIds are not recommended in single project mode. Requested project ID sih2026-ce822, but the emulator is configured for demo-sih2026. To opt-out of single project mode add/set the '"singleProjectMode": false' property in the firebase.json emulators config.
Multiple projectIds are not recommended in single project mode. Requested project ID sih2026-ce822, but the emulator is configured for demo-sih2026. To opt-out of single project mode add/set the '"singleProjectMode": false' property in the firebase.json emulators config.
 {"metadata":{"emulator":{"name":"firestore"},"message":"Multiple projectIds are not recommended in single project mode. Requested project ID sih2026-ce822, but the emulator is configured for demo-sih2026. To opt-out of single project mode add/set the '\"singleProjectMode\": false' property in the firebase.json emulators config.\r\nMultiple projectIds are not recommended in single project mode. Requested project ID sih2026-ce822, but the emulator is configured for demo-sih2026. To opt-out of single project mode add/set the '\"singleProjectMode\": false' property in the firebase.json emulators config.\r\n"}}
[debug] [2026-09-03T06:03:33.971Z] Multiple projectIds are not recommended in single project mode. Requested project ID sih2026-ce822, but the emulator is configured for demo-sih2026. To opt-out of single project mode add/set the '"singleProjectMode": false' property in the firebase.json emulators config.
 {"metadata":{"emulator":{"name":"firestore"},"message":"Multiple projectIds are not recommended in single project mode. Requested project ID sih2026-ce822, but the emulator is configured for demo-sih2026. To opt-out of single project mode add/set the '\"singleProjectMode\": false' property in the firebase.json emulators config.\r\n"}}
[debug] [2026-09-03T06:03:33.971Z] Multiple projectIds are not recommended in single project mode. Requested project ID sih2026-ce822, but the emulator is configured for demo-sih2026. To opt-out of single project mode add/set the '"singleProjectMode": false' property in the firebase.json emulators config.
 {"metadata":{"emulator":{"name":"firestore"},"message":"Multiple projectIds are not recommended in single project mode. Requested project ID sih2026-ce822, but the emulator is configured for demo-sih2026. To opt-out of single project mode add/set the '\"singleProjectMode\": false' property in the firebase.json emulators config.\r\n"}}
[debug] [2026-09-03T06:03:33.972Z] Multiple projectIds are not recommended in single project mode. Requested project ID sih2026-ce822, but the emulator is configured for demo-sih2026. To opt-out of single project mode add/set the '"singleProjectMode": false' property in the firebase.json emulators config.
Multiple projectIds are not recommended in single project mode. Requested project ID sih2026-ce822, but the emulator is configured for demo-sih2026. To opt-out of single project mode add/set the '"singleProjectMode": false' property in the firebase.json emulators config.
 {"metadata":{"emulator":{"name":"firestore"},"message":"Multiple projectIds are not recommended in single project mode. Requested project ID sih2026-ce822, but the emulator is configured for demo-sih2026. To opt-out of single project mode add/set the '\"singleProjectMode\": false' property in the firebase.json emulators config.\r\nMultiple projectIds are not recommended in single project mode. Requested project ID sih2026-ce822, but the emulator is configured for demo-sih2026. To opt-out of single project mode add/set the '\"singleProjectMode\": false' property in the firebase.json emulators config.\r\n"}}
[debug] [2026-09-03T06:03:34.203Z] Multiple projectIds are not recommended in single project mode. Requested project ID sih2026-ce822, but the emulator is configured for demo-sih2026. To opt-out of single project mode add/set the '"singleProjectMode": false' property in the firebase.json emulators config.
 {"metadata":{"emulator":{"name":"firestore"},"message":"Multiple projectIds are not recommended in single project mode. Requested project ID sih2026-ce822, but the emulator is configured for demo-sih2026. To opt-out of single project mode add/set the '\"singleProjectMode\": false' property in the firebase.json emulators config.\r\n"}}
[debug] [2026-09-03T06:03:34.203Z] Multiple projectIds are not recommended in single project mode. Requested project ID sih2026-ce822, but the emulator is configured for demo-sih2026. To opt-out of single project mode add/set the '"singleProjectMode": false' property in the firebase.json emulators config.
 {"metadata":{"emulator":{"name":"firestore"},"message":"Multiple projectIds are not recommended in single project mode. Requested project ID sih2026-ce822, but the emulator is configured for demo-sih2026. To opt-out of single project mode add/set the '\"singleProjectMode\": false' property in the firebase.json emulators config.\r\n"}}
[debug] [2026-09-03T06:03:34.204Z] Multiple projectIds are not recommended in single project mode. Requested project ID sih2026-ce822, but the emulator is configured for demo-sih2026. To opt-out of single project mode add/set the '"singleProjectMode": false' property in the firebase.json emulators config.
 {"metadata":{"emulator":{"name":"firestore"},"message":"Multiple projectIds are not recommended in single project mode. Requested project ID sih2026-ce822, but the emulator is configured for demo-sih2026. To opt-out of single project mode add/set the '\"singleProjectMode\": false' property in the firebase.json emulators config.\r\n"}}
[debug] [2026-09-03T06:03:34.204Z] Multiple projectIds are not recommended in single project mode. Requested project ID sih2026-ce822, but the emulator is configured for demo-sih2026. To opt-out of single project mode add/set the '"singleProjectMode": false' property in the firebase.json emulators config.
 {"metadata":{"emulator":{"name":"firestore"},"message":"Multiple projectIds are not recommended in single project mode. Requested project ID sih2026-ce822, but the emulator is configured for demo-sih2026. To opt-out of single project mode add/set the '\"singleProjectMode\": false' property in the firebase.json emulators config.\r\n"}}
[debug] [2026-09-03T06:03:34.206Z] Multiple projectIds are not recommended in single project mode. Requested project ID sih2026-ce822, but the emulator is configured for demo-sih2026. To opt-out of single project mode add/set the '"singleProjectMode": false' property in the firebase.json emulators config.
 {"metadata":{"emulator":{"name":"firestore"},"message":"Multiple projectIds are not recommended in single project mode. Requested project ID sih2026-ce822, but the emulator is configured for demo-sih2026. To opt-out of single project mode add/set the '\"singleProjectMode\": false' property in the firebase.json emulators config.\r\n"}}
[debug] [2026-09-03T06:03:34.206Z] Multiple projectIds are not recommended in single project mode. Requested project ID sih2026-ce822, but the emulator is configured for demo-sih2026. To opt-out of single project mode add/set the '"singleProjectMode": false' property in the firebase.json emulators config.
 {"metadata":{"emulator":{"name":"firestore"},"message":"Multiple projectIds are not recommended in single project mode. Requested project ID sih2026-ce822, but the emulator is configured for demo-sih2026. To opt-out of single project mode add/set the '\"singleProjectMode\": false' property in the firebase.json emulators config.\r\n"}}
[debug] [2026-09-03T06:03:34.437Z] Multiple projectIds are not recommended in single project mode. Requested project ID sih2026-ce822, but the emulator is configured for demo-sih2026. To opt-out of single project mode add/set the '"singleProjectMode": false' property in the firebase.json emulators config.
 {"metadata":{"emulator":{"name":"firestore"},"message":"Multiple projectIds are not recommended in single project mode. Requested project ID sih2026-ce822, but the emulator is configured for demo-sih2026. To opt-out of single project mode add/set the '\"singleProjectMode\": false' property in the firebase.json emulators config.\r\n"}}
[debug] [2026-09-03T06:03:34.437Z] Multiple projectIds are not recommended in single project mode. Requested project ID sih2026-ce822, but the emulator is configured for demo-sih2026. To opt-out of single project mode add/set the '"singleProjectMode": false' property in the firebase.json emulators config.
 {"metadata":{"emulator":{"name":"firestore"},"message":"Multiple projectIds are not recommended in single project mode. Requested project ID sih2026-ce822, but the emulator is configured for demo-sih2026. To opt-out of single project mode add/set the '\"singleProjectMode\": false' property in the firebase.json emulators config.\r\n"}}
[debug] [2026-09-03T06:03:34.437Z] Multiple projectIds are not recommended in single project mode. Requested project ID sih2026-ce822, but the emulator is configured for demo-sih2026. To opt-out of single project mode add/set the '"singleProjectMode": false' property in the firebase.json emulators config.
 {"metadata":{"emulator":{"name":"firestore"},"message":"Multiple projectIds are not recommended in single project mode. Requested project ID sih2026-ce822, but the emulator is configured for demo-sih2026. To opt-out of single project mode add/set the '\"singleProjectMode\": false' property in the firebase.json emulators config.\r\n"}}
[debug] [2026-09-03T06:03:34.438Z] Multiple projectIds are not recommended in single project mode. Requested project ID sih2026-ce822, but the emulator is configured for demo-sih2026. To opt-out of single project mode add/set the '"singleProjectMode": false' property in the firebase.json emulators config.
 {"metadata":{"emulator":{"name":"firestore"},"message":"Multiple projectIds are not recommended in single project mode. Requested project ID sih2026-ce822, but the emulator is configured for demo-sih2026. To opt-out of single project mode add/set the '\"singleProjectMode\": false' property in the firebase.json emulators config.\r\n"}}
[debug] [2026-09-03T06:03:34.438Z] Multiple projectIds are not recommended in single project mode. Requested project ID sih2026-ce822, but the emulator is configured for demo-sih2026. To opt-out of single project mode add/set the '"singleProjectMode": false' property in the firebase.json emulators config.
Multiple projectIds are not recommended in single project mode. Requested project ID sih2026-ce822, but the emulator is configured for demo-sih2026. To opt-out of single project mode add/set the '"singleProjectMode": false' property in the firebase.json emulators config.
 {"metadata":{"emulator":{"name":"firestore"},"message":"Multiple projectIds are not recommended in single project mode. Requested project ID sih2026-ce822, but the emulator is configured for demo-sih2026. To opt-out of single project mode add/set the '\"singleProjectMode\": false' property in the firebase.json emulators config.\r\nMultiple projectIds are not recommended in single project mode. Requested project ID sih2026-ce822, but the emulator is configured for demo-sih2026. To opt-out of single project mode add/set the '\"singleProjectMode\": false' property in the firebase.json emulators config.\r\n"}}
[debug] [2026-09-03T06:03:34.670Z] Multiple projectIds are not recommended in single project mode. Requested project ID sih2026-ce822, but the emulator is configured for demo-sih2026. To opt-out of single project mode add/set the '"singleProjectMode": false' property in the firebase.json emulators config.
 {"metadata":{"emulator":{"name":"firestore"},"message":"Multiple projectIds are not recommended in single project mode. Requested project ID sih2026-ce822, but the emulator is configured for demo-sih2026. To opt-out of single project mode add/set the '\"singleProjectMode\": false' property in the firebase.json emulators config.\r\n"}}
[debug] [2026-09-03T06:03:34.671Z] Multiple projectIds are not recommended in single project mode. Requested project ID sih2026-ce822, but the emulator is configured for demo-sih2026. To opt-out of single project mode add/set the '"singleProjectMode": false' property in the firebase.json emulators config.
 {"metadata":{"emulator":{"name":"firestore"},"message":"Multiple projectIds are not recommended in single project mode. Requested project ID sih2026-ce822, but the emulator is configured for demo-sih2026. To opt-out of single project mode add/set the '\"singleProjectMode\": false' property in the firebase.json emulators config.\r\n"}}
[debug] [2026-09-03T06:03:34.671Z] Multiple projectIds are not recommended in single project mode. Requested project ID sih2026-ce822, but the emulator is configured for demo-sih2026. To opt-out of single project mode add/set the '"singleProjectMode": false' property in the firebase.json emulators config.
 {"metadata":{"emulator":{"name":"firestore"},"message":"Multiple projectIds are not recommended in single project mode. Requested project ID sih2026-ce822, but the emulator is configured for demo-sih2026. To opt-out of single project mode add/set the '\"singleProjectMode\": false' property in the firebase.json emulators config.\r\n"}}
[debug] [2026-09-03T06:03:34.671Z] Multiple projectIds are not recommended in single project mode. Requested project ID sih2026-ce822, but the emulator is configured for demo-sih2026. To opt-out of single project mode add/set the '"singleProjectMode": false' property in the firebase.json emulators config.
 {"metadata":{"emulator":{"name":"firestore"},"message":"Multiple projectIds are not recommended in single project mode. Requested project ID sih2026-ce822, but the emulator is configured for demo-sih2026. To opt-out of single project mode add/set the '\"singleProjectMode\": false' property in the firebase.json emulators config.\r\n"}}
[debug] [2026-09-03T06:03:34.672Z] Multiple projectIds are not recommended in single project mode. Requested project ID sih2026-ce822, but the emulator is configured for demo-sih2026. To opt-out of single project mode add/set the '"singleProjectMode": false' property in the firebase.json emulators config.
 {"metadata":{"emulator":{"name":"firestore"},"message":"Multiple projectIds are not recommended in single project mode. Requested project ID sih2026-ce822, but the emulator is configured for demo-sih2026. To opt-out of single project mode add/set the '\"singleProjectMode\": false' property in the firebase.json emulators config.\r\n"}}
[debug] [2026-09-03T06:03:34.673Z] Multiple projectIds are not recommended in single project mode. Requested project ID sih2026-ce822, but the emulator is configured for demo-sih2026. To opt-out of single project mode add/set the '"singleProjectMode": false' property in the firebase.json emulators config.
 {"metadata":{"emulator":{"name":"firestore"},"message":"Multiple projectIds are not recommended in single project mode. Requested project ID sih2026-ce822, but the emulator is configured for demo-sih2026. To opt-out of single project mode add/set the '\"singleProjectMode\": false' property in the firebase.json emulators config.\r\n"}}
[debug] [2026-09-03T06:03:34.904Z] Multiple projectIds are not recommended in single project mode. Requested project ID sih2026-ce822, but the emulator is configured for demo-sih2026. To opt-out of single project mode add/set the '"singleProjectMode": false' property in the firebase.json emulators config.
 {"metadata":{"emulator":{"name":"firestore"},"message":"Multiple projectIds are not recommended in single project mode. Requested project ID sih2026-ce822, but the emulator is configured for demo-sih2026. To opt-out of single project mode add/set the '\"singleProjectMode\": false' property in the firebase.json emulators config.\r\n"}}
[debug] [2026-09-03T06:03:34.904Z] Multiple projectIds are not recommended in single project mode. Requested project ID sih2026-ce822, but the emulator is configured for demo-sih2026. To opt-out of single project mode add/set the '"singleProjectMode": false' property in the firebase.json emulators config.
 {"metadata":{"emulator":{"name":"firestore"},"message":"Multiple projectIds are not recommended in single project mode. Requested project ID sih2026-ce822, but the emulator is configured for demo-sih2026. To opt-out of single project mode add/set the '\"singleProjectMode\": false' property in the firebase.json emulators config.\r\n"}}
[debug] [2026-09-03T06:03:34.904Z] Multiple projectIds are not recommended in single project mode. Requested project ID sih2026-ce822, but the emulator is configured for demo-sih2026. To opt-out of single project mode add/set the '"singleProjectMode": false' property in the firebase.json emulators config.
 {"metadata":{"emulator":{"name":"firestore"},"message":"Multiple projectIds are not recommended in single project mode. Requested project ID sih2026-ce822, but the emulator is configured for demo-sih2026. To opt-out of single project mode add/set the '\"singleProjectMode\": false' property in the firebase.json emulators config.\r\n"}}
[debug] [2026-09-03T06:03:34.905Z] Multiple projectIds are not recommended in single project mode. Requested project ID sih2026-ce822, but the emulator is configured for demo-sih2026. To opt-out of single project mode add/set the '"singleProjectMode": false' property in the firebase.json emulators config.
 {"metadata":{"emulator":{"name":"firestore"},"message":"Multiple projectIds are not recommended in single project mode. Requested project ID sih2026-ce822, but the emulator is configured for demo-sih2026. To opt-out of single project mode add/set the '\"singleProjectMode\": false' property in the firebase.json emulators config.\r\n"}}
[debug] [2026-09-03T06:03:34.905Z] Multiple projectIds are not recommended in single project mode. Requested project ID sih2026-ce822, but the emulator is configured for demo-sih2026. To opt-out of single project mode add/set the '"singleProjectMode": false' property in the firebase.json emulators config.
 {"metadata":{"emulator":{"name":"firestore"},"message":"Multiple projectIds are not recommended in single project mode. Requested project ID sih2026-ce822, but the emulator is configured for demo-sih2026. To opt-out of single project mode add/set the '\"singleProjectMode\": false' property in the firebase.json emulators config.\r\n"}}
[debug] [2026-09-03T06:03:34.905Z] Multiple projectIds are not recommended in single project mode. Requested project ID sih2026-ce822, but the emulator is configured for demo-sih2026. To opt-out of single project mode add/set the '"singleProjectMode": false' property in the firebase.json emulators config.
 {"metadata":{"emulator":{"name":"firestore"},"message":"Multiple projectIds are not recommended in single project mode. Requested project ID sih2026-ce822, but the emulator is configured for demo-sih2026. To opt-out of single project mode add/set the '\"singleProjectMode\": false' property in the firebase.json emulators config.\r\n"}}
[debug] [2026-09-03T06:03:35.138Z] Multiple projectIds are not recommended in single project mode. Requested project ID sih2026-ce822, but the emulator is configured for demo-sih2026. To opt-out of single project mode add/set the '"singleProjectMode": false' property in the firebase.json emulators config.
 {"metadata":{"emulator":{"name":"firestore"},"message":"Multiple projectIds are not recommended in single project mode. Requested project ID sih2026-ce822, but the emulator is configured for demo-sih2026. To opt-out of single project mode add/set the '\"singleProjectMode\": false' property in the firebase.json emulators config.\r\n"}}
[debug] [2026-09-03T06:03:35.138Z] Multiple projectIds are not recommended in single project mode. Requested project ID sih2026-ce822, but the emulator is configured for demo-sih2026. To opt-out of single project mode add/set the '"singleProjectMode": false' property in the firebase.json emulators config.
 {"metadata":{"emulator":{"name":"firestore"},"message":"Multiple projectIds are not recommended in single project mode. Requested project ID sih2026-ce822, but the emulator is configured for demo-sih2026. To opt-out of single project mode add/set the '\"singleProjectMode\": false' property in the firebase.json emulators config.\r\n"}}
[debug] [2026-09-03T06:03:35.138Z] Multiple projectIds are not recommended in single project mode. Requested project ID sih2026-ce822, but the emulator is configured for demo-sih2026. To opt-out of single project mode add/set the '"singleProjectMode": false' property in the firebase.json emulators config.
 {"metadata":{"emulator":{"name":"firestore"},"message":"Multiple projectIds are not recommended in single project mode. Requested project ID sih2026-ce822, but the emulator is configured for demo-sih2026. To opt-out of single project mode add/set the '\"singleProjectMode\": false' property in the firebase.json emulators config.\r\n"}}
[debug] [2026-09-03T06:03:35.138Z] Multiple projectIds are not recommended in single project mode. Requested project ID sih2026-ce822, but the emulator is configured for demo-sih2026. To opt-out of single project mode add/set the '"singleProjectMode": false' property in the firebase.json emulators config.
 {"metadata":{"emulator":{"name":"firestore"},"message":"Multiple projectIds are not recommended in single project mode. Requested project ID sih2026-ce822, but the emulator is configured for demo-sih2026. To opt-out of single project mode add/set the '\"singleProjectMode\": false' property in the firebase.json emulators config.\r\n"}}
[debug] [2026-09-03T06:03:35.139Z] Multiple projectIds are not recommended in single project mode. Requested project ID sih2026-ce822, but the emulator is configured for demo-sih2026. To opt-out of single project mode add/set the '"singleProjectMode": false' property in the firebase.json emulators config.
 {"metadata":{"emulator":{"name":"firestore"},"message":"Multiple projectIds are not recommended in single project mode. Requested project ID sih2026-ce822, but the emulator is configured for demo-sih2026. To opt-out of single project mode add/set the '\"singleProjectMode\": false' property in the firebase.json emulators config.\r\n"}}
[debug] [2026-09-03T06:03:35.139Z] Multiple projectIds are not recommended in single project mode. Requested project ID sih2026-ce822, but the emulator is configured for demo-sih2026. To opt-out of single project mode add/set the '"singleProjectMode": false' property in the firebase.json emulators config.
 {"metadata":{"emulator":{"name":"firestore"},"message":"Multiple projectIds are not recommended in single project mode. Requested project ID sih2026-ce822, but the emulator is configured for demo-sih2026. To opt-out of single project mode add/set the '\"singleProjectMode\": false' property in the firebase.json emulators config.\r\n"}}
[debug] [2026-09-03T06:03:35.369Z] Multiple projectIds are not recommended in single project mode. Requested project ID sih2026-ce822, but the emulator is configured for demo-sih2026. To opt-out of single project mode add/set the '"singleProjectMode": false' property in the firebase.json emulators config.
 {"metadata":{"emulator":{"name":"firestore"},"message":"Multiple projectIds are not recommended in single project mode. Requested project ID sih2026-ce822, but the emulator is configured for demo-sih2026. To opt-out of single project mode add/set the '\"singleProjectMode\": false' property in the firebase.json emulators config.\r\n"}}
[debug] [2026-09-03T06:03:35.369Z] Multiple projectIds are not recommended in single project mode. Requested project ID sih2026-ce822, but the emulator is configured for demo-sih2026. To opt-out of single project mode add/set the '"singleProjectMode": false' property in the firebase.json emulators config.
Multiple projectIds are not recommended in single project mode. Requested project ID sih2026-ce822, but the emulator is configured for demo-sih2026. To opt-out of single project mode add/set the '"singleProjectMode": false' property in the firebase.json emulators config.
Multiple projectIds are not recommended in single project mode. Requested project ID sih2026-ce822, but the emulator is configured for demo-sih2026. To opt-out of single project mode add/set the '"singleProjectMode": false' property in the firebase.json emulators config.
Multiple projectIds are not recommended in single project mode. Requested project ID sih2026-ce822, but the emulator is configured for demo-sih2026. To opt-out of single project mode add/set the '"singleProjectMode": false' property in the firebase.json emulators config.
Multiple projectIds are not recommended in single project mode. Requested project ID sih2026-ce822, but the emulator is configured for demo-sih2026. To opt-out of single project mode add/set the '"singleProjectMode": false' property in the firebase.json emulators config.
 {"metadata":{"emulator":{"name":"firestore"},"message":"Multiple projectIds are not recommended in single project mode. Requested project ID sih2026-ce822, but the emulator is configured for demo-sih2026. To opt-out of single project mode add/set the '\"singleProjectMode\": false' property in the firebase.json emulators config.\r\nMultiple projectIds are not recommended in single project mode. Requested project ID sih2026-ce822, but the emulator is configured for demo-sih2026. To opt-out of single project mode add/set the '\"singleProjectMode\": false' property in the firebase.json emulators config.\r\nMultiple projectIds are not recommended in single project mode. Requested project ID sih2026-ce822, but the emulator is configured for demo-sih2026. To opt-out of single project mode add/set the '\"singleProjectMode\": false' property in the firebase.json emulators config.\r\nMultiple projectIds are not recommended in single project mode. Requested project ID sih2026-ce822, but the emulator is configured for demo-sih2026. To opt-out of single project mode add/set the '\"singleProjectMode\": false' property in the firebase.json emulators config.\r\nMultiple projectIds are not recommended in single project mode. Requested project ID sih2026-ce822, but the emulator is configured for demo-sih2026. To opt-out of single project mode add/set the '\"singleProjectMode\": false' property in the firebase.json emulators config.\r\n"}}
[debug] [2026-09-03T06:03:35.604Z] Multiple projectIds are not recommended in single project mode. Requested project ID sih2026-ce822, but the emulator is configured for demo-sih2026. To opt-out of single project mode add/set the '"singleProjectMode": false' property in the firebase.json emulators config.
 {"metadata":{"emulator":{"name":"firestore"},"message":"Multiple projectIds are not recommended in single project mode. Requested project ID sih2026-ce822, but the emulator is configured for demo-sih2026. To opt-out of single project mode add/set the '\"singleProjectMode\": false' property in the firebase.json emulators config.\r\n"}}
[debug] [2026-09-03T06:03:35.604Z] Multiple projectIds are not recommended in single project mode. Requested project ID sih2026-ce822, but the emulator is configured for demo-sih2026. To opt-out of single project mode add/set the '"singleProjectMode": false' property in the firebase.json emulators config.
 {"metadata":{"emulator":{"name":"firestore"},"message":"Multiple projectIds are not recommended in single project mode. Requested project ID sih2026-ce822, but the emulator is configured for demo-sih2026. To opt-out of single project mode add/set the '\"singleProjectMode\": false' property in the firebase.json emulators config.\r\n"}}
[debug] [2026-09-03T06:03:35.605Z] Multiple projectIds are not recommended in single project mode. Requested project ID sih2026-ce822, but the emulator is configured for demo-sih2026. To opt-out of single project mode add/set the '"singleProjectMode": false' property in the firebase.json emulators config.
 {"metadata":{"emulator":{"name":"firestore"},"message":"Multiple projectIds are not recommended in single project mode. Requested project ID sih2026-ce822, but the emulator is configured for demo-sih2026. To opt-out of single project mode add/set the '\"singleProjectMode\": false' property in the firebase.json emulators config.\r\n"}}
[debug] [2026-09-03T06:03:35.605Z] Multiple projectIds are not recommended in single project mode. Requested project ID sih2026-ce822, but the emulator is configured for demo-sih2026. To opt-out of single project mode add/set the '"singleProjectMode": false' property in the firebase.json emulators config.
 {"metadata":{"emulator":{"name":"firestore"},"message":"Multiple projectIds are not recommended in single project mode. Requested project ID sih2026-ce822, but the emulator is configured for demo-sih2026. To opt-out of single project mode add/set the '\"singleProjectMode\": false' property in the firebase.json emulators config.\r\n"}}
[debug] [2026-09-03T06:03:35.606Z] Multiple projectIds are not recommended in single project mode. Requested project ID sih2026-ce822, but the emulator is configured for demo-sih2026. To opt-out of single project mode add/set the '"singleProjectMode": false' property in the firebase.json emulators config.
 {"metadata":{"emulator":{"name":"firestore"},"message":"Multiple projectIds are not recommended in single project mode. Requested project ID sih2026-ce822, but the emulator is configured for demo-sih2026. To opt-out of single project mode add/set the '\"singleProjectMode\": false' property in the firebase.json emulators config.\r\n"}}
[debug] [2026-09-03T06:03:35.606Z] Multiple projectIds are not recommended in single project mode. Requested project ID sih2026-ce822, but the emulator is configured for demo-sih2026. To opt-out of single project mode add/set the '"singleProjectMode": false' property in the firebase.json emulators config.
 {"metadata":{"emulator":{"name":"firestore"},"message":"Multiple projectIds are not recommended in single project mode. Requested project ID sih2026-ce822, but the emulator is configured for demo-sih2026. To opt-out of single project mode add/set the '\"singleProjectMode\": false' property in the firebase.json emulators config.\r\n"}}
[debug] [2026-09-03T06:03:35.836Z] Multiple projectIds are not recommended in single project mode. Requested project ID sih2026-ce822, but the emulator is configured for demo-sih2026. To opt-out of single project mode add/set the '"singleProjectMode": false' property in the firebase.json emulators config.
 {"metadata":{"emulator":{"name":"firestore"},"message":"Multiple projectIds are not recommended in single project mode. Requested project ID sih2026-ce822, but the emulator is configured for demo-sih2026. To opt-out of single project mode add/set the '\"singleProjectMode\": false' property in the firebase.json emulators config.\r\n"}}
[debug] [2026-09-03T06:03:35.836Z] Multiple projectIds are not recommended in single project mode. Requested project ID sih2026-ce822, but the emulator is configured for demo-sih2026. To opt-out of single project mode add/set the '"singleProjectMode": false' property in the firebase.json emulators config.
Multiple projectIds are not recommended in single project mode. Requested project ID sih2026-ce822, but the emulator is configured for demo-sih2026. To opt-out of single project mode add/set the '"singleProjectMode": false' property in the firebase.json emulators config.
Multiple projectIds are not recommended in single project mode. Requested project ID sih2026-ce822, but the emulator is configured for demo-sih2026. To opt-out of single project mode add/set the '"singleProjectMode": false' property in the firebase.json emulators config.
Multiple projectIds are not recommended in single project mode. Requested project ID sih2026-ce822, but the emulator is configured for demo-sih2026. To opt-out of single project mode add/set the '"singleProjectMode": false' property in the firebase.json emulators config.
 {"metadata":{"emulator":{"name":"firestore"},"message":"Multiple projectIds are not recommended in single project mode. Requested project ID sih2026-ce822, but the emulator is configured for demo-sih2026. To opt-out of single project mode add/set the '\"singleProjectMode\": false' property in the firebase.json emulators config.\r\nMultiple projectIds are not recommended in single project mode. Requested project ID sih2026-ce822, but the emulator is configured for demo-sih2026. To opt-out of single project mode add/set the '\"singleProjectMode\": false' property in the firebase.json emulators config.\r\nMultiple projectIds are not recommended in single project mode. Requested project ID sih2026-ce822, but the emulator is configured for demo-sih2026. To opt-out of single project mode add/set the '\"singleProjectMode\": false' property in the firebase.json emulators config.\r\nMultiple projectIds are not recommended in single project mode. Requested project ID sih2026-ce822, but the emulator is configured for demo-sih2026. To opt-out of single project mode add/set the '\"singleProjectMode\": false' property in the firebase.json emulators config.\r\n"}}
[debug] [2026-09-03T06:03:35.836Z] Multiple projectIds are not recommended in single project mode. Requested project ID sih2026-ce822, but the emulator is configured for demo-sih2026. To opt-out of single project mode add/set the '"singleProjectMode": false' property in the firebase.json emulators config.
 {"metadata":{"emulator":{"name":"firestore"},"message":"Multiple projectIds are not recommended in single project mode. Requested project ID sih2026-ce822, but the emulator is configured for demo-sih2026. To opt-out of single project mode add/set the '\"singleProjectMode\": false' property in the firebase.json emulators config.\r\n"}}
[debug] [2026-09-03T06:03:36.069Z] Multiple projectIds are not recommended in single project mode. Requested project ID sih2026-ce822, but the emulator is configured for demo-sih2026. To opt-out of single project mode add/set the '"singleProjectMode": false' property in the firebase.json emulators config.
 {"metadata":{"emulator":{"name":"firestore"},"message":"Multiple projectIds are not recommended in single project mode. Requested project ID sih2026-ce822, but the emulator is configured for demo-sih2026. To opt-out of single project mode add/set the '\"singleProjectMode\": false' property in the firebase.json emulators config.\r\n"}}
[debug] [2026-09-03T06:03:36.069Z] Multiple projectIds are not recommended in single project mode. Requested project ID sih2026-ce822, but the emulator is configured for demo-sih2026. To opt-out of single project mode add/set the '"singleProjectMode": false' property in the firebase.json emulators config.
Multiple projectIds are not recommended in single project mode. Requested project ID sih2026-ce822, but the emulator is configured for demo-sih2026. To opt-out of single project mode add/set the '"singleProjectMode": false' property in the firebase.json emulators config.
Multiple projectIds are not recommended in single project mode. Requested project ID sih2026-ce822, but the emulator is configured for demo-sih2026. To opt-out of single project mode add/set the '"singleProjectMode": false' property in the firebase.json emulators config.
 {"metadata":{"emulator":{"name":"firestore"},"message":"Multiple projectIds are not recommended in single project mode. Requested project ID sih2026-ce822, but the emulator is configured for demo-sih2026. To opt-out of single project mode add/set the '\"singleProjectMode\": false' property in the firebase.json emulators config.\r\nMultiple projectIds are not recommended in single project mode. Requested project ID sih2026-ce822, but the emulator is configured for demo-sih2026. To opt-out of single project mode add/set the '\"singleProjectMode\": false' property in the firebase.json emulators config.\r\nMultiple projectIds are not recommended in single project mode. Requested project ID sih2026-ce822, but the emulator is configured for demo-sih2026. To opt-out of single project mode add/set the '\"singleProjectMode\": false' property in the firebase.json emulators config.\r\n"}}
[debug] [2026-09-03T06:03:36.070Z] Multiple projectIds are not recommended in single project mode. Requested project ID sih2026-ce822, but the emulator is configured for demo-sih2026. To opt-out of single project mode add/set the '"singleProjectMode": false' property in the firebase.json emulators config.
Multiple projectIds are not recommended in single project mode. Requested project ID sih2026-ce822, but the emulator is configured for demo-sih2026. To opt-out of single project mode add/set the '"singleProjectMode": false' property in the firebase.json emulators config.
 {"metadata":{"emulator":{"name":"firestore"},"message":"Multiple projectIds are not recommended in single project mode. Requested project ID sih2026-ce822, but the emulator is configured for demo-sih2026. To opt-out of single project mode add/set the '\"singleProjectMode\": false' property in the firebase.json emulators config.\r\nMultiple projectIds are not recommended in single project mode. Requested project ID sih2026-ce822, but the emulator is configured for demo-sih2026. To opt-out of single project mode add/set the '\"singleProjectMode\": false' property in the firebase.json emulators config.\r\n"}}
[debug] [2026-09-03T06:03:36.303Z] Multiple projectIds are not recommended in single project mode. Requested project ID sih2026-ce822, but the emulator is configured for demo-sih2026. To opt-out of single project mode add/set the '"singleProjectMode": false' property in the firebase.json emulators config.
 {"metadata":{"emulator":{"name":"firestore"},"message":"Multiple projectIds are not recommended in single project mode. Requested project ID sih2026-ce822, but the emulator is configured for demo-sih2026. To opt-out of single project mode add/set the '\"singleProjectMode\": false' property in the firebase.json emulators config.\r\n"}}
[debug] [2026-09-03T06:03:36.303Z] Multiple projectIds are not recommended in single project mode. Requested project ID sih2026-ce822, but the emulator is configured for demo-sih2026. To opt-out of single project mode add/set the '"singleProjectMode": false' property in the firebase.json emulators config.
 {"metadata":{"emulator":{"name":"firestore"},"message":"Multiple projectIds are not recommended in single project mode. Requested project ID sih2026-ce822, but the emulator is configured for demo-sih2026. To opt-out of single project mode add/set the '\"singleProjectMode\": false' property in the firebase.json emulators config.\r\n"}}
[debug] [2026-09-03T06:03:36.303Z] Multiple projectIds are not recommended in single project mode. Requested project ID sih2026-ce822, but the emulator is configured for demo-sih2026. To opt-out of single project mode add/set the '"singleProjectMode": false' property in the firebase.json emulators config.
 {"metadata":{"emulator":{"name":"firestore"},"message":"Multiple projectIds are not recommended in single project mode. Requested project ID sih2026-ce822, but the emulator is configured for demo-sih2026. To opt-out of single project mode add/set the '\"singleProjectMode\": false' property in the firebase.json emulators config.\r\n"}}
[debug] [2026-09-03T06:03:36.303Z] Multiple projectIds are not recommended in single project mode. Requested project ID sih2026-ce822, but the emulator is configured for demo-sih2026. To opt-out of single project mode add/set the '"singleProjectMode": false' property in the firebase.json emulators config.
 {"metadata":{"emulator":{"name":"firestore"},"message":"Multiple projectIds are not recommended in single project mode. Requested project ID sih2026-ce822, but the emulator is configured for demo-sih2026. To opt-out of single project mode add/set the '\"singleProjectMode\": false' property in the firebase.json emulators config.\r\n"}}
[debug] [2026-09-03T06:03:36.303Z] Multiple projectIds are not recommended in single project mode. Requested project ID sih2026-ce822, but the emulator is configured for demo-sih2026. To opt-out of single project mode add/set the '"singleProjectMode": false' property in the firebase.json emulators config.
Multiple projectIds are not recommended in single project mode. Requested project ID sih2026-ce822, but the emulator is configured for demo-sih2026. To opt-out of single project mode add/set the '"singleProjectMode": false' property in the firebase.json emulators config.
 {"metadata":{"emulator":{"name":"firestore"},"message":"Multiple projectIds are not recommended in single project mode. Requested project ID sih2026-ce822, but the emulator is configured for demo-sih2026. To opt-out of single project mode add/set the '\"singleProjectMode\": false' property in the firebase.json emulators config.\r\nMultiple projectIds are not recommended in single project mode. Requested project ID sih2026-ce822, but the emulator is configured for demo-sih2026. To opt-out of single project mode add/set the '\"singleProjectMode\": false' property in the firebase.json emulators config.\r\n"}}
[debug] [2026-09-03T06:03:36.536Z] Multiple projectIds are not recommended in single project mode. Requested project ID sih2026-ce822, but the emulator is configured for demo-sih2026. To opt-out of single project mode add/set the '"singleProjectMode": false' property in the firebase.json emulators config.
 {"metadata":{"emulator":{"name":"firestore"},"message":"Multiple projectIds are not recommended in single project mode. Requested project ID sih2026-ce822, but the emulator is configured for demo-sih2026. To opt-out of single project mode add/set the '\"singleProjectMode\": false' property in the firebase.json emulators config.\r\n"}}
[debug] [2026-09-03T06:03:36.537Z] Multiple projectIds are not recommended in single project mode. Requested project ID sih2026-ce822, but the emulator is configured for demo-sih2026. To opt-out of single project mode add/set the '"singleProjectMode": false' property in the firebase.json emulators config.
 {"metadata":{"emulator":{"name":"firestore"},"message":"Multiple projectIds are not recommended in single project mode. Requested project ID sih2026-ce822, but the emulator is configured for demo-sih2026. To opt-out of single project mode add/set the '\"singleProjectMode\": false' property in the firebase.json emulators config.\r\n"}}
[debug] [2026-09-03T06:03:36.539Z] Multiple projectIds are not recommended in single project mode. Requested project ID sih2026-ce822, but the emulator is configured for demo-sih2026. To opt-out of single project mode add/set the '"singleProjectMode": false' property in the firebase.json emulators config.
 {"metadata":{"emulator":{"name":"firestore"},"message":"Multiple projectIds are not recommended in single project mode. Requested project ID sih2026-ce822, but the emulator is configured for demo-sih2026. To opt-out of single project mode add/set the '\"singleProjectMode\": false' property in the firebase.json emulators config.\r\n"}}
[debug] [2026-09-03T06:03:36.539Z] Multiple projectIds are not recommended in single project mode. Requested project ID sih2026-ce822, but the emulator is configured for demo-sih2026. To opt-out of single project mode add/set the '"singleProjectMode": false' property in the firebase.json emulators config.
 {"metadata":{"emulator":{"name":"firestore"},"message":"Multiple projectIds are not recommended in single project mode. Requested project ID sih2026-ce822, but the emulator is configured for demo-sih2026. To opt-out of single project mode add/set the '\"singleProjectMode\": false' property in the firebase.json emulators config.\r\n"}}
[debug] [2026-09-03T06:03:36.541Z] Multiple projectIds are not recommended in single project mode. Requested project ID sih2026-ce822, but the emulator is configured for demo-sih2026. To opt-out of single project mode add/set the '"singleProjectMode": false' property in the firebase.json emulators config.
 {"metadata":{"emulator":{"name":"firestore"},"message":"Multiple projectIds are not recommended in single project mode. Requested project ID sih2026-ce822, but the emulator is configured for demo-sih2026. To opt-out of single project mode add/set the '\"singleProjectMode\": false' property in the firebase.json emulators config.\r\n"}}
[debug] [2026-09-03T06:03:36.542Z] Multiple projectIds are not recommended in single project mode. Requested project ID sih2026-ce822, but the emulator is configured for demo-sih2026. To opt-out of single project mode add/set the '"singleProjectMode": false' property in the firebase.json emulators config.
 {"metadata":{"emulator":{"name":"firestore"},"message":"Multiple projectIds are not recommended in single project mode. Requested project ID sih2026-ce822, but the emulator is configured for demo-sih2026. To opt-out of single project mode add/set the '\"singleProjectMode\": false' property in the firebase.json emulators config.\r\n"}}
[debug] [2026-09-03T06:03:36.770Z] Multiple projectIds are not recommended in single project mode. Requested project ID sih2026-ce822, but the emulator is configured for demo-sih2026. To opt-out of single project mode add/set the '"singleProjectMode": false' property in the firebase.json emulators config.
 {"metadata":{"emulator":{"name":"firestore"},"message":"Multiple projectIds are not recommended in single project mode. Requested project ID sih2026-ce822, but the emulator is configured for demo-sih2026. To opt-out of single project mode add/set the '\"singleProjectMode\": false' property in the firebase.json emulators config.\r\n"}}
[debug] [2026-09-03T06:03:36.770Z] Multiple projectIds are not recommended in single project mode. Requested project ID sih2026-ce822, but the emulator is configured for demo-sih2026. To opt-out of single project mode add/set the '"singleProjectMode": false' property in the firebase.json emulators config.
Multiple projectIds are not recommended in single project mode. Requested project ID sih2026-ce822, but the emulator is configured for demo-sih2026. To opt-out of single project mode add/set the '"singleProjectMode": false' property in the firebase.json emulators config.
Multiple projectIds are not recommended in single project mode. Requested project ID sih2026-ce822, but the emulator is configured for demo-sih2026. To opt-out of single project mode add/set the '"singleProjectMode": false' property in the firebase.json emulators config.
Multiple projectIds are not recommended in single project mode. Requested project ID sih2026-ce822, but the emulator is configured for demo-sih2026. To opt-out of single project mode add/set the '"singleProjectMode": false' property in the firebase.json emulators config.
 {"metadata":{"emulator":{"name":"firestore"},"message":"Multiple projectIds are not recommended in single project mode. Requested project ID sih2026-ce822, but the emulator is configured for demo-sih2026. To opt-out of single project mode add/set the '\"singleProjectMode\": false' property in the firebase.json emulators config.\r\nMultiple projectIds are not recommended in single project mode. Requested project ID sih2026-ce822, but the emulator is configured for demo-sih2026. To opt-out of single project mode add/set the '\"singleProjectMode\": false' property in the firebase.json emulators config.\r\nMultiple projectIds are not recommended in single project mode. Requested project ID sih2026-ce822, but the emulator is configured for demo-sih2026. To opt-out of single project mode add/set the '\"singleProjectMode\": false' property in the firebase.json emulators config.\r\nMultiple projectIds are not recommended in single project mode. Requested project ID sih2026-ce822, but the emulator is configured for demo-sih2026. To opt-out of single project mode add/set the '\"singleProjectMode\": false' property in the firebase.json emulators config.\r\n"}}
[debug] [2026-09-03T06:03:36.770Z] Multiple projectIds are not recommended in single project mode. Requested project ID sih2026-ce822, but the emulator is configured for demo-sih2026. To opt-out of single project mode add/set the '"singleProjectMode": false' property in the firebase.json emulators config.
 {"metadata":{"emulator":{"name":"firestore"},"message":"Multiple projectIds are not recommended in single project mode. Requested project ID sih2026-ce822, but the emulator is configured for demo-sih2026. To opt-out of single project mode add/set the '\"singleProjectMode\": false' property in the firebase.json emulators config.\r\n"}}
[debug] [2026-09-03T06:03:37.002Z] Multiple projectIds are not recommended in single project mode. Requested project ID sih2026-ce822, but the emulator is configured for demo-sih2026. To opt-out of single project mode add/set the '"singleProjectMode": false' property in the firebase.json emulators config.
 {"metadata":{"emulator":{"name":"firestore"},"message":"Multiple projectIds are not recommended in single project mode. Requested project ID sih2026-ce822, but the emulator is configured for demo-sih2026. To opt-out of single project mode add/set the '\"singleProjectMode\": false' property in the firebase.json emulators config.\r\n"}}
[debug] [2026-09-03T06:03:37.003Z] Multiple projectIds are not recommended in single project mode. Requested project ID sih2026-ce822, but the emulator is configured for demo-sih2026. To opt-out of single project mode add/set the '"singleProjectMode": false' property in the firebase.json emulators config.
 {"metadata":{"emulator":{"name":"firestore"},"message":"Multiple projectIds are not recommended in single project mode. Requested project ID sih2026-ce822, but the emulator is configured for demo-sih2026. To opt-out of single project mode add/set the '\"singleProjectMode\": false' property in the firebase.json emulators config.\r\n"}}
[debug] [2026-09-03T06:03:37.003Z] Multiple projectIds are not recommended in single project mode. Requested project ID sih2026-ce822, but the emulator is configured for demo-sih2026. To opt-out of single project mode add/set the '"singleProjectMode": false' property in the firebase.json emulators config.
Multiple projectIds are not recommended in single project mode. Requested project ID sih2026-ce822, but the emulator is configured for demo-sih2026. To opt-out of single project mode add/set the '"singleProjectMode": false' property in the firebase.json emulators config.
 {"metadata":{"emulator":{"name":"firestore"},"message":"Multiple projectIds are not recommended in single project mode. Requested project ID sih2026-ce822, but the emulator is configured for demo-sih2026. To opt-out of single project mode add/set the '\"singleProjectMode\": false' property in the firebase.json emulators config.\r\nMultiple projectIds are not recommended in single project mode. Requested project ID sih2026-ce822, but the emulator is configured for demo-sih2026. To opt-out of single project mode add/set the '\"singleProjectMode\": false' property in the firebase.json emulators config.\r\n"}}
[debug] [2026-09-03T06:03:37.003Z] Multiple projectIds are not recommended in single project mode. Requested project ID sih2026-ce822, but the emulator is configured for demo-sih2026. To opt-out of single project mode add/set the '"singleProjectMode": false' property in the firebase.json emulators config.
 {"metadata":{"emulator":{"name":"firestore"},"message":"Multiple projectIds are not recommended in single project mode. Requested project ID sih2026-ce822, but the emulator is configured for demo-sih2026. To opt-out of single project mode add/set the '\"singleProjectMode\": false' property in the firebase.json emulators config.\r\n"}}
[debug] [2026-09-03T06:03:37.003Z] Multiple projectIds are not recommended in single project mode. Requested project ID sih2026-ce822, but the emulator is configured for demo-sih2026. To opt-out of single project mode add/set the '"singleProjectMode": false' property in the firebase.json emulators config.
 {"metadata":{"emulator":{"name":"firestore"},"message":"Multiple projectIds are not recommended in single project mode. Requested project ID sih2026-ce822, but the emulator is configured for demo-sih2026. To opt-out of single project mode add/set the '\"singleProjectMode\": false' property in the firebase.json emulators config.\r\n"}}
[debug] [2026-09-03T06:03:37.234Z] Multiple projectIds are not recommended in single project mode. Requested project ID sih2026-ce822, but the emulator is configured for demo-sih2026. To opt-out of single project mode add/set the '"singleProjectMode": false' property in the firebase.json emulators config.
 {"metadata":{"emulator":{"name":"firestore"},"message":"Multiple projectIds are not recommended in single project mode. Requested project ID sih2026-ce822, but the emulator is configured for demo-sih2026. To opt-out of single project mode add/set the '\"singleProjectMode\": false' property in the firebase.json emulators config.\r\n"}}
[debug] [2026-09-03T06:03:37.235Z] Multiple projectIds are not recommended in single project mode. Requested project ID sih2026-ce822, but the emulator is configured for demo-sih2026. To opt-out of single project mode add/set the '"singleProjectMode": false' property in the firebase.json emulators config.
 {"metadata":{"emulator":{"name":"firestore"},"message":"Multiple projectIds are not recommended in single project mode. Requested project ID sih2026-ce822, but the emulator is configured for demo-sih2026. To opt-out of single project mode add/set the '\"singleProjectMode\": false' property in the firebase.json emulators config.\r\n"}}
[debug] [2026-09-03T06:03:37.235Z] Multiple projectIds are not recommended in single project mode. Requested project ID sih2026-ce822, but the emulator is configured for demo-sih2026. To opt-out of single project mode add/set the '"singleProjectMode": false' property in the firebase.json emulators config.
 {"metadata":{"emulator":{"name":"firestore"},"message":"Multiple projectIds are not recommended in single project mode. Requested project ID sih2026-ce822, but the emulator is configured for demo-sih2026. To opt-out of single project mode add/set the '\"singleProjectMode\": false' property in the firebase.json emulators config.\r\n"}}
[debug] [2026-09-03T06:03:37.235Z] Multiple projectIds are not recommended in single project mode. Requested project ID sih2026-ce822, but the emulator is configured for demo-sih2026. To opt-out of single project mode add/set the '"singleProjectMode": false' property in the firebase.json emulators config.
 {"metadata":{"emulator":{"name":"firestore"},"message":"Multiple projectIds are not recommended in single project mode. Requested project ID sih2026-ce822, but the emulator is configured for demo-sih2026. To opt-out of single project mode add/set the '\"singleProjectMode\": false' property in the firebase.json emulators config.\r\n"}}
[debug] [2026-09-03T06:03:37.236Z] Multiple projectIds are not recommended in single project mode. Requested project ID sih2026-ce822, but the emulator is configured for demo-sih2026. To opt-out of single project mode add/set the '"singleProjectMode": false' property in the firebase.json emulators config.
 {"metadata":{"emulator":{"name":"firestore"},"message":"Multiple projectIds are not recommended in single project mode. Requested project ID sih2026-ce822, but the emulator is configured for demo-sih2026. To opt-out of single project mode add/set the '\"singleProjectMode\": false' property in the firebase.json emulators config.\r\n"}}
[debug] [2026-09-03T06:03:37.236Z] Multiple projectIds are not recommended in single project mode. Requested project ID sih2026-ce822, but the emulator is configured for demo-sih2026. To opt-out of single project mode add/set the '"singleProjectMode": false' property in the firebase.json emulators config.
 {"metadata":{"emulator":{"name":"firestore"},"message":"Multiple projectIds are not recommended in single project mode. Requested project ID sih2026-ce822, but the emulator is configured for demo-sih2026. To opt-out of single project mode add/set the '\"singleProjectMode\": false' property in the firebase.json emulators config.\r\n"}}
[debug] [2026-09-03T06:03:37.456Z] Multiple projectIds are not recommended in single project mode. Requested project ID sih2026-ce822, but the emulator is configured for demo-sih2026. To opt-out of single project mode add/set the '"singleProjectMode": false' property in the firebase.json emulators config.
 {"metadata":{"emulator":{"name":"firestore"},"message":"Multiple projectIds are not recommended in single project mode. Requested project ID sih2026-ce822, but the emulator is configured for demo-sih2026. To opt-out of single project mode add/set the '\"singleProjectMode\": false' property in the firebase.json emulators config.\r\n"}}
[debug] [2026-09-03T06:03:37.457Z] Multiple projectIds are not recommended in single project mode. Requested project ID sih2026-ce822, but the emulator is configured for demo-sih2026. To opt-out of single project mode add/set the '"singleProjectMode": false' property in the firebase.json emulators config.
 {"metadata":{"emulator":{"name":"firestore"},"message":"Multiple projectIds are not recommended in single project mode. Requested project ID sih2026-ce822, but the emulator is configured for demo-sih2026. To opt-out of single project mode add/set the '\"singleProjectMode\": false' property in the firebase.json emulators config.\r\n"}}
[debug] [2026-09-03T06:03:37.458Z] Multiple projectIds are not recommended in single project mode. Requested project ID sih2026-ce822, but the emulator is configured for demo-sih2026. To opt-out of single project mode add/set the '"singleProjectMode": false' property in the firebase.json emulators config.
 {"metadata":{"emulator":{"name":"firestore"},"message":"Multiple projectIds are not recommended in single project mode. Requested project ID sih2026-ce822, but the emulator is configured for demo-sih2026. To opt-out of single project mode add/set the '\"singleProjectMode\": false' property in the firebase.json emulators config.\r\n"}}
[debug] [2026-09-03T06:03:37.458Z] Multiple projectIds are not recommended in single project mode. Requested project ID sih2026-ce822, but the emulator is configured for demo-sih2026. To opt-out of single project mode add/set the '"singleProjectMode": false' property in the firebase.json emulators config.
 {"metadata":{"emulator":{"name":"firestore"},"message":"Multiple projectIds are not recommended in single project mode. Requested project ID sih2026-ce822, but the emulator is configured for demo-sih2026. To opt-out of single project mode add/set the '\"singleProjectMode\": false' property in the firebase.json emulators config.\r\n"}}
[debug] [2026-09-03T06:03:37.465Z] Multiple projectIds are not recommended in single project mode. Requested project ID sih2026-ce822, but the emulator is configured for demo-sih2026. To opt-out of single project mode add/set the '"singleProjectMode": false' property in the firebase.json emulators config.
 {"metadata":{"emulator":{"name":"firestore"},"message":"Multiple projectIds are not recommended in single project mode. Requested project ID sih2026-ce822, but the emulator is configured for demo-sih2026. To opt-out of single project mode add/set the '\"singleProjectMode\": false' property in the firebase.json emulators config.\r\n"}}
[debug] [2026-09-03T06:03:37.465Z] Multiple projectIds are not recommended in single project mode. Requested project ID sih2026-ce822, but the emulator is configured for demo-sih2026. To opt-out of single project mode add/set the '"singleProjectMode": false' property in the firebase.json emulators config.
 {"metadata":{"emulator":{"name":"firestore"},"message":"Multiple projectIds are not recommended in single project mode. Requested project ID sih2026-ce822, but the emulator is configured for demo-sih2026. To opt-out of single project mode add/set the '\"singleProjectMode\": false' property in the firebase.json emulators config.\r\n"}}
[debug] [2026-09-03T06:03:37.689Z] Multiple projectIds are not recommended in single project mode. Requested project ID sih2026-ce822, but the emulator is configured for demo-sih2026. To opt-out of single project mode add/set the '"singleProjectMode": false' property in the firebase.json emulators config.
 {"metadata":{"emulator":{"name":"firestore"},"message":"Multiple projectIds are not recommended in single project mode. Requested project ID sih2026-ce822, but the emulator is configured for demo-sih2026. To opt-out of single project mode add/set the '\"singleProjectMode\": false' property in the firebase.json emulators config.\r\n"}}
[debug] [2026-09-03T06:03:37.689Z] Multiple projectIds are not recommended in single project mode. Requested project ID sih2026-ce822, but the emulator is configured for demo-sih2026. To opt-out of single project mode add/set the '"singleProjectMode": false' property in the firebase.json emulators config.
Multiple projectIds are not recommended in single project mode. Requested project ID sih2026-ce822, but the emulator is configured for demo-sih2026. To opt-out of single project mode add/set the '"singleProjectMode": false' property in the firebase.json emulators config.
Multiple projectIds are not recommended in single project mode. Requested project ID sih2026-ce822, but the emulator is configured for demo-sih2026. To opt-out of single project mode add/set the '"singleProjectMode": false' property in the firebase.json emulators config.
 {"metadata":{"emulator":{"name":"firestore"},"message":"Multiple projectIds are not recommended in single project mode. Requested project ID sih2026-ce822, but the emulator is configured for demo-sih2026. To opt-out of single project mode add/set the '\"singleProjectMode\": false' property in the firebase.json emulators config.\r\nMultiple projectIds are not recommended in single project mode. Requested project ID sih2026-ce822, but the emulator is configured for demo-sih2026. To opt-out of single project mode add/set the '\"singleProjectMode\": false' property in the firebase.json emulators config.\r\nMultiple projectIds are not recommended in single project mode. Requested project ID sih2026-ce822, but the emulator is configured for demo-sih2026. To opt-out of single project mode add/set the '\"singleProjectMode\": false' property in the firebase.json emulators config.\r\n"}}
[debug] [2026-09-03T06:03:37.691Z] Multiple projectIds are not recommended in single project mode. Requested project ID sih2026-ce822, but the emulator is configured for demo-sih2026. To opt-out of single project mode add/set the '"singleProjectMode": false' property in the firebase.json emulators config.
Multiple projectIds are not recommended in single project mode. Requested project ID sih2026-ce822, but the emulator is configured for demo-sih2026. To opt-out of single project mode add/set the '"singleProjectMode": false' property in the firebase.json emulators config.
 {"metadata":{"emulator":{"name":"firestore"},"message":"Multiple projectIds are not recommended in single project mode. Requested project ID sih2026-ce822, but the emulator is configured for demo-sih2026. To opt-out of single project mode add/set the '\"singleProjectMode\": false' property in the firebase.json emulators config.\r\nMultiple projectIds are not recommended in single project mode. Requested project ID sih2026-ce822, but the emulator is configured for demo-sih2026. To opt-out of single project mode add/set the '\"singleProjectMode\": false' property in the firebase.json emulators config.\r\n"}}
[debug] [2026-09-03T06:03:37.903Z] Multiple projectIds are not recommended in single project mode. Requested project ID sih2026-ce822, but the emulator is configured for demo-sih2026. To opt-out of single project mode add/set the '"singleProjectMode": false' property in the firebase.json emulators config.
 {"metadata":{"emulator":{"name":"firestore"},"message":"Multiple projectIds are not recommended in single project mode. Requested project ID sih2026-ce822, but the emulator is configured for demo-sih2026. To opt-out of single project mode add/set the '\"singleProjectMode\": false' property in the firebase.json emulators config.\r\n"}}
[debug] [2026-09-03T06:03:37.903Z] Multiple projectIds are not recommended in single project mode. Requested project ID sih2026-ce822, but the emulator is configured for demo-sih2026. To opt-out of single project mode add/set the '"singleProjectMode": false' property in the firebase.json emulators config.
 {"metadata":{"emulator":{"name":"firestore"},"message":"Multiple projectIds are not recommended in single project mode. Requested project ID sih2026-ce822, but the emulator is configured for demo-sih2026. To opt-out of single project mode add/set the '\"singleProjectMode\": false' property in the firebase.json emulators config.\r\n"}}
[debug] [2026-09-03T06:03:37.903Z] Multiple projectIds are not recommended in single project mode. Requested project ID sih2026-ce822, but the emulator is configured for demo-sih2026. To opt-out of single project mode add/set the '"singleProjectMode": false' property in the firebase.json emulators config.
 {"metadata":{"emulator":{"name":"firestore"},"message":"Multiple projectIds are not recommended in single project mode. Requested project ID sih2026-ce822, but the emulator is configured for demo-sih2026. To opt-out of single project mode add/set the '\"singleProjectMode\": false' property in the firebase.json emulators config.\r\n"}}
[debug] [2026-09-03T06:03:37.903Z] Multiple projectIds are not recommended in single project mode. Requested project ID sih2026-ce822, but the emulator is configured for demo-sih2026. To opt-out of single project mode add/set the '"singleProjectMode": false' property in the firebase.json emulators config.
 {"metadata":{"emulator":{"name":"firestore"},"message":"Multiple projectIds are not recommended in single project mode. Requested project ID sih2026-ce822, but the emulator is configured for demo-sih2026. To opt-out of single project mode add/set the '\"singleProjectMode\": false' property in the firebase.json emulators config.\r\n"}}
[debug] [2026-09-03T06:03:37.905Z] Multiple projectIds are not recommended in single project mode. Requested project ID sih2026-ce822, but the emulator is configured for demo-sih2026. To opt-out of single project mode add/set the '"singleProjectMode": false' property in the firebase.json emulators config.
 {"metadata":{"emulator":{"name":"firestore"},"message":"Multiple projectIds are not recommended in single project mode. Requested project ID sih2026-ce822, but the emulator is configured for demo-sih2026. To opt-out of single project mode add/set the '\"singleProjectMode\": false' property in the firebase.json emulators config.\r\n"}}
[debug] [2026-09-03T06:03:37.905Z] Multiple projectIds are not recommended in single project mode. Requested project ID sih2026-ce822, but the emulator is configured for demo-sih2026. To opt-out of single project mode add/set the '"singleProjectMode": false' property in the firebase.json emulators config.
 {"metadata":{"emulator":{"name":"firestore"},"message":"Multiple projectIds are not recommended in single project mode. Requested project ID sih2026-ce822, but the emulator is configured for demo-sih2026. To opt-out of single project mode add/set the '\"singleProjectMode\": false' property in the firebase.json emulators config.\r\n"}}
[debug] [2026-09-03T06:03:38.137Z] Multiple projectIds are not recommended in single project mode. Requested project ID sih2026-ce822, but the emulator is configured for demo-sih2026. To opt-out of single project mode add/set the '"singleProjectMode": false' property in the firebase.json emulators config.
Multiple projectIds are not recommended in single project mode. Requested project ID sih2026-ce822, but the emulator is configured for demo-sih2026. To opt-out of single project mode add/set the '"singleProjectMode": false' property in the firebase.json emulators config.
 {"metadata":{"emulator":{"name":"firestore"},"message":"Multiple projectIds are not recommended in single project mode. Requested project ID sih2026-ce822, but the emulator is configured for demo-sih2026. To opt-out of single project mode add/set the '\"singleProjectMode\": false' property in the firebase.json emulators config.\r\nMultiple projectIds are not recommended in single project mode. Requested project ID sih2026-ce822, but the emulator is configured for demo-sih2026. To opt-out of single project mode add/set the '\"singleProjectMode\": false' property in the firebase.json emulators config.\r\n"}}
[debug] [2026-09-03T06:03:38.137Z] Multiple projectIds are not recommended in single project mode. Requested project ID sih2026-ce822, but the emulator is configured for demo-sih2026. To opt-out of single project mode add/set the '"singleProjectMode": false' property in the firebase.json emulators config.
Multiple projectIds are not recommended in single project mode. Requested project ID sih2026-ce822, but the emulator is configured for demo-sih2026. To opt-out of single project mode add/set the '"singleProjectMode": false' property in the firebase.json emulators config.
 {"metadata":{"emulator":{"name":"firestore"},"message":"Multiple projectIds are not recommended in single project mode. Requested project ID sih2026-ce822, but the emulator is configured for demo-sih2026. To opt-out of single project mode add/set the '\"singleProjectMode\": false' property in the firebase.json emulators config.\r\nMultiple projectIds are not recommended in single project mode. Requested project ID sih2026-ce822, but the emulator is configured for demo-sih2026. To opt-out of single project mode add/set the '\"singleProjectMode\": false' property in the firebase.json emulators config.\r\n"}}
[debug] [2026-09-03T06:03:38.137Z] Multiple projectIds are not recommended in single project mode. Requested project ID sih2026-ce822, but the emulator is configured for demo-sih2026. To opt-out of single project mode add/set the '"singleProjectMode": false' property in the firebase.json emulators config.
Multiple projectIds are not recommended in single project mode. Requested project ID sih2026-ce822, but the emulator is configured for demo-sih2026. To opt-out of single project mode add/set the '"singleProjectMode": false' property in the firebase.json emulators config.
 {"metadata":{"emulator":{"name":"firestore"},"message":"Multiple projectIds are not recommended in single project mode. Requested project ID sih2026-ce822, but the emulator is configured for demo-sih2026. To opt-out of single project mode add/set the '\"singleProjectMode\": false' property in the firebase.json emulators config.\r\nMultiple projectIds are not recommended in single project mode. Requested project ID sih2026-ce822, but the emulator is configured for demo-sih2026. To opt-out of single project mode add/set the '\"singleProjectMode\": false' property in the firebase.json emulators config.\r\n"}}
[debug] [2026-09-03T06:03:38.370Z] Multiple projectIds are not recommended in single project mode. Requested project ID sih2026-ce822, but the emulator is configured for demo-sih2026. To opt-out of single project mode add/set the '"singleProjectMode": false' property in the firebase.json emulators config.
 {"metadata":{"emulator":{"name":"firestore"},"message":"Multiple projectIds are not recommended in single project mode. Requested project ID sih2026-ce822, but the emulator is configured for demo-sih2026. To opt-out of single project mode add/set the '\"singleProjectMode\": false' property in the firebase.json emulators config.\r\n"}}
[debug] [2026-09-03T06:03:38.371Z] Multiple projectIds are not recommended in single project mode. Requested project ID sih2026-ce822, but the emulator is configured for demo-sih2026. To opt-out of single project mode add/set the '"singleProjectMode": false' property in the firebase.json emulators config.
 {"metadata":{"emulator":{"name":"firestore"},"message":"Multiple projectIds are not recommended in single project mode. Requested project ID sih2026-ce822, but the emulator is configured for demo-sih2026. To opt-out of single project mode add/set the '\"singleProjectMode\": false' property in the firebase.json emulators config.\r\n"}}
[debug] [2026-09-03T06:03:38.371Z] Multiple projectIds are not recommended in single project mode. Requested project ID sih2026-ce822, but the emulator is configured for demo-sih2026. To opt-out of single project mode add/set the '"singleProjectMode": false' property in the firebase.json emulators config.
Multiple projectIds are not recommended in single project mode. Requested project ID sih2026-ce822, but the emulator is configured for demo-sih2026. To opt-out of single project mode add/set the '"singleProjectMode": false' property in the firebase.json emulators config.
 {"metadata":{"emulator":{"name":"firestore"},"message":"Multiple projectIds are not recommended in single project mode. Requested project ID sih2026-ce822, but the emulator is configured for demo-sih2026. To opt-out of single project mode add/set the '\"singleProjectMode\": false' property in the firebase.json emulators config.\r\nMultiple projectIds are not recommended in single project mode. Requested project ID sih2026-ce822, but the emulator is configured for demo-sih2026. To opt-out of single project mode add/set the '\"singleProjectMode\": false' property in the firebase.json emulators config.\r\n"}}
[debug] [2026-09-03T06:03:38.375Z] Multiple projectIds are not recommended in single project mode. Requested project ID sih2026-ce822, but the emulator is configured for demo-sih2026. To opt-out of single project mode add/set the '"singleProjectMode": false' property in the firebase.json emulators config.
 {"metadata":{"emulator":{"name":"firestore"},"message":"Multiple projectIds are not recommended in single project mode. Requested project ID sih2026-ce822, but the emulator is configured for demo-sih2026. To opt-out of single project mode add/set the '\"singleProjectMode\": false' property in the firebase.json emulators config.\r\n"}}
[debug] [2026-09-03T06:03:38.375Z] Multiple projectIds are not recommended in single project mode. Requested project ID sih2026-ce822, but the emulator is configured for demo-sih2026. To opt-out of single project mode add/set the '"singleProjectMode": false' property in the firebase.json emulators config.
 {"metadata":{"emulator":{"name":"firestore"},"message":"Multiple projectIds are not recommended in single project mode. Requested project ID sih2026-ce822, but the emulator is configured for demo-sih2026. To opt-out of single project mode add/set the '\"singleProjectMode\": false' property in the firebase.json emulators config.\r\n"}}
[debug] [2026-09-03T06:03:38.592Z] Multiple projectIds are not recommended in single project mode. Requested project ID sih2026-ce822, but the emulator is configured for demo-sih2026. To opt-out of single project mode add/set the '"singleProjectMode": false' property in the firebase.json emulators config.
Multiple projectIds are not recommended in single project mode. Requested project ID sih2026-ce822, but the emulator is configured for demo-sih2026. To opt-out of single project mode add/set the '"singleProjectMode": false' property in the firebase.json emulators config.
 {"metadata":{"emulator":{"name":"firestore"},"message":"Multiple projectIds are not recommended in single project mode. Requested project ID sih2026-ce822, but the emulator is configured for demo-sih2026. To opt-out of single project mode add/set the '\"singleProjectMode\": false' property in the firebase.json emulators config.\r\nMultiple projectIds are not recommended in single project mode. Requested project ID sih2026-ce822, but the emulator is configured for demo-sih2026. To opt-out of single project mode add/set the '\"singleProjectMode\": false' property in the firebase.json emulators config.\r\n"}}
[debug] [2026-09-03T06:03:38.592Z] Multiple projectIds are not recommended in single project mode. Requested project ID sih2026-ce822, but the emulator is configured for demo-sih2026. To opt-out of single project mode add/set the '"singleProjectMode": false' property in the firebase.json emulators config.
Multiple projectIds are not recommended in single project mode. Requested project ID sih2026-ce822, but the emulator is configured for demo-sih2026. To opt-out of single project mode add/set the '"singleProjectMode": false' property in the firebase.json emulators config.
Multiple projectIds are not recommended in single project mode. Requested project ID sih2026-ce822, but the emulator is configured for demo-sih2026. To opt-out of single project mode add/set the '"singleProjectMode": false' property in the firebase.json emulators config.
Multiple projectIds are not recommended in single project mode. Requested project ID sih2026-ce822, but the emulator is configured for demo-sih2026. To opt-out of single project mode add/set the '"singleProjectMode": false' property in the firebase.json emulators config.
 {"metadata":{"emulator":{"name":"firestore"},"message":"Multiple projectIds are not recommended in single project mode. Requested project ID sih2026-ce822, but the emulator is configured for demo-sih2026. To opt-out of single project mode add/set the '\"singleProjectMode\": false' property in the firebase.json emulators config.\r\nMultiple projectIds are not recommended in single project mode. Requested project ID sih2026-ce822, but the emulator is configured for demo-sih2026. To opt-out of single project mode add/set the '\"singleProjectMode\": false' property in the firebase.json emulators config.\r\nMultiple projectIds are not recommended in single project mode. Requested project ID sih2026-ce822, but the emulator is configured for demo-sih2026. To opt-out of single project mode add/set the '\"singleProjectMode\": false' property in the firebase.json emulators config.\r\nMultiple projectIds are not recommended in single project mode. Requested project ID sih2026-ce822, but the emulator is configured for demo-sih2026. To opt-out of single project mode add/set the '\"singleProjectMode\": false' property in the firebase.json emulators config.\r\n"}}
[debug] [2026-09-03T06:03:38.819Z] Multiple projectIds are not recommended in single project mode. Requested project ID sih2026-ce822, but the emulator is configured for demo-sih2026. To opt-out of single project mode add/set the '"singleProjectMode": false' property in the firebase.json emulators config.
 {"metadata":{"emulator":{"name":"firestore"},"message":"Multiple projectIds are not recommended in single project mode. Requested project ID sih2026-ce822, but the emulator is configured for demo-sih2026. To opt-out of single project mode add/set the '\"singleProjectMode\": false' property in the firebase.json emulators config.\r\n"}}
[debug] [2026-09-03T06:03:38.819Z] Multiple projectIds are not recommended in single project mode. Requested project ID sih2026-ce822, but the emulator is configured for demo-sih2026. To opt-out of single project mode add/set the '"singleProjectMode": false' property in the firebase.json emulators config.
Multiple projectIds are not recommended in single project mode. Requested project ID sih2026-ce822, but the emulator is configured for demo-sih2026. To opt-out of single project mode add/set the '"singleProjectMode": false' property in the firebase.json emulators config.
Multiple projectIds are not recommended in single project mode. Requested project ID sih2026-ce822, but the emulator is configured for demo-sih2026. To opt-out of single project mode add/set the '"singleProjectMode": false' property in the firebase.json emulators config.
Multiple projectIds are not recommended in single project mode. Requested project ID sih2026-ce822, but the emulator is configured for demo-sih2026. To opt-out of single project mode add/set the '"singleProjectMode": false' property in the firebase.json emulators config.
Multiple projectIds are not recommended in single project mode. Requested project ID sih2026-ce822, but the emulator is configured for demo-sih2026. To opt-out of single project mode add/set the '"singleProjectMode": false' property in the firebase.json emulators config.
 {"metadata":{"emulator":{"name":"firestore"},"message":"Multiple projectIds are not recommended in single project mode. Requested project ID sih2026-ce822, but the emulator is configured for demo-sih2026. To opt-out of single project mode add/set the '\"singleProjectMode\": false' property in the firebase.json emulators config.\r\nMultiple projectIds are not recommended in single project mode. Requested project ID sih2026-ce822, but the emulator is configured for demo-sih2026. To opt-out of single project mode add/set the '\"singleProjectMode\": false' property in the firebase.json emulators config.\r\nMultiple projectIds are not recommended in single project mode. Requested project ID sih2026-ce822, but the emulator is configured for demo-sih2026. To opt-out of single project mode add/set the '\"singleProjectMode\": false' property in the firebase.json emulators config.\r\nMultiple projectIds are not recommended in single project mode. Requested project ID sih2026-ce822, but the emulator is configured for demo-sih2026. To opt-out of single project mode add/set the '\"singleProjectMode\": false' property in the firebase.json emulators config.\r\nMultiple projectIds are not recommended in single project mode. Requested project ID sih2026-ce822, but the emulator is configured for demo-sih2026. To opt-out of single project mode add/set the '\"singleProjectMode\": false' property in the firebase.json emulators config.\r\n"}}
[debug] [2026-09-03T06:03:39.052Z] Multiple projectIds are not recommended in single project mode. Requested project ID sih2026-ce822, but the emulator is configured for demo-sih2026. To opt-out of single project mode add/set the '"singleProjectMode": false' property in the firebase.json emulators config.
Multiple projectIds are not recommended in single project mode. Requested project ID sih2026-ce822, but the emulator is configured for demo-sih2026. To opt-out of single project mode add/set the '"singleProjectMode": false' property in the firebase.json emulators config.
 {"metadata":{"emulator":{"name":"firestore"},"message":"Multiple projectIds are not recommended in single project mode. Requested project ID sih2026-ce822, but the emulator is configured for demo-sih2026. To opt-out of single project mode add/set the '\"singleProjectMode\": false' property in the firebase.json emulators config.\r\nMultiple projectIds are not recommended in single project mode. Requested project ID sih2026-ce822, but the emulator is configured for demo-sih2026. To opt-out of single project mode add/set the '\"singleProjectMode\": false' property in the firebase.json emulators config.\r\n"}}
[debug] [2026-09-03T06:03:39.053Z] Multiple projectIds are not recommended in single project mode. Requested project ID sih2026-ce822, but the emulator is configured for demo-sih2026. To opt-out of single project mode add/set the '"singleProjectMode": false' property in the firebase.json emulators config.
Multiple projectIds are not recommended in single project mode. Requested project ID sih2026-ce822, but the emulator is configured for demo-sih2026. To opt-out of single project mode add/set the '"singleProjectMode": false' property in the firebase.json emulators config.
Multiple projectIds are not recommended in single project mode. Requested project ID sih2026-ce822, but the emulator is configured for demo-sih2026. To opt-out of single project mode add/set the '"singleProjectMode": false' property in the firebase.json emulators config.
 {"metadata":{"emulator":{"name":"firestore"},"message":"Multiple projectIds are not recommended in single project mode. Requested project ID sih2026-ce822, but the emulator is configured for demo-sih2026. To opt-out of single project mode add/set the '\"singleProjectMode\": false' property in the firebase.json emulators config.\r\nMultiple projectIds are not recommended in single project mode. Requested project ID sih2026-ce822, but the emulator is configured for demo-sih2026. To opt-out of single project mode add/set the '\"singleProjectMode\": false' property in the firebase.json emulators config.\r\nMultiple projectIds are not recommended in single project mode. Requested project ID sih2026-ce822, but the emulator is configured for demo-sih2026. To opt-out of single project mode add/set the '\"singleProjectMode\": false' property in the firebase.json emulators config.\r\n"}}
[debug] [2026-09-03T06:03:39.053Z] Multiple projectIds are not recommended in single project mode. Requested project ID sih2026-ce822, but the emulator is configured for demo-sih2026. To opt-out of single project mode add/set the '"singleProjectMode": false' property in the firebase.json emulators config.
 {"metadata":{"emulator":{"name":"firestore"},"message":"Multiple projectIds are not recommended in single project mode. Requested project ID sih2026-ce822, but the emulator is configured for demo-sih2026. To opt-out of single project mode add/set the '\"singleProjectMode\": false' property in the firebase.json emulators config.\r\n"}}
[debug] [2026-09-03T06:03:39.285Z] Multiple projectIds are not recommended in single project mode. Requested project ID sih2026-ce822, but the emulator is configured for demo-sih2026. To opt-out of single project mode add/set the '"singleProjectMode": false' property in the firebase.json emulators config.
 {"metadata":{"emulator":{"name":"firestore"},"message":"Multiple projectIds are not recommended in single project mode. Requested project ID sih2026-ce822, but the emulator is configured for demo-sih2026. To opt-out of single project mode add/set the '\"singleProjectMode\": false' property in the firebase.json emulators config.\r\n"}}
[debug] [2026-09-03T06:03:39.285Z] Multiple projectIds are not recommended in single project mode. Requested project ID sih2026-ce822, but the emulator is configured for demo-sih2026. To opt-out of single project mode add/set the '"singleProjectMode": false' property in the firebase.json emulators config.
Multiple projectIds are not recommended in single project mode. Requested project ID sih2026-ce822, but the emulator is configured for demo-sih2026. To opt-out of single project mode add/set the '"singleProjectMode": false' property in the firebase.json emulators config.
Multiple projectIds are not recommended in single project mode. Requested project ID sih2026-ce822, but the emulator is configured for demo-sih2026. To opt-out of single project mode add/set the '"singleProjectMode": false' property in the firebase.json emulators config.
Multiple projectIds are not recommended in single project mode. Requested project ID sih2026-ce822, but the emulator is configured for demo-sih2026. To opt-out of single project mode add/set the '"singleProjectMode": false' property in the firebase.json emulators config.
 {"metadata":{"emulator":{"name":"firestore"},"message":"Multiple projectIds are not recommended in single project mode. Requested project ID sih2026-ce822, but the emulator is configured for demo-sih2026. To opt-out of single project mode add/set the '\"singleProjectMode\": false' property in the firebase.json emulators config.\r\nMultiple projectIds are not recommended in single project mode. Requested project ID sih2026-ce822, but the emulator is configured for demo-sih2026. To opt-out of single project mode add/set the '\"singleProjectMode\": false' property in the firebase.json emulators config.\r\nMultiple projectIds are not recommended in single project mode. Requested project ID sih2026-ce822, but the emulator is configured for demo-sih2026. To opt-out of single project mode add/set the '\"singleProjectMode\": false' property in the firebase.json emulators config.\r\nMultiple projectIds are not recommended in single project mode. Requested project ID sih2026-ce822, but the emulator is configured for demo-sih2026. To opt-out of single project mode add/set the '\"singleProjectMode\": false' property in the firebase.json emulators config.\r\n"}}
[debug] [2026-09-03T06:03:39.285Z] Multiple projectIds are not recommended in single project mode. Requested project ID sih2026-ce822, but the emulator is configured for demo-sih2026. To opt-out of single project mode add/set the '"singleProjectMode": false' property in the firebase.json emulators config.
 {"metadata":{"emulator":{"name":"firestore"},"message":"Multiple projectIds are not recommended in single project mode. Requested project ID sih2026-ce822, but the emulator is configured for demo-sih2026. To opt-out of single project mode add/set the '\"singleProjectMode\": false' property in the firebase.json emulators config.\r\n"}}
[debug] [2026-09-03T06:03:39.502Z] Multiple projectIds are not recommended in single project mode. Requested project ID sih2026-ce822, but the emulator is configured for demo-sih2026. To opt-out of single project mode add/set the '"singleProjectMode": false' property in the firebase.json emulators config.
 {"metadata":{"emulator":{"name":"firestore"},"message":"Multiple projectIds are not recommended in single project mode. Requested project ID sih2026-ce822, but the emulator is configured for demo-sih2026. To opt-out of single project mode add/set the '\"singleProjectMode\": false' property in the firebase.json emulators config.\r\n"}}
[debug] [2026-09-03T06:03:39.503Z] Multiple projectIds are not recommended in single project mode. Requested project ID sih2026-ce822, but the emulator is configured for demo-sih2026. To opt-out of single project mode add/set the '"singleProjectMode": false' property in the firebase.json emulators config.
Multiple projectIds are not recommended in single project mode. Requested project ID sih2026-ce822, but the emulator is configured for demo-sih2026. To opt-out of single project mode add/set the '"singleProjectMode": false' property in the firebase.json emulators config.
Multiple projectIds are not recommended in single project mode. Requested project ID sih2026-ce822, but the emulator is configured for demo-sih2026. To opt-out of single project mode add/set the '"singleProjectMode": false' property in the firebase.json emulators config.
 {"metadata":{"emulator":{"name":"firestore"},"message":"Multiple projectIds are not recommended in single project mode. Requested project ID sih2026-ce822, but the emulator is configured for demo-sih2026. To opt-out of single project mode add/set the '\"singleProjectMode\": false' property in the firebase.json emulators config.\r\nMultiple projectIds are not recommended in single project mode. Requested project ID sih2026-ce822, but the emulator is configured for demo-sih2026. To opt-out of single project mode add/set the '\"singleProjectMode\": false' property in the firebase.json emulators config.\r\nMultiple projectIds are not recommended in single project mode. Requested project ID sih2026-ce822, but the emulator is configured for demo-sih2026. To opt-out of single project mode add/set the '\"singleProjectMode\": false' property in the firebase.json emulators config.\r\n"}}
[debug] [2026-09-03T06:03:39.503Z] Multiple projectIds are not recommended in single project mode. Requested project ID sih2026-ce822, but the emulator is configured for demo-sih2026. To opt-out of single project mode add/set the '"singleProjectMode": false' property in the firebase.json emulators config.
 {"metadata":{"emulator":{"name":"firestore"},"message":"Multiple projectIds are not recommended in single project mode. Requested project ID sih2026-ce822, but the emulator is configured for demo-sih2026. To opt-out of single project mode add/set the '\"singleProjectMode\": false' property in the firebase.json emulators config.\r\n"}}
[debug] [2026-09-03T06:03:39.503Z] Multiple projectIds are not recommended in single project mode. Requested project ID sih2026-ce822, but the emulator is configured for demo-sih2026. To opt-out of single project mode add/set the '"singleProjectMode": false' property in the firebase.json emulators config.
 {"metadata":{"emulator":{"name":"firestore"},"message":"Multiple projectIds are not recommended in single project mode. Requested project ID sih2026-ce822, but the emulator is configured for demo-sih2026. To opt-out of single project mode add/set the '\"singleProjectMode\": false' property in the firebase.json emulators config.\r\n"}}
[debug] [2026-09-03T06:03:39.737Z] Multiple projectIds are not recommended in single project mode. Requested project ID sih2026-ce822, but the emulator is configured for demo-sih2026. To opt-out of single project mode add/set the '"singleProjectMode": false' property in the firebase.json emulators config.
 {"metadata":{"emulator":{"name":"firestore"},"message":"Multiple projectIds are not recommended in single project mode. Requested project ID sih2026-ce822, but the emulator is configured for demo-sih2026. To opt-out of single project mode add/set the '\"singleProjectMode\": false' property in the firebase.json emulators config.\r\n"}}
[debug] [2026-09-03T06:03:39.737Z] Multiple projectIds are not recommended in single project mode. Requested project ID sih2026-ce822, but the emulator is configured for demo-sih2026. To opt-out of single project mode add/set the '"singleProjectMode": false' property in the firebase.json emulators config.
 {"metadata":{"emulator":{"name":"firestore"},"message":"Multiple projectIds are not recommended in single project mode. Requested project ID sih2026-ce822, but the emulator is configured for demo-sih2026. To opt-out of single project mode add/set the '\"singleProjectMode\": false' property in the firebase.json emulators config.\r\n"}}
[debug] [2026-09-03T06:03:39.738Z] Multiple projectIds are not recommended in single project mode. Requested project ID sih2026-ce822, but the emulator is configured for demo-sih2026. To opt-out of single project mode add/set the '"singleProjectMode": false' property in the firebase.json emulators config.
 {"metadata":{"emulator":{"name":"firestore"},"message":"Multiple projectIds are not recommended in single project mode. Requested project ID sih2026-ce822, but the emulator is configured for demo-sih2026. To opt-out of single project mode add/set the '\"singleProjectMode\": false' property in the firebase.json emulators config.\r\n"}}
[debug] [2026-09-03T06:03:39.738Z] Multiple projectIds are not recommended in single project mode. Requested project ID sih2026-ce822, but the emulator is configured for demo-sih2026. To opt-out of single project mode add/set the '"singleProjectMode": false' property in the firebase.json emulators config.
 {"metadata":{"emulator":{"name":"firestore"},"message":"Multiple projectIds are not recommended in single project mode. Requested project ID sih2026-ce822, but the emulator is configured for demo-sih2026. To opt-out of single project mode add/set the '\"singleProjectMode\": false' property in the firebase.json emulators config.\r\n"}}
[debug] [2026-09-03T06:03:39.739Z] Multiple projectIds are not recommended in single project mode. Requested project ID sih2026-ce822, but the emulator is configured for demo-sih2026. To opt-out of single project mode add/set the '"singleProjectMode": false' property in the firebase.json emulators config.
 {"metadata":{"emulator":{"name":"firestore"},"message":"Multiple projectIds are not recommended in single project mode. Requested project ID sih2026-ce822, but the emulator is configured for demo-sih2026. To opt-out of single project mode add/set the '\"singleProjectMode\": false' property in the firebase.json emulators config.\r\n"}}
[debug] [2026-09-03T06:03:39.739Z] Multiple projectIds are not recommended in single project mode. Requested project ID sih2026-ce822, but the emulator is configured for demo-sih2026. To opt-out of single project mode add/set the '"singleProjectMode": false' property in the firebase.json emulators config.
 {"metadata":{"emulator":{"name":"firestore"},"message":"Multiple projectIds are not recommended in single project mode. Requested project ID sih2026-ce822, but the emulator is configured for demo-sih2026. To opt-out of single project mode add/set the '\"singleProjectMode\": false' property in the firebase.json emulators config.\r\n"}}
[debug] [2026-09-03T06:03:39.953Z] Sept 03, 2026 11:33:39 AM io.gapi.emulators.netty.HttpVersionRoutingHandler channelRead
INFO: Detected non-HTTP/2 connection.
 {"metadata":{"emulator":{"name":"firestore"},"message":"Sept 03, 2026 11:33:39 AM io.gapi.emulators.netty.HttpVersionRoutingHandler channelRead\r\nINFO: Detected non-HTTP/2 connection.\r\n"}}
[debug] [2026-09-03T06:03:39.955Z] Multiple projectIds are not recommended in single project mode. Requested project ID sih2026-ce822, but the emulator is configured for demo-sih2026. To opt-out of single project mode add/set the '"singleProjectMode": false' property in the firebase.json emulators config.
 {"metadata":{"emulator":{"name":"firestore"},"message":"Multiple projectIds are not recommended in single project mode. Requested project ID sih2026-ce822, but the emulator is configured for demo-sih2026. To opt-out of single project mode add/set the '\"singleProjectMode\": false' property in the firebase.json emulators config.\r\n"}}
[debug] [2026-09-03T06:03:39.956Z] Multiple projectIds are not recommended in single project mode. Requested project ID sih2026-ce822, but the emulator is configured for demo-sih2026. To opt-out of single project mode add/set the '"singleProjectMode": false' property in the firebase.json emulators config.
 {"metadata":{"emulator":{"name":"firestore"},"message":"Multiple projectIds are not recommended in single project mode. Requested project ID sih2026-ce822, but the emulator is configured for demo-sih2026. To opt-out of single project mode add/set the '\"singleProjectMode\": false' property in the firebase.json emulators config.\r\n"}}
[debug] [2026-09-03T06:03:39.965Z] Multiple projectIds are not recommended in single project mode. Requested project ID sih2026-ce822, but the emulator is configured for demo-sih2026. To opt-out of single project mode add/set the '"singleProjectMode": false' property in the firebase.json emulators config.
 {"metadata":{"emulator":{"name":"firestore"},"message":"Multiple projectIds are not recommended in single project mode. Requested project ID sih2026-ce822, but the emulator is configured for demo-sih2026. To opt-out of single project mode add/set the '\"singleProjectMode\": false' property in the firebase.json emulators config.\r\n"}}
[debug] [2026-09-03T06:03:39.965Z] Multiple projectIds are not recommended in single project mode. Requested project ID sih2026-ce822, but the emulator is configured for demo-sih2026. To opt-out of single project mode add/set the '"singleProjectMode": false' property in the firebase.json emulators config.
 {"metadata":{"emulator":{"name":"firestore"},"message":"Multiple projectIds are not recommended in single project mode. Requested project ID sih2026-ce822, but the emulator is configured for demo-sih2026. To opt-out of single project mode add/set the '\"singleProjectMode\": false' property in the firebase.json emulators config.\r\n"}}
[debug] [2026-09-03T06:03:39.971Z] Multiple projectIds are not recommended in single project mode. Requested project ID sih2026-ce822, but the emulator is configured for demo-sih2026. To opt-out of single project mode add/set the '"singleProjectMode": false' property in the firebase.json emulators config.
 {"metadata":{"emulator":{"name":"firestore"},"message":"Multiple projectIds are not recommended in single project mode. Requested project ID sih2026-ce822, but the emulator is configured for demo-sih2026. To opt-out of single project mode add/set the '\"singleProjectMode\": false' property in the firebase.json emulators config.\r\n"}}
[debug] [2026-09-03T06:03:39.972Z] Multiple projectIds are not recommended in single project mode. Requested project ID sih2026-ce822, but the emulator is configured for demo-sih2026. To opt-out of single project mode add/set the '"singleProjectMode": false' property in the firebase.json emulators config.
 {"metadata":{"emulator":{"name":"firestore"},"message":"Multiple projectIds are not recommended in single project mode. Requested project ID sih2026-ce822, but the emulator is configured for demo-sih2026. To opt-out of single project mode add/set the '\"singleProjectMode\": false' property in the firebase.json emulators config.\r\n"}}
[debug] [2026-09-03T06:03:39.976Z] Multiple projectIds are not recommended in single project mode. Requested project ID sih2026-ce822, but the emulator is configured for demo-sih2026. To opt-out of single project mode add/set the '"singleProjectMode": false' property in the firebase.json emulators config.
 {"metadata":{"emulator":{"name":"firestore"},"message":"Multiple projectIds are not recommended in single project mode. Requested project ID sih2026-ce822, but the emulator is configured for demo-sih2026. To opt-out of single project mode add/set the '\"singleProjectMode\": false' property in the firebase.json emulators config.\r\n"}}
[debug] [2026-09-03T06:03:39.976Z] Multiple projectIds are not recommended in single project mode. Requested project ID sih2026-ce822, but the emulator is configured for demo-sih2026. To opt-out of single project mode add/set the '"singleProjectMode": false' property in the firebase.json emulators config.
 {"metadata":{"emulator":{"name":"firestore"},"message":"Multiple projectIds are not recommended in single project mode. Requested project ID sih2026-ce822, but the emulator is configured for demo-sih2026. To opt-out of single project mode add/set the '\"singleProjectMode\": false' property in the firebase.json emulators config.\r\n"}}
[debug] [2026-09-03T06:03:39.980Z] Multiple projectIds are not recommended in single project mode. Requested project ID sih2026-ce822, but the emulator is configured for demo-sih2026. To opt-out of single project mode add/set the '"singleProjectMode": false' property in the firebase.json emulators config.
 {"metadata":{"emulator":{"name":"firestore"},"message":"Multiple projectIds are not recommended in single project mode. Requested project ID sih2026-ce822, but the emulator is configured for demo-sih2026. To opt-out of single project mode add/set the '\"singleProjectMode\": false' property in the firebase.json emulators config.\r\n"}}
[debug] [2026-09-03T06:03:39.981Z] Multiple projectIds are not recommended in single project mode. Requested project ID sih2026-ce822, but the emulator is configured for demo-sih2026. To opt-out of single project mode add/set the '"singleProjectMode": false' property in the firebase.json emulators config.
 {"metadata":{"emulator":{"name":"firestore"},"message":"Multiple projectIds are not recommended in single project mode. Requested project ID sih2026-ce822, but the emulator is configured for demo-sih2026. To opt-out of single project mode add/set the '\"singleProjectMode\": false' property in the firebase.json emulators config.\r\n"}}
[debug] [2026-09-03T06:03:39.988Z] Multiple projectIds are not recommended in single project mode. Requested project ID sih2026-ce822, but the emulator is configured for demo-sih2026. To opt-out of single project mode add/set the '"singleProjectMode": false' property in the firebase.json emulators config.
 {"metadata":{"emulator":{"name":"firestore"},"message":"Multiple projectIds are not recommended in single project mode. Requested project ID sih2026-ce822, but the emulator is configured for demo-sih2026. To opt-out of single project mode add/set the '\"singleProjectMode\": false' property in the firebase.json emulators config.\r\n"}}
[debug] [2026-09-03T06:03:39.988Z] Multiple projectIds are not recommended in single project mode. Requested project ID sih2026-ce822, but the emulator is configured for demo-sih2026. To opt-out of single project mode add/set the '"singleProjectMode": false' property in the firebase.json emulators config.
 {"metadata":{"emulator":{"name":"firestore"},"message":"Multiple projectIds are not recommended in single project mode. Requested project ID sih2026-ce822, but the emulator is configured for demo-sih2026. To opt-out of single project mode add/set the '\"singleProjectMode\": false' property in the firebase.json emulators config.\r\n"}}
[debug] [2026-09-03T06:03:40.031Z] Multiple projectIds are not recommended in single project mode. Requested project ID sih2026-ce822, but the emulator is configured for demo-sih2026. To opt-out of single project mode add/set the '"singleProjectMode": false' property in the firebase.json emulators config.
Multiple projectIds are not recommended in single project mode. Requested project ID sih2026-ce822, but the emulator is configured for demo-sih2026. To opt-out of single project mode add/set the '"singleProjectMode": false' property in the firebase.json emulators config.
 {"metadata":{"emulator":{"name":"firestore"},"message":"Multiple projectIds are not recommended in single project mode. Requested project ID sih2026-ce822, but the emulator is configured for demo-sih2026. To opt-out of single project mode add/set the '\"singleProjectMode\": false' property in the firebase.json emulators config.\r\nMultiple projectIds are not recommended in single project mode. Requested project ID sih2026-ce822, but the emulator is configured for demo-sih2026. To opt-out of single project mode add/set the '\"singleProjectMode\": false' property in the firebase.json emulators config.\r\n"}}
[debug] [2026-09-03T06:03:40.051Z] Multiple projectIds are not recommended in single project mode. Requested project ID sih2026-ce822, but the emulator is configured for demo-sih2026. To opt-out of single project mode add/set the '"singleProjectMode": false' property in the firebase.json emulators config.
 {"metadata":{"emulator":{"name":"firestore"},"message":"Multiple projectIds are not recommended in single project mode. Requested project ID sih2026-ce822, but the emulator is configured for demo-sih2026. To opt-out of single project mode add/set the '\"singleProjectMode\": false' property in the firebase.json emulators config.\r\n"}}
[debug] [2026-09-03T06:03:40.051Z] Multiple projectIds are not recommended in single project mode. Requested project ID sih2026-ce822, but the emulator is configured for demo-sih2026. To opt-out of single project mode add/set the '"singleProjectMode": false' property in the firebase.json emulators config.
 {"metadata":{"emulator":{"name":"firestore"},"message":"Multiple projectIds are not recommended in single project mode. Requested project ID sih2026-ce822, but the emulator is configured for demo-sih2026. To opt-out of single project mode add/set the '\"singleProjectMode\": false' property in the firebase.json emulators config.\r\n"}}
[debug] [2026-09-03T06:03:40.285Z] Multiple projectIds are not recommended in single project mode. Requested project ID sih2026-ce822, but the emulator is configured for demo-sih2026. To opt-out of single project mode add/set the '"singleProjectMode": false' property in the firebase.json emulators config.
 {"metadata":{"emulator":{"name":"firestore"},"message":"Multiple projectIds are not recommended in single project mode. Requested project ID sih2026-ce822, but the emulator is configured for demo-sih2026. To opt-out of single project mode add/set the '\"singleProjectMode\": false' property in the firebase.json emulators config.\r\n"}}
[debug] [2026-09-03T06:03:40.285Z] Multiple projectIds are not recommended in single project mode. Requested project ID sih2026-ce822, but the emulator is configured for demo-sih2026. To opt-out of single project mode add/set the '"singleProjectMode": false' property in the firebase.json emulators config.
 {"metadata":{"emulator":{"name":"firestore"},"message":"Multiple projectIds are not recommended in single project mode. Requested project ID sih2026-ce822, but the emulator is configured for demo-sih2026. To opt-out of single project mode add/set the '\"singleProjectMode\": false' property in the firebase.json emulators config.\r\n"}}
[debug] [2026-09-03T06:03:40.301Z] Multiple projectIds are not recommended in single project mode. Requested project ID sih2026-ce822, but the emulator is configured for demo-sih2026. To opt-out of single project mode add/set the '"singleProjectMode": false' property in the firebase.json emulators config.
Multiple projectIds are not recommended in single project mode. Requested project ID sih2026-ce822, but the emulator is configured for demo-sih2026. To opt-out of single project mode add/set the '"singleProjectMode": false' property in the firebase.json emulators config.
 {"metadata":{"emulator":{"name":"firestore"},"message":"Multiple projectIds are not recommended in single project mode. Requested project ID sih2026-ce822, but the emulator is configured for demo-sih2026. To opt-out of single project mode add/set the '\"singleProjectMode\": false' property in the firebase.json emulators config.\r\nMultiple projectIds are not recommended in single project mode. Requested project ID sih2026-ce822, but the emulator is configured for demo-sih2026. To opt-out of single project mode add/set the '\"singleProjectMode\": false' property in the firebase.json emulators config.\r\n"}}
[debug] [2026-09-03T06:03:40.535Z] Multiple projectIds are not recommended in single project mode. Requested project ID sih2026-ce822, but the emulator is configured for demo-sih2026. To opt-out of single project mode add/set the '"singleProjectMode": false' property in the firebase.json emulators config.
Multiple projectIds are not recommended in single project mode. Requested project ID sih2026-ce822, but the emulator is configured for demo-sih2026. To opt-out of single project mode add/set the '"singleProjectMode": false' property in the firebase.json emulators config.
 {"metadata":{"emulator":{"name":"firestore"},"message":"Multiple projectIds are not recommended in single project mode. Requested project ID sih2026-ce822, but the emulator is configured for demo-sih2026. To opt-out of single project mode add/set the '\"singleProjectMode\": false' property in the firebase.json emulators config.\r\nMultiple projectIds are not recommended in single project mode. Requested project ID sih2026-ce822, but the emulator is configured for demo-sih2026. To opt-out of single project mode add/set the '\"singleProjectMode\": false' property in the firebase.json emulators config.\r\n"}}
[debug] [2026-09-03T06:03:40.552Z] Multiple projectIds are not recommended in single project mode. Requested project ID sih2026-ce822, but the emulator is configured for demo-sih2026. To opt-out of single project mode add/set the '"singleProjectMode": false' property in the firebase.json emulators config.
 {"metadata":{"emulator":{"name":"firestore"},"message":"Multiple projectIds are not recommended in single project mode. Requested project ID sih2026-ce822, but the emulator is configured for demo-sih2026. To opt-out of single project mode add/set the '\"singleProjectMode\": false' property in the firebase.json emulators config.\r\n"}}
[debug] [2026-09-03T06:03:40.552Z] Multiple projectIds are not recommended in single project mode. Requested project ID sih2026-ce822, but the emulator is configured for demo-sih2026. To opt-out of single project mode add/set the '"singleProjectMode": false' property in the firebase.json emulators config.
 {"metadata":{"emulator":{"name":"firestore"},"message":"Multiple projectIds are not recommended in single project mode. Requested project ID sih2026-ce822, but the emulator is configured for demo-sih2026. To opt-out of single project mode add/set the '\"singleProjectMode\": false' property in the firebase.json emulators config.\r\n"}}
[debug] [2026-09-03T06:03:40.785Z] Multiple projectIds are not recommended in single project mode. Requested project ID sih2026-ce822, but the emulator is configured for demo-sih2026. To opt-out of single project mode add/set the '"singleProjectMode": false' property in the firebase.json emulators config.
Multiple projectIds are not recommended in single project mode. Requested project ID sih2026-ce822, but the emulator is configured for demo-sih2026. To opt-out of single project mode add/set the '"singleProjectMode": false' property in the firebase.json emulators config.
 {"metadata":{"emulator":{"name":"firestore"},"message":"Multiple projectIds are not recommended in single project mode. Requested project ID sih2026-ce822, but the emulator is configured for demo-sih2026. To opt-out of single project mode add/set the '\"singleProjectMode\": false' property in the firebase.json emulators config.\r\nMultiple projectIds are not recommended in single project mode. Requested project ID sih2026-ce822, but the emulator is configured for demo-sih2026. To opt-out of single project mode add/set the '\"singleProjectMode\": false' property in the firebase.json emulators config.\r\n"}}
[debug] [2026-09-03T06:03:40.801Z] Multiple projectIds are not recommended in single project mode. Requested project ID sih2026-ce822, but the emulator is configured for demo-sih2026. To opt-out of single project mode add/set the '"singleProjectMode": false' property in the firebase.json emulators config.
Multiple projectIds are not recommended in single project mode. Requested project ID sih2026-ce822, but the emulator is configured for demo-sih2026. To opt-out of single project mode add/set the '"singleProjectMode": false' property in the firebase.json emulators config.
 {"metadata":{"emulator":{"name":"firestore"},"message":"Multiple projectIds are not recommended in single project mode. Requested project ID sih2026-ce822, but the emulator is configured for demo-sih2026. To opt-out of single project mode add/set the '\"singleProjectMode\": false' property in the firebase.json emulators config.\r\nMultiple projectIds are not recommended in single project mode. Requested project ID sih2026-ce822, but the emulator is configured for demo-sih2026. To opt-out of single project mode add/set the '\"singleProjectMode\": false' property in the firebase.json emulators config.\r\n"}}
[debug] [2026-09-03T06:03:41.036Z] Multiple projectIds are not recommended in single project mode. Requested project ID sih2026-ce822, but the emulator is configured for demo-sih2026. To opt-out of single project mode add/set the '"singleProjectMode": false' property in the firebase.json emulators config.
 {"metadata":{"emulator":{"name":"firestore"},"message":"Multiple projectIds are not recommended in single project mode. Requested project ID sih2026-ce822, but the emulator is configured for demo-sih2026. To opt-out of single project mode add/set the '\"singleProjectMode\": false' property in the firebase.json emulators config.\r\n"}}
[debug] [2026-09-03T06:03:41.037Z] Multiple projectIds are not recommended in single project mode. Requested project ID sih2026-ce822, but the emulator is configured for demo-sih2026. To opt-out of single project mode add/set the '"singleProjectMode": false' property in the firebase.json emulators config.
 {"metadata":{"emulator":{"name":"firestore"},"message":"Multiple projectIds are not recommended in single project mode. Requested project ID sih2026-ce822, but the emulator is configured for demo-sih2026. To opt-out of single project mode add/set the '\"singleProjectMode\": false' property in the firebase.json emulators config.\r\n"}}
[debug] [2026-09-03T06:03:41.069Z] Multiple projectIds are not recommended in single project mode. Requested project ID sih2026-ce822, but the emulator is configured for demo-sih2026. To opt-out of single project mode add/set the '"singleProjectMode": false' property in the firebase.json emulators config.
 {"metadata":{"emulator":{"name":"firestore"},"message":"Multiple projectIds are not recommended in single project mode. Requested project ID sih2026-ce822, but the emulator is configured for demo-sih2026. To opt-out of single project mode add/set the '\"singleProjectMode\": false' property in the firebase.json emulators config.\r\n"}}
[debug] [2026-09-03T06:03:41.069Z] Multiple projectIds are not recommended in single project mode. Requested project ID sih2026-ce822, but the emulator is configured for demo-sih2026. To opt-out of single project mode add/set the '"singleProjectMode": false' property in the firebase.json emulators config.
 {"metadata":{"emulator":{"name":"firestore"},"message":"Multiple projectIds are not recommended in single project mode. Requested project ID sih2026-ce822, but the emulator is configured for demo-sih2026. To opt-out of single project mode add/set the '\"singleProjectMode\": false' property in the firebase.json emulators config.\r\n"}}
[debug] [2026-09-03T06:03:41.302Z] Multiple projectIds are not recommended in single project mode. Requested project ID sih2026-ce822, but the emulator is configured for demo-sih2026. To opt-out of single project mode add/set the '"singleProjectMode": false' property in the firebase.json emulators config.
 {"metadata":{"emulator":{"name":"firestore"},"message":"Multiple projectIds are not recommended in single project mode. Requested project ID sih2026-ce822, but the emulator is configured for demo-sih2026. To opt-out of single project mode add/set the '\"singleProjectMode\": false' property in the firebase.json emulators config.\r\n"}}
[debug] [2026-09-03T06:03:41.302Z] Multiple projectIds are not recommended in single project mode. Requested project ID sih2026-ce822, but the emulator is configured for demo-sih2026. To opt-out of single project mode add/set the '"singleProjectMode": false' property in the firebase.json emulators config.
 {"metadata":{"emulator":{"name":"firestore"},"message":"Multiple projectIds are not recommended in single project mode. Requested project ID sih2026-ce822, but the emulator is configured for demo-sih2026. To opt-out of single project mode add/set the '\"singleProjectMode\": false' property in the firebase.json emulators config.\r\n"}}
[debug] [2026-09-03T06:03:41.317Z] Multiple projectIds are not recommended in single project mode. Requested project ID sih2026-ce822, but the emulator is configured for demo-sih2026. To opt-out of single project mode add/set the '"singleProjectMode": false' property in the firebase.json emulators config.
 {"metadata":{"emulator":{"name":"firestore"},"message":"Multiple projectIds are not recommended in single project mode. Requested project ID sih2026-ce822, but the emulator is configured for demo-sih2026. To opt-out of single project mode add/set the '\"singleProjectMode\": false' property in the firebase.json emulators config.\r\n"}}
[debug] [2026-09-03T06:03:41.317Z] Multiple projectIds are not recommended in single project mode. Requested project ID sih2026-ce822, but the emulator is configured for demo-sih2026. To opt-out of single project mode add/set the '"singleProjectMode": false' property in the firebase.json emulators config.
 {"metadata":{"emulator":{"name":"firestore"},"message":"Multiple projectIds are not recommended in single project mode. Requested project ID sih2026-ce822, but the emulator is configured for demo-sih2026. To opt-out of single project mode add/set the '\"singleProjectMode\": false' property in the firebase.json emulators config.\r\n"}}
[debug] [2026-09-03T06:03:41.552Z] Multiple projectIds are not recommended in single project mode. Requested project ID sih2026-ce822, but the emulator is configured for demo-sih2026. To opt-out of single project mode add/set the '"singleProjectMode": false' property in the firebase.json emulators config.
 {"metadata":{"emulator":{"name":"firestore"},"message":"Multiple projectIds are not recommended in single project mode. Requested project ID sih2026-ce822, but the emulator is configured for demo-sih2026. To opt-out of single project mode add/set the '\"singleProjectMode\": false' property in the firebase.json emulators config.\r\n"}}
[debug] [2026-09-03T06:03:41.552Z] Multiple projectIds are not recommended in single project mode. Requested project ID sih2026-ce822, but the emulator is configured for demo-sih2026. To opt-out of single project mode add/set the '"singleProjectMode": false' property in the firebase.json emulators config.
 {"metadata":{"emulator":{"name":"firestore"},"message":"Multiple projectIds are not recommended in single project mode. Requested project ID sih2026-ce822, but the emulator is configured for demo-sih2026. To opt-out of single project mode add/set the '\"singleProjectMode\": false' property in the firebase.json emulators config.\r\n"}}
[debug] [2026-09-03T06:03:41.569Z] Multiple projectIds are not recommended in single project mode. Requested project ID sih2026-ce822, but the emulator is configured for demo-sih2026. To opt-out of single project mode add/set the '"singleProjectMode": false' property in the firebase.json emulators config.
 {"metadata":{"emulator":{"name":"firestore"},"message":"Multiple projectIds are not recommended in single project mode. Requested project ID sih2026-ce822, but the emulator is configured for demo-sih2026. To opt-out of single project mode add/set the '\"singleProjectMode\": false' property in the firebase.json emulators config.\r\n"}}
[debug] [2026-09-03T06:03:41.569Z] Multiple projectIds are not recommended in single project mode. Requested project ID sih2026-ce822, but the emulator is configured for demo-sih2026. To opt-out of single project mode add/set the '"singleProjectMode": false' property in the firebase.json emulators config.
 {"metadata":{"emulator":{"name":"firestore"},"message":"Multiple projectIds are not recommended in single project mode. Requested project ID sih2026-ce822, but the emulator is configured for demo-sih2026. To opt-out of single project mode add/set the '\"singleProjectMode\": false' property in the firebase.json emulators config.\r\n"}}
[debug] [2026-09-03T06:03:41.799Z] Multiple projectIds are not recommended in single project mode. Requested project ID sih2026-ce822, but the emulator is configured for demo-sih2026. To opt-out of single project mode add/set the '"singleProjectMode": false' property in the firebase.json emulators config.
 {"metadata":{"emulator":{"name":"firestore"},"message":"Multiple projectIds are not recommended in single project mode. Requested project ID sih2026-ce822, but the emulator is configured for demo-sih2026. To opt-out of single project mode add/set the '\"singleProjectMode\": false' property in the firebase.json emulators config.\r\n"}}
[debug] [2026-09-03T06:03:41.799Z] Multiple projectIds are not recommended in single project mode. Requested project ID sih2026-ce822, but the emulator is configured for demo-sih2026. To opt-out of single project mode add/set the '"singleProjectMode": false' property in the firebase.json emulators config.
 {"metadata":{"emulator":{"name":"firestore"},"message":"Multiple projectIds are not recommended in single project mode. Requested project ID sih2026-ce822, but the emulator is configured for demo-sih2026. To opt-out of single project mode add/set the '\"singleProjectMode\": false' property in the firebase.json emulators config.\r\n"}}
[debug] [2026-09-03T06:03:41.817Z] Multiple projectIds are not recommended in single project mode. Requested project ID sih2026-ce822, but the emulator is configured for demo-sih2026. To opt-out of single project mode add/set the '"singleProjectMode": false' property in the firebase.json emulators config.
 {"metadata":{"emulator":{"name":"firestore"},"message":"Multiple projectIds are not recommended in single project mode. Requested project ID sih2026-ce822, but the emulator is configured for demo-sih2026. To opt-out of single project mode add/set the '\"singleProjectMode\": false' property in the firebase.json emulators config.\r\n"}}
[debug] [2026-09-03T06:03:41.818Z] Multiple projectIds are not recommended in single project mode. Requested project ID sih2026-ce822, but the emulator is configured for demo-sih2026. To opt-out of single project mode add/set the '"singleProjectMode": false' property in the firebase.json emulators config.
 {"metadata":{"emulator":{"name":"firestore"},"message":"Multiple projectIds are not recommended in single project mode. Requested project ID sih2026-ce822, but the emulator is configured for demo-sih2026. To opt-out of single project mode add/set the '\"singleProjectMode\": false' property in the firebase.json emulators config.\r\n"}}
[debug] [2026-09-03T06:03:42.051Z] Multiple projectIds are not recommended in single project mode. Requested project ID sih2026-ce822, but the emulator is configured for demo-sih2026. To opt-out of single project mode add/set the '"singleProjectMode": false' property in the firebase.json emulators config.
Multiple projectIds are not recommended in single project mode. Requested project ID sih2026-ce822, but the emulator is configured for demo-sih2026. To opt-out of single project mode add/set the '"singleProjectMode": false' property in the firebase.json emulators config.
 {"metadata":{"emulator":{"name":"firestore"},"message":"Multiple projectIds are not recommended in single project mode. Requested project ID sih2026-ce822, but the emulator is configured for demo-sih2026. To opt-out of single project mode add/set the '\"singleProjectMode\": false' property in the firebase.json emulators config.\r\nMultiple projectIds are not recommended in single project mode. Requested project ID sih2026-ce822, but the emulator is configured for demo-sih2026. To opt-out of single project mode add/set the '\"singleProjectMode\": false' property in the firebase.json emulators config.\r\n"}}
[debug] [2026-09-03T06:03:42.068Z] Multiple projectIds are not recommended in single project mode. Requested project ID sih2026-ce822, but the emulator is configured for demo-sih2026. To opt-out of single project mode add/set the '"singleProjectMode": false' property in the firebase.json emulators config.
 {"metadata":{"emulator":{"name":"firestore"},"message":"Multiple projectIds are not recommended in single project mode. Requested project ID sih2026-ce822, but the emulator is configured for demo-sih2026. To opt-out of single project mode add/set the '\"singleProjectMode\": false' property in the firebase.json emulators config.\r\n"}}
[debug] [2026-09-03T06:03:42.068Z] Multiple projectIds are not recommended in single project mode. Requested project ID sih2026-ce822, but the emulator is configured for demo-sih2026. To opt-out of single project mode add/set the '"singleProjectMode": false' property in the firebase.json emulators config.
 {"metadata":{"emulator":{"name":"firestore"},"message":"Multiple projectIds are not recommended in single project mode. Requested project ID sih2026-ce822, but the emulator is configured for demo-sih2026. To opt-out of single project mode add/set the '\"singleProjectMode\": false' property in the firebase.json emulators config.\r\n"}}
[debug] [2026-09-03T06:03:42.302Z] Multiple projectIds are not recommended in single project mode. Requested project ID sih2026-ce822, but the emulator is configured for demo-sih2026. To opt-out of single project mode add/set the '"singleProjectMode": false' property in the firebase.json emulators config.
Multiple projectIds are not recommended in single project mode. Requested project ID sih2026-ce822, but the emulator is configured for demo-sih2026. To opt-out of single project mode add/set the '"singleProjectMode": false' property in the firebase.json emulators config.
 {"metadata":{"emulator":{"name":"firestore"},"message":"Multiple projectIds are not recommended in single project mode. Requested project ID sih2026-ce822, but the emulator is configured for demo-sih2026. To opt-out of single project mode add/set the '\"singleProjectMode\": false' property in the firebase.json emulators config.\r\nMultiple projectIds are not recommended in single project mode. Requested project ID sih2026-ce822, but the emulator is configured for demo-sih2026. To opt-out of single project mode add/set the '\"singleProjectMode\": false' property in the firebase.json emulators config.\r\n"}}
[debug] [2026-09-03T06:03:42.317Z] Multiple projectIds are not recommended in single project mode. Requested project ID sih2026-ce822, but the emulator is configured for demo-sih2026. To opt-out of single project mode add/set the '"singleProjectMode": false' property in the firebase.json emulators config.
 {"metadata":{"emulator":{"name":"firestore"},"message":"Multiple projectIds are not recommended in single project mode. Requested project ID sih2026-ce822, but the emulator is configured for demo-sih2026. To opt-out of single project mode add/set the '\"singleProjectMode\": false' property in the firebase.json emulators config.\r\n"}}
[debug] [2026-09-03T06:03:42.317Z] Multiple projectIds are not recommended in single project mode. Requested project ID sih2026-ce822, but the emulator is configured for demo-sih2026. To opt-out of single project mode add/set the '"singleProjectMode": false' property in the firebase.json emulators config.
 {"metadata":{"emulator":{"name":"firestore"},"message":"Multiple projectIds are not recommended in single project mode. Requested project ID sih2026-ce822, but the emulator is configured for demo-sih2026. To opt-out of single project mode add/set the '\"singleProjectMode\": false' property in the firebase.json emulators config.\r\n"}}
[debug] [2026-09-03T06:03:42.551Z] Multiple projectIds are not recommended in single project mode. Requested project ID sih2026-ce822, but the emulator is configured for demo-sih2026. To opt-out of single project mode add/set the '"singleProjectMode": false' property in the firebase.json emulators config.
 {"metadata":{"emulator":{"name":"firestore"},"message":"Multiple projectIds are not recommended in single project mode. Requested project ID sih2026-ce822, but the emulator is configured for demo-sih2026. To opt-out of single project mode add/set the '\"singleProjectMode\": false' property in the firebase.json emulators config.\r\n"}}
[debug] [2026-09-03T06:03:42.552Z] Multiple projectIds are not recommended in single project mode. Requested project ID sih2026-ce822, but the emulator is configured for demo-sih2026. To opt-out of single project mode add/set the '"singleProjectMode": false' property in the firebase.json emulators config.
 {"metadata":{"emulator":{"name":"firestore"},"message":"Multiple projectIds are not recommended in single project mode. Requested project ID sih2026-ce822, but the emulator is configured for demo-sih2026. To opt-out of single project mode add/set the '\"singleProjectMode\": false' property in the firebase.json emulators config.\r\n"}}
[debug] [2026-09-03T06:03:42.568Z] Multiple projectIds are not recommended in single project mode. Requested project ID sih2026-ce822, but the emulator is configured for demo-sih2026. To opt-out of single project mode add/set the '"singleProjectMode": false' property in the firebase.json emulators config.
 {"metadata":{"emulator":{"name":"firestore"},"message":"Multiple projectIds are not recommended in single project mode. Requested project ID sih2026-ce822, but the emulator is configured for demo-sih2026. To opt-out of single project mode add/set the '\"singleProjectMode\": false' property in the firebase.json emulators config.\r\n"}}
[debug] [2026-09-03T06:03:42.568Z] Multiple projectIds are not recommended in single project mode. Requested project ID sih2026-ce822, but the emulator is configured for demo-sih2026. To opt-out of single project mode add/set the '"singleProjectMode": false' property in the firebase.json emulators config.
 {"metadata":{"emulator":{"name":"firestore"},"message":"Multiple projectIds are not recommended in single project mode. Requested project ID sih2026-ce822, but the emulator is configured for demo-sih2026. To opt-out of single project mode add/set the '\"singleProjectMode\": false' property in the firebase.json emulators config.\r\n"}}
[debug] [2026-09-03T06:03:42.801Z] Multiple projectIds are not recommended in single project mode. Requested project ID sih2026-ce822, but the emulator is configured for demo-sih2026. To opt-out of single project mode add/set the '"singleProjectMode": false' property in the firebase.json emulators config.
 {"metadata":{"emulator":{"name":"firestore"},"message":"Multiple projectIds are not recommended in single project mode. Requested project ID sih2026-ce822, but the emulator is configured for demo-sih2026. To opt-out of single project mode add/set the '\"singleProjectMode\": false' property in the firebase.json emulators config.\r\n"}}
[debug] [2026-09-03T06:03:42.801Z] Multiple projectIds are not recommended in single project mode. Requested project ID sih2026-ce822, but the emulator is configured for demo-sih2026. To opt-out of single project mode add/set the '"singleProjectMode": false' property in the firebase.json emulators config.
 {"metadata":{"emulator":{"name":"firestore"},"message":"Multiple projectIds are not recommended in single project mode. Requested project ID sih2026-ce822, but the emulator is configured for demo-sih2026. To opt-out of single project mode add/set the '\"singleProjectMode\": false' property in the firebase.json emulators config.\r\n"}}
[debug] [2026-09-03T06:03:42.807Z] Multiple projectIds are not recommended in single project mode. Requested project ID sih2026-ce822, but the emulator is configured for demo-sih2026. To opt-out of single project mode add/set the '"singleProjectMode": false' property in the firebase.json emulators config.
Multiple projectIds are not recommended in single project mode. Requested project ID sih2026-ce822, but the emulator is configured for demo-sih2026. To opt-out of single project mode add/set the '"singleProjectMode": false' property in the firebase.json emulators config.
 {"metadata":{"emulator":{"name":"firestore"},"message":"Multiple projectIds are not recommended in single project mode. Requested project ID sih2026-ce822, but the emulator is configured for demo-sih2026. To opt-out of single project mode add/set the '\"singleProjectMode\": false' property in the firebase.json emulators config.\r\nMultiple projectIds are not recommended in single project mode. Requested project ID sih2026-ce822, but the emulator is configured for demo-sih2026. To opt-out of single project mode add/set the '\"singleProjectMode\": false' property in the firebase.json emulators config.\r\n"}}
[debug] [2026-09-03T06:03:43.035Z] Multiple projectIds are not recommended in single project mode. Requested project ID sih2026-ce822, but the emulator is configured for demo-sih2026. To opt-out of single project mode add/set the '"singleProjectMode": false' property in the firebase.json emulators config.
 {"metadata":{"emulator":{"name":"firestore"},"message":"Multiple projectIds are not recommended in single project mode. Requested project ID sih2026-ce822, but the emulator is configured for demo-sih2026. To opt-out of single project mode add/set the '\"singleProjectMode\": false' property in the firebase.json emulators config.\r\n"}}
[debug] [2026-09-03T06:03:43.035Z] Multiple projectIds are not recommended in single project mode. Requested project ID sih2026-ce822, but the emulator is configured for demo-sih2026. To opt-out of single project mode add/set the '"singleProjectMode": false' property in the firebase.json emulators config.
 {"metadata":{"emulator":{"name":"firestore"},"message":"Multiple projectIds are not recommended in single project mode. Requested project ID sih2026-ce822, but the emulator is configured for demo-sih2026. To opt-out of single project mode add/set the '\"singleProjectMode\": false' property in the firebase.json emulators config.\r\n"}}
[debug] [2026-09-03T06:03:43.052Z] Multiple projectIds are not recommended in single project mode. Requested project ID sih2026-ce822, but the emulator is configured for demo-sih2026. To opt-out of single project mode add/set the '"singleProjectMode": false' property in the firebase.json emulators config.
Multiple projectIds are not recommended in single project mode. Requested project ID sih2026-ce822, but the emulator is configured for demo-sih2026. To opt-out of single project mode add/set the '"singleProjectMode": false' property in the firebase.json emulators config.
 {"metadata":{"emulator":{"name":"firestore"},"message":"Multiple projectIds are not recommended in single project mode. Requested project ID sih2026-ce822, but the emulator is configured for demo-sih2026. To opt-out of single project mode add/set the '\"singleProjectMode\": false' property in the firebase.json emulators config.\r\nMultiple projectIds are not recommended in single project mode. Requested project ID sih2026-ce822, but the emulator is configured for demo-sih2026. To opt-out of single project mode add/set the '\"singleProjectMode\": false' property in the firebase.json emulators config.\r\n"}}
[debug] [2026-09-03T06:03:43.285Z] Multiple projectIds are not recommended in single project mode. Requested project ID sih2026-ce822, but the emulator is configured for demo-sih2026. To opt-out of single project mode add/set the '"singleProjectMode": false' property in the firebase.json emulators config.
 {"metadata":{"emulator":{"name":"firestore"},"message":"Multiple projectIds are not recommended in single project mode. Requested project ID sih2026-ce822, but the emulator is configured for demo-sih2026. To opt-out of single project mode add/set the '\"singleProjectMode\": false' property in the firebase.json emulators config.\r\n"}}
[debug] [2026-09-03T06:03:43.286Z] Multiple projectIds are not recommended in single project mode. Requested project ID sih2026-ce822, but the emulator is configured for demo-sih2026. To opt-out of single project mode add/set the '"singleProjectMode": false' property in the firebase.json emulators config.
 {"metadata":{"emulator":{"name":"firestore"},"message":"Multiple projectIds are not recommended in single project mode. Requested project ID sih2026-ce822, but the emulator is configured for demo-sih2026. To opt-out of single project mode add/set the '\"singleProjectMode\": false' property in the firebase.json emulators config.\r\n"}}
[debug] [2026-09-03T06:03:43.301Z] Multiple projectIds are not recommended in single project mode. Requested project ID sih2026-ce822, but the emulator is configured for demo-sih2026. To opt-out of single project mode add/set the '"singleProjectMode": false' property in the firebase.json emulators config.
 {"metadata":{"emulator":{"name":"firestore"},"message":"Multiple projectIds are not recommended in single project mode. Requested project ID sih2026-ce822, but the emulator is configured for demo-sih2026. To opt-out of single project mode add/set the '\"singleProjectMode\": false' property in the firebase.json emulators config.\r\n"}}
[debug] [2026-09-03T06:03:43.301Z] Multiple projectIds are not recommended in single project mode. Requested project ID sih2026-ce822, but the emulator is configured for demo-sih2026. To opt-out of single project mode add/set the '"singleProjectMode": false' property in the firebase.json emulators config.
 {"metadata":{"emulator":{"name":"firestore"},"message":"Multiple projectIds are not recommended in single project mode. Requested project ID sih2026-ce822, but the emulator is configured for demo-sih2026. To opt-out of single project mode add/set the '\"singleProjectMode\": false' property in the firebase.json emulators config.\r\n"}}
[debug] [2026-09-03T06:03:43.533Z] Multiple projectIds are not recommended in single project mode. Requested project ID sih2026-ce822, but the emulator is configured for demo-sih2026. To opt-out of single project mode add/set the '"singleProjectMode": false' property in the firebase.json emulators config.
 {"metadata":{"emulator":{"name":"firestore"},"message":"Multiple projectIds are not recommended in single project mode. Requested project ID sih2026-ce822, but the emulator is configured for demo-sih2026. To opt-out of single project mode add/set the '\"singleProjectMode\": false' property in the firebase.json emulators config.\r\n"}}
[debug] [2026-09-03T06:03:43.533Z] Multiple projectIds are not recommended in single project mode. Requested project ID sih2026-ce822, but the emulator is configured for demo-sih2026. To opt-out of single project mode add/set the '"singleProjectMode": false' property in the firebase.json emulators config.
 {"metadata":{"emulator":{"name":"firestore"},"message":"Multiple projectIds are not recommended in single project mode. Requested project ID sih2026-ce822, but the emulator is configured for demo-sih2026. To opt-out of single project mode add/set the '\"singleProjectMode\": false' property in the firebase.json emulators config.\r\n"}}
[debug] [2026-09-03T06:03:43.540Z] Multiple projectIds are not recommended in single project mode. Requested project ID sih2026-ce822, but the emulator is configured for demo-sih2026. To opt-out of single project mode add/set the '"singleProjectMode": false' property in the firebase.json emulators config.
 {"metadata":{"emulator":{"name":"firestore"},"message":"Multiple projectIds are not recommended in single project mode. Requested project ID sih2026-ce822, but the emulator is configured for demo-sih2026. To opt-out of single project mode add/set the '\"singleProjectMode\": false' property in the firebase.json emulators config.\r\n"}}
[debug] [2026-09-03T06:03:43.540Z] Multiple projectIds are not recommended in single project mode. Requested project ID sih2026-ce822, but the emulator is configured for demo-sih2026. To opt-out of single project mode add/set the '"singleProjectMode": false' property in the firebase.json emulators config.
 {"metadata":{"emulator":{"name":"firestore"},"message":"Multiple projectIds are not recommended in single project mode. Requested project ID sih2026-ce822, but the emulator is configured for demo-sih2026. To opt-out of single project mode add/set the '\"singleProjectMode\": false' property in the firebase.json emulators config.\r\n"}}
[debug] [2026-09-03T06:03:43.768Z] Multiple projectIds are not recommended in single project mode. Requested project ID sih2026-ce822, but the emulator is configured for demo-sih2026. To opt-out of single project mode add/set the '"singleProjectMode": false' property in the firebase.json emulators config.
Multiple projectIds are not recommended in single project mode. Requested project ID sih2026-ce822, but the emulator is configured for demo-sih2026. To opt-out of single project mode add/set the '"singleProjectMode": false' property in the firebase.json emulators config.
 {"metadata":{"emulator":{"name":"firestore"},"message":"Multiple projectIds are not recommended in single project mode. Requested project ID sih2026-ce822, but the emulator is configured for demo-sih2026. To opt-out of single project mode add/set the '\"singleProjectMode\": false' property in the firebase.json emulators config.\r\nMultiple projectIds are not recommended in single project mode. Requested project ID sih2026-ce822, but the emulator is configured for demo-sih2026. To opt-out of single project mode add/set the '\"singleProjectMode\": false' property in the firebase.json emulators config.\r\n"}}
[debug] [2026-09-03T06:03:43.785Z] Multiple projectIds are not recommended in single project mode. Requested project ID sih2026-ce822, but the emulator is configured for demo-sih2026. To opt-out of single project mode add/set the '"singleProjectMode": false' property in the firebase.json emulators config.
 {"metadata":{"emulator":{"name":"firestore"},"message":"Multiple projectIds are not recommended in single project mode. Requested project ID sih2026-ce822, but the emulator is configured for demo-sih2026. To opt-out of single project mode add/set the '\"singleProjectMode\": false' property in the firebase.json emulators config.\r\n"}}
[debug] [2026-09-03T06:03:43.785Z] Multiple projectIds are not recommended in single project mode. Requested project ID sih2026-ce822, but the emulator is configured for demo-sih2026. To opt-out of single project mode add/set the '"singleProjectMode": false' property in the firebase.json emulators config.
 {"metadata":{"emulator":{"name":"firestore"},"message":"Multiple projectIds are not recommended in single project mode. Requested project ID sih2026-ce822, but the emulator is configured for demo-sih2026. To opt-out of single project mode add/set the '\"singleProjectMode\": false' property in the firebase.json emulators config.\r\n"}}
[debug] [2026-09-03T06:03:44.018Z] Multiple projectIds are not recommended in single project mode. Requested project ID sih2026-ce822, but the emulator is configured for demo-sih2026. To opt-out of single project mode add/set the '"singleProjectMode": false' property in the firebase.json emulators config.
 {"metadata":{"emulator":{"name":"firestore"},"message":"Multiple projectIds are not recommended in single project mode. Requested project ID sih2026-ce822, but the emulator is configured for demo-sih2026. To opt-out of single project mode add/set the '\"singleProjectMode\": false' property in the firebase.json emulators config.\r\n"}}
[debug] [2026-09-03T06:03:44.018Z] Multiple projectIds are not recommended in single project mode. Requested project ID sih2026-ce822, but the emulator is configured for demo-sih2026. To opt-out of single project mode add/set the '"singleProjectMode": false' property in the firebase.json emulators config.
 {"metadata":{"emulator":{"name":"firestore"},"message":"Multiple projectIds are not recommended in single project mode. Requested project ID sih2026-ce822, but the emulator is configured for demo-sih2026. To opt-out of single project mode add/set the '\"singleProjectMode\": false' property in the firebase.json emulators config.\r\n"}}
[debug] [2026-09-03T06:03:44.033Z] Multiple projectIds are not recommended in single project mode. Requested project ID sih2026-ce822, but the emulator is configured for demo-sih2026. To opt-out of single project mode add/set the '"singleProjectMode": false' property in the firebase.json emulators config.
 {"metadata":{"emulator":{"name":"firestore"},"message":"Multiple projectIds are not recommended in single project mode. Requested project ID sih2026-ce822, but the emulator is configured for demo-sih2026. To opt-out of single project mode add/set the '\"singleProjectMode\": false' property in the firebase.json emulators config.\r\n"}}
[debug] [2026-09-03T06:03:44.033Z] Multiple projectIds are not recommended in single project mode. Requested project ID sih2026-ce822, but the emulator is configured for demo-sih2026. To opt-out of single project mode add/set the '"singleProjectMode": false' property in the firebase.json emulators config.
 {"metadata":{"emulator":{"name":"firestore"},"message":"Multiple projectIds are not recommended in single project mode. Requested project ID sih2026-ce822, but the emulator is configured for demo-sih2026. To opt-out of single project mode add/set the '\"singleProjectMode\": false' property in the firebase.json emulators config.\r\n"}}
[debug] [2026-09-03T06:03:44.267Z] Multiple projectIds are not recommended in single project mode. Requested project ID sih2026-ce822, but the emulator is configured for demo-sih2026. To opt-out of single project mode add/set the '"singleProjectMode": false' property in the firebase.json emulators config.
Multiple projectIds are not recommended in single project mode. Requested project ID sih2026-ce822, but the emulator is configured for demo-sih2026. To opt-out of single project mode add/set the '"singleProjectMode": false' property in the firebase.json emulators config.
 {"metadata":{"emulator":{"name":"firestore"},"message":"Multiple projectIds are not recommended in single project mode. Requested project ID sih2026-ce822, but the emulator is configured for demo-sih2026. To opt-out of single project mode add/set the '\"singleProjectMode\": false' property in the firebase.json emulators config.\r\nMultiple projectIds are not recommended in single project mode. Requested project ID sih2026-ce822, but the emulator is configured for demo-sih2026. To opt-out of single project mode add/set the '\"singleProjectMode\": false' property in the firebase.json emulators config.\r\n"}}
[debug] [2026-09-03T06:03:44.284Z] Multiple projectIds are not recommended in single project mode. Requested project ID sih2026-ce822, but the emulator is configured for demo-sih2026. To opt-out of single project mode add/set the '"singleProjectMode": false' property in the firebase.json emulators config.
 {"metadata":{"emulator":{"name":"firestore"},"message":"Multiple projectIds are not recommended in single project mode. Requested project ID sih2026-ce822, but the emulator is configured for demo-sih2026. To opt-out of single project mode add/set the '\"singleProjectMode\": false' property in the firebase.json emulators config.\r\n"}}
[debug] [2026-09-03T06:03:44.284Z] Multiple projectIds are not recommended in single project mode. Requested project ID sih2026-ce822, but the emulator is configured for demo-sih2026. To opt-out of single project mode add/set the '"singleProjectMode": false' property in the firebase.json emulators config.
 {"metadata":{"emulator":{"name":"firestore"},"message":"Multiple projectIds are not recommended in single project mode. Requested project ID sih2026-ce822, but the emulator is configured for demo-sih2026. To opt-out of single project mode add/set the '\"singleProjectMode\": false' property in the firebase.json emulators config.\r\n"}}
[debug] [2026-09-03T06:03:44.518Z] Multiple projectIds are not recommended in single project mode. Requested project ID sih2026-ce822, but the emulator is configured for demo-sih2026. To opt-out of single project mode add/set the '"singleProjectMode": false' property in the firebase.json emulators config.
Multiple projectIds are not recommended in single project mode. Requested project ID sih2026-ce822, but the emulator is configured for demo-sih2026. To opt-out of single project mode add/set the '"singleProjectMode": false' property in the firebase.json emulators config.
 {"metadata":{"emulator":{"name":"firestore"},"message":"Multiple projectIds are not recommended in single project mode. Requested project ID sih2026-ce822, but the emulator is configured for demo-sih2026. To opt-out of single project mode add/set the '\"singleProjectMode\": false' property in the firebase.json emulators config.\r\nMultiple projectIds are not recommended in single project mode. Requested project ID sih2026-ce822, but the emulator is configured for demo-sih2026. To opt-out of single project mode add/set the '\"singleProjectMode\": false' property in the firebase.json emulators config.\r\n"}}
[debug] [2026-09-03T06:03:44.535Z] Multiple projectIds are not recommended in single project mode. Requested project ID sih2026-ce822, but the emulator is configured for demo-sih2026. To opt-out of single project mode add/set the '"singleProjectMode": false' property in the firebase.json emulators config.
Multiple projectIds are not recommended in single project mode. Requested project ID sih2026-ce822, but the emulator is configured for demo-sih2026. To opt-out of single project mode add/set the '"singleProjectMode": false' property in the firebase.json emulators config.
 {"metadata":{"emulator":{"name":"firestore"},"message":"Multiple projectIds are not recommended in single project mode. Requested project ID sih2026-ce822, but the emulator is configured for demo-sih2026. To opt-out of single project mode add/set the '\"singleProjectMode\": false' property in the firebase.json emulators config.\r\nMultiple projectIds are not recommended in single project mode. Requested project ID sih2026-ce822, but the emulator is configured for demo-sih2026. To opt-out of single project mode add/set the '\"singleProjectMode\": false' property in the firebase.json emulators config.\r\n"}}
[debug] [2026-09-03T06:03:44.769Z] Multiple projectIds are not recommended in single project mode. Requested project ID sih2026-ce822, but the emulator is configured for demo-sih2026. To opt-out of single project mode add/set the '"singleProjectMode": false' property in the firebase.json emulators config.
Multiple projectIds are not recommended in single project mode. Requested project ID sih2026-ce822, but the emulator is configured for demo-sih2026. To opt-out of single project mode add/set the '"singleProjectMode": false' property in the firebase.json emulators config.
 {"metadata":{"emulator":{"name":"firestore"},"message":"Multiple projectIds are not recommended in single project mode. Requested project ID sih2026-ce822, but the emulator is configured for demo-sih2026. To opt-out of single project mode add/set the '\"singleProjectMode\": false' property in the firebase.json emulators config.\r\nMultiple projectIds are not recommended in single project mode. Requested project ID sih2026-ce822, but the emulator is configured for demo-sih2026. To opt-out of single project mode add/set the '\"singleProjectMode\": false' property in the firebase.json emulators config.\r\n"}}
[debug] [2026-09-03T06:03:44.785Z] Multiple projectIds are not recommended in single project mode. Requested project ID sih2026-ce822, but the emulator is configured for demo-sih2026. To opt-out of single project mode add/set the '"singleProjectMode": false' property in the firebase.json emulators config.
Multiple projectIds are not recommended in single project mode. Requested project ID sih2026-ce822, but the emulator is configured for demo-sih2026. To opt-out of single project mode add/set the '"singleProjectMode": false' property in the firebase.json emulators config.
 {"metadata":{"emulator":{"name":"firestore"},"message":"Multiple projectIds are not recommended in single project mode. Requested project ID sih2026-ce822, but the emulator is configured for demo-sih2026. To opt-out of single project mode add/set the '\"singleProjectMode\": false' property in the firebase.json emulators config.\r\nMultiple projectIds are not recommended in single project mode. Requested project ID sih2026-ce822, but the emulator is configured for demo-sih2026. To opt-out of single project mode add/set the '\"singleProjectMode\": false' property in the firebase.json emulators config.\r\n"}}
[debug] [2026-09-03T06:03:45.018Z] Multiple projectIds are not recommended in single project mode. Requested project ID sih2026-ce822, but the emulator is configured for demo-sih2026. To opt-out of single project mode add/set the '"singleProjectMode": false' property in the firebase.json emulators config.
Multiple projectIds are not recommended in single project mode. Requested project ID sih2026-ce822, but the emulator is configured for demo-sih2026. To opt-out of single project mode add/set the '"singleProjectMode": false' property in the firebase.json emulators config.
 {"metadata":{"emulator":{"name":"firestore"},"message":"Multiple projectIds are not recommended in single project mode. Requested project ID sih2026-ce822, but the emulator is configured for demo-sih2026. To opt-out of single project mode add/set the '\"singleProjectMode\": false' property in the firebase.json emulators config.\r\nMultiple projectIds are not recommended in single project mode. Requested project ID sih2026-ce822, but the emulator is configured for demo-sih2026. To opt-out of single project mode add/set the '\"singleProjectMode\": false' property in the firebase.json emulators config.\r\n"}}
[debug] [2026-09-03T06:03:45.021Z] Multiple projectIds are not recommended in single project mode. Requested project ID sih2026-ce822, but the emulator is configured for demo-sih2026. To opt-out of single project mode add/set the '"singleProjectMode": false' property in the firebase.json emulators config.
Multiple projectIds are not recommended in single project mode. Requested project ID sih2026-ce822, but the emulator is configured for demo-sih2026. To opt-out of single project mode add/set the '"singleProjectMode": false' property in the firebase.json emulators config.
 {"metadata":{"emulator":{"name":"firestore"},"message":"Multiple projectIds are not recommended in single project mode. Requested project ID sih2026-ce822, but the emulator is configured for demo-sih2026. To opt-out of single project mode add/set the '\"singleProjectMode\": false' property in the firebase.json emulators config.\r\nMultiple projectIds are not recommended in single project mode. Requested project ID sih2026-ce822, but the emulator is configured for demo-sih2026. To opt-out of single project mode add/set the '\"singleProjectMode\": false' property in the firebase.json emulators config.\r\n"}}
[debug] [2026-09-03T06:03:45.231Z] Sept 03, 2026 11:33:45 AM io.gapi.emulators.netty.HttpVersionRoutingHandler channelRead
INFO: Detected non-HTTP/2 connection.
 {"metadata":{"emulator":{"name":"firestore"},"message":"Sept 03, 2026 11:33:45 AM io.gapi.emulators.netty.HttpVersionRoutingHandler channelRead\r\nINFO: Detected non-HTTP/2 connection.\r\n"}}
[debug] [2026-09-03T06:03:45.235Z] Multiple projectIds are not recommended in single project mode. Requested project ID sih2026-ce822, but the emulator is configured for demo-sih2026. To opt-out of single project mode add/set the '"singleProjectMode": false' property in the firebase.json emulators config.
 {"metadata":{"emulator":{"name":"firestore"},"message":"Multiple projectIds are not recommended in single project mode. Requested project ID sih2026-ce822, but the emulator is configured for demo-sih2026. To opt-out of single project mode add/set the '\"singleProjectMode\": false' property in the firebase.json emulators config.\r\n"}}
[debug] [2026-09-03T06:03:45.235Z] Multiple projectIds are not recommended in single project mode. Requested project ID sih2026-ce822, but the emulator is configured for demo-sih2026. To opt-out of single project mode add/set the '"singleProjectMode": false' property in the firebase.json emulators config.
 {"metadata":{"emulator":{"name":"firestore"},"message":"Multiple projectIds are not recommended in single project mode. Requested project ID sih2026-ce822, but the emulator is configured for demo-sih2026. To opt-out of single project mode add/set the '\"singleProjectMode\": false' property in the firebase.json emulators config.\r\n"}}
[debug] [2026-09-03T06:03:45.242Z] Multiple projectIds are not recommended in single project mode. Requested project ID sih2026-ce822, but the emulator is configured for demo-sih2026. To opt-out of single project mode add/set the '"singleProjectMode": false' property in the firebase.json emulators config.
 {"metadata":{"emulator":{"name":"firestore"},"message":"Multiple projectIds are not recommended in single project mode. Requested project ID sih2026-ce822, but the emulator is configured for demo-sih2026. To opt-out of single project mode add/set the '\"singleProjectMode\": false' property in the firebase.json emulators config.\r\n"}}
[debug] [2026-09-03T06:03:45.242Z] Multiple projectIds are not recommended in single project mode. Requested project ID sih2026-ce822, but the emulator is configured for demo-sih2026. To opt-out of single project mode add/set the '"singleProjectMode": false' property in the firebase.json emulators config.
 {"metadata":{"emulator":{"name":"firestore"},"message":"Multiple projectIds are not recommended in single project mode. Requested project ID sih2026-ce822, but the emulator is configured for demo-sih2026. To opt-out of single project mode add/set the '\"singleProjectMode\": false' property in the firebase.json emulators config.\r\n"}}
[debug] [2026-09-03T06:03:45.246Z] Multiple projectIds are not recommended in single project mode. Requested project ID sih2026-ce822, but the emulator is configured for demo-sih2026. To opt-out of single project mode add/set the '"singleProjectMode": false' property in the firebase.json emulators config.
 {"metadata":{"emulator":{"name":"firestore"},"message":"Multiple projectIds are not recommended in single project mode. Requested project ID sih2026-ce822, but the emulator is configured for demo-sih2026. To opt-out of single project mode add/set the '\"singleProjectMode\": false' property in the firebase.json emulators config.\r\n"}}
[debug] [2026-09-03T06:03:45.247Z] Multiple projectIds are not recommended in single project mode. Requested project ID sih2026-ce822, but the emulator is configured for demo-sih2026. To opt-out of single project mode add/set the '"singleProjectMode": false' property in the firebase.json emulators config.
 {"metadata":{"emulator":{"name":"firestore"},"message":"Multiple projectIds are not recommended in single project mode. Requested project ID sih2026-ce822, but the emulator is configured for demo-sih2026. To opt-out of single project mode add/set the '\"singleProjectMode\": false' property in the firebase.json emulators config.\r\n"}}
[debug] [2026-09-03T06:03:45.251Z] Multiple projectIds are not recommended in single project mode. Requested project ID sih2026-ce822, but the emulator is configured for demo-sih2026. To opt-out of single project mode add/set the '"singleProjectMode": false' property in the firebase.json emulators config.
 {"metadata":{"emulator":{"name":"firestore"},"message":"Multiple projectIds are not recommended in single project mode. Requested project ID sih2026-ce822, but the emulator is configured for demo-sih2026. To opt-out of single project mode add/set the '\"singleProjectMode\": false' property in the firebase.json emulators config.\r\n"}}
[debug] [2026-09-03T06:03:45.252Z] Multiple projectIds are not recommended in single project mode. Requested project ID sih2026-ce822, but the emulator is configured for demo-sih2026. To opt-out of single project mode add/set the '"singleProjectMode": false' property in the firebase.json emulators config.
 {"metadata":{"emulator":{"name":"firestore"},"message":"Multiple projectIds are not recommended in single project mode. Requested project ID sih2026-ce822, but the emulator is configured for demo-sih2026. To opt-out of single project mode add/set the '\"singleProjectMode\": false' property in the firebase.json emulators config.\r\n"}}
[debug] [2026-09-03T06:03:45.259Z] Multiple projectIds are not recommended in single project mode. Requested project ID sih2026-ce822, but the emulator is configured for demo-sih2026. To opt-out of single project mode add/set the '"singleProjectMode": false' property in the firebase.json emulators config.
Multiple projectIds are not recommended in single project mode. Requested project ID sih2026-ce822, but the emulator is configured for demo-sih2026. To opt-out of single project mode add/set the '"singleProjectMode": false' property in the firebase.json emulators config.
 {"metadata":{"emulator":{"name":"firestore"},"message":"Multiple projectIds are not recommended in single project mode. Requested project ID sih2026-ce822, but the emulator is configured for demo-sih2026. To opt-out of single project mode add/set the '\"singleProjectMode\": false' property in the firebase.json emulators config.\r\nMultiple projectIds are not recommended in single project mode. Requested project ID sih2026-ce822, but the emulator is configured for demo-sih2026. To opt-out of single project mode add/set the '\"singleProjectMode\": false' property in the firebase.json emulators config.\r\n"}}
[debug] [2026-09-03T06:03:45.264Z] Multiple projectIds are not recommended in single project mode. Requested project ID sih2026-ce822, but the emulator is configured for demo-sih2026. To opt-out of single project mode add/set the '"singleProjectMode": false' property in the firebase.json emulators config.
Multiple projectIds are not recommended in single project mode. Requested project ID sih2026-ce822, but the emulator is configured for demo-sih2026. To opt-out of single project mode add/set the '"singleProjectMode": false' property in the firebase.json emulators config.
 {"metadata":{"emulator":{"name":"firestore"},"message":"Multiple projectIds are not recommended in single project mode. Requested project ID sih2026-ce822, but the emulator is configured for demo-sih2026. To opt-out of single project mode add/set the '\"singleProjectMode\": false' property in the firebase.json emulators config.\r\nMultiple projectIds are not recommended in single project mode. Requested project ID sih2026-ce822, but the emulator is configured for demo-sih2026. To opt-out of single project mode add/set the '\"singleProjectMode\": false' property in the firebase.json emulators config.\r\n"}}
[debug] [2026-09-03T06:03:48.301Z] Multiple projectIds are not recommended in single project mode. Requested project ID sih2026-ce822, but the emulator is configured for demo-sih2026. To opt-out of single project mode add/set the '"singleProjectMode": false' property in the firebase.json emulators config.
Multiple projectIds are not recommended in single project mode. Requested project ID sih2026-ce822, but the emulator is configured for demo-sih2026. To opt-out of single project mode add/set the '"singleProjectMode": false' property in the firebase.json emulators config.
 {"metadata":{"emulator":{"name":"firestore"},"message":"Multiple projectIds are not recommended in single project mode. Requested project ID sih2026-ce822, but the emulator is configured for demo-sih2026. To opt-out of single project mode add/set the '\"singleProjectMode\": false' property in the firebase.json emulators config.\r\nMultiple projectIds are not recommended in single project mode. Requested project ID sih2026-ce822, but the emulator is configured for demo-sih2026. To opt-out of single project mode add/set the '\"singleProjectMode\": false' property in the firebase.json emulators config.\r\n"}}
[debug] [2026-09-03T06:03:48.317Z] Multiple projectIds are not recommended in single project mode. Requested project ID sih2026-ce822, but the emulator is configured for demo-sih2026. To opt-out of single project mode add/set the '"singleProjectMode": false' property in the firebase.json emulators config.
 {"metadata":{"emulator":{"name":"firestore"},"message":"Multiple projectIds are not recommended in single project mode. Requested project ID sih2026-ce822, but the emulator is configured for demo-sih2026. To opt-out of single project mode add/set the '\"singleProjectMode\": false' property in the firebase.json emulators config.\r\n"}}
[debug] [2026-09-03T06:03:48.318Z] Multiple projectIds are not recommended in single project mode. Requested project ID sih2026-ce822, but the emulator is configured for demo-sih2026. To opt-out of single project mode add/set the '"singleProjectMode": false' property in the firebase.json emulators config.
 {"metadata":{"emulator":{"name":"firestore"},"message":"Multiple projectIds are not recommended in single project mode. Requested project ID sih2026-ce822, but the emulator is configured for demo-sih2026. To opt-out of single project mode add/set the '\"singleProjectMode\": false' property in the firebase.json emulators config.\r\n"}}
[debug] [2026-09-03T06:03:48.327Z] Multiple projectIds are not recommended in single project mode. Requested project ID sih2026-ce822, but the emulator is configured for demo-sih2026. To opt-out of single project mode add/set the '"singleProjectMode": false' property in the firebase.json emulators config.
Multiple projectIds are not recommended in single project mode. Requested project ID sih2026-ce822, but the emulator is configured for demo-sih2026. To opt-out of single project mode add/set the '"singleProjectMode": false' property in the firebase.json emulators config.
 {"metadata":{"emulator":{"name":"firestore"},"message":"Multiple projectIds are not recommended in single project mode. Requested project ID sih2026-ce822, but the emulator is configured for demo-sih2026. To opt-out of single project mode add/set the '\"singleProjectMode\": false' property in the firebase.json emulators config.\r\nMultiple projectIds are not recommended in single project mode. Requested project ID sih2026-ce822, but the emulator is configured for demo-sih2026. To opt-out of single project mode add/set the '\"singleProjectMode\": false' property in the firebase.json emulators config.\r\n"}}
[debug] [2026-09-03T06:03:53.387Z] Sept 03, 2026 11:33:53 AM io.gapi.emulators.netty.HttpVersionRoutingHandler channelRead
INFO: Detected non-HTTP/2 connection.
 {"metadata":{"emulator":{"name":"firestore"},"message":"Sept 03, 2026 11:33:53 AM io.gapi.emulators.netty.HttpVersionRoutingHandler channelRead\r\nINFO: Detected non-HTTP/2 connection.\r\n"}}
[debug] [2026-09-03T06:03:53.394Z] Multiple projectIds are not recommended in single project mode. Requested project ID sih2026-ce822, but the emulator is configured for demo-sih2026. To opt-out of single project mode add/set the '"singleProjectMode": false' property in the firebase.json emulators config.
 {"metadata":{"emulator":{"name":"firestore"},"message":"Multiple projectIds are not recommended in single project mode. Requested project ID sih2026-ce822, but the emulator is configured for demo-sih2026. To opt-out of single project mode add/set the '\"singleProjectMode\": false' property in the firebase.json emulators config.\r\n"}}
[debug] [2026-09-03T06:03:53.395Z] Multiple projectIds are not recommended in single project mode. Requested project ID sih2026-ce822, but the emulator is configured for demo-sih2026. To opt-out of single project mode add/set the '"singleProjectMode": false' property in the firebase.json emulators config.
 {"metadata":{"emulator":{"name":"firestore"},"message":"Multiple projectIds are not recommended in single project mode. Requested project ID sih2026-ce822, but the emulator is configured for demo-sih2026. To opt-out of single project mode add/set the '\"singleProjectMode\": false' property in the firebase.json emulators config.\r\n"}}
[debug] [2026-09-03T06:03:53.567Z] Sept 03, 2026 11:33:53 AM io.gapi.emulators.netty.HttpVersionRoutingHandler channelRead
INFO: Detected HTTP/2 connection.
 {"metadata":{"emulator":{"name":"firestore"},"message":"Sept 03, 2026 11:33:53 AM io.gapi.emulators.netty.HttpVersionRoutingHandler channelRead\r\nINFO: Detected HTTP/2 connection.\r\n"}}
[debug] [2026-09-03T06:03:53.574Z] Multiple projectIds are not recommended in single project mode. Requested project ID sih2026-ce822, but the emulator is configured for demo-sih2026. To opt-out of single project mode add/set the '"singleProjectMode": false' property in the firebase.json emulators config.
 {"metadata":{"emulator":{"name":"firestore"},"message":"Multiple projectIds are not recommended in single project mode. Requested project ID sih2026-ce822, but the emulator is configured for demo-sih2026. To opt-out of single project mode add/set the '\"singleProjectMode\": false' property in the firebase.json emulators config.\r\n"}}
[debug] [2026-09-03T06:03:53.574Z] Multiple projectIds are not recommended in single project mode. Requested project ID sih2026-ce822, but the emulator is configured for demo-sih2026. To opt-out of single project mode add/set the '"singleProjectMode": false' property in the firebase.json emulators config.
 {"metadata":{"emulator":{"name":"firestore"},"message":"Multiple projectIds are not recommended in single project mode. Requested project ID sih2026-ce822, but the emulator is configured for demo-sih2026. To opt-out of single project mode add/set the '\"singleProjectMode\": false' property in the firebase.json emulators config.\r\n"}}
[debug] [2026-09-03T06:03:53.632Z] Sept 03, 2026 11:33:53 AM io.gapi.emulators.netty.HttpVersionRoutingHandler channelRead
INFO: Detected HTTP/2 connection.
 {"metadata":{"emulator":{"name":"firestore"},"message":"Sept 03, 2026 11:33:53 AM io.gapi.emulators.netty.HttpVersionRoutingHandler channelRead\r\nINFO: Detected HTTP/2 connection.\r\n"}}
[debug] [2026-09-03T06:03:53.639Z] Multiple projectIds are not recommended in single project mode. Requested project ID sih2026-ce822, but the emulator is configured for demo-sih2026. To opt-out of single project mode add/set the '"singleProjectMode": false' property in the firebase.json emulators config.
Multiple projectIds are not recommended in single project mode. Requested project ID sih2026-ce822, but the emulator is configured for demo-sih2026. To opt-out of single project mode add/set the '"singleProjectMode": false' property in the firebase.json emulators config.
 {"metadata":{"emulator":{"name":"firestore"},"message":"Multiple projectIds are not recommended in single project mode. Requested project ID sih2026-ce822, but the emulator is configured for demo-sih2026. To opt-out of single project mode add/set the '\"singleProjectMode\": false' property in the firebase.json emulators config.\r\nMultiple projectIds are not recommended in single project mode. Requested project ID sih2026-ce822, but the emulator is configured for demo-sih2026. To opt-out of single project mode add/set the '\"singleProjectMode\": false' property in the firebase.json emulators config.\r\n"}}
[debug] [2026-09-03T06:03:53.896Z] Multiple projectIds are not recommended in single project mode. Requested project ID sih2026-ce822, but the emulator is configured for demo-sih2026. To opt-out of single project mode add/set the '"singleProjectMode": false' property in the firebase.json emulators config.
 {"metadata":{"emulator":{"name":"firestore"},"message":"Multiple projectIds are not recommended in single project mode. Requested project ID sih2026-ce822, but the emulator is configured for demo-sih2026. To opt-out of single project mode add/set the '\"singleProjectMode\": false' property in the firebase.json emulators config.\r\n"}}
[debug] [2026-09-03T06:03:53.896Z] Multiple projectIds are not recommended in single project mode. Requested project ID sih2026-ce822, but the emulator is configured for demo-sih2026. To opt-out of single project mode add/set the '"singleProjectMode": false' property in the firebase.json emulators config.
 {"metadata":{"emulator":{"name":"firestore"},"message":"Multiple projectIds are not recommended in single project mode. Requested project ID sih2026-ce822, but the emulator is configured for demo-sih2026. To opt-out of single project mode add/set the '\"singleProjectMode\": false' property in the firebase.json emulators config.\r\n"}}
[debug] [2026-09-03T06:03:53.916Z] Multiple projectIds are not recommended in single project mode. Requested project ID sih2026-ce822, but the emulator is configured for demo-sih2026. To opt-out of single project mode add/set the '"singleProjectMode": false' property in the firebase.json emulators config.
 {"metadata":{"emulator":{"name":"firestore"},"message":"Multiple projectIds are not recommended in single project mode. Requested project ID sih2026-ce822, but the emulator is configured for demo-sih2026. To opt-out of single project mode add/set the '\"singleProjectMode\": false' property in the firebase.json emulators config.\r\n"}}
[debug] [2026-09-03T06:03:53.917Z] Multiple projectIds are not recommended in single project mode. Requested project ID sih2026-ce822, but the emulator is configured for demo-sih2026. To opt-out of single project mode add/set the '"singleProjectMode": false' property in the firebase.json emulators config.
 {"metadata":{"emulator":{"name":"firestore"},"message":"Multiple projectIds are not recommended in single project mode. Requested project ID sih2026-ce822, but the emulator is configured for demo-sih2026. To opt-out of single project mode add/set the '\"singleProjectMode\": false' property in the firebase.json emulators config.\r\n"}}
[debug] [2026-09-03T06:03:53.960Z] Multiple projectIds are not recommended in single project mode. Requested project ID sih2026-ce822, but the emulator is configured for demo-sih2026. To opt-out of single project mode add/set the '"singleProjectMode": false' property in the firebase.json emulators config.
 {"metadata":{"emulator":{"name":"firestore"},"message":"Multiple projectIds are not recommended in single project mode. Requested project ID sih2026-ce822, but the emulator is configured for demo-sih2026. To opt-out of single project mode add/set the '\"singleProjectMode\": false' property in the firebase.json emulators config.\r\n"}}
[debug] [2026-09-03T06:03:53.960Z] Multiple projectIds are not recommended in single project mode. Requested project ID sih2026-ce822, but the emulator is configured for demo-sih2026. To opt-out of single project mode add/set the '"singleProjectMode": false' property in the firebase.json emulators config.
 {"metadata":{"emulator":{"name":"firestore"},"message":"Multiple projectIds are not recommended in single project mode. Requested project ID sih2026-ce822, but the emulator is configured for demo-sih2026. To opt-out of single project mode add/set the '\"singleProjectMode\": false' property in the firebase.json emulators config.\r\n"}}
[debug] [2026-09-03T06:03:54.065Z] Multiple projectIds are not recommended in single project mode. Requested project ID sih2026-ce822, but the emulator is configured for demo-sih2026. To opt-out of single project mode add/set the '"singleProjectMode": false' property in the firebase.json emulators config.
 {"metadata":{"emulator":{"name":"firestore"},"message":"Multiple projectIds are not recommended in single project mode. Requested project ID sih2026-ce822, but the emulator is configured for demo-sih2026. To opt-out of single project mode add/set the '\"singleProjectMode\": false' property in the firebase.json emulators config.\r\n"}}
[debug] [2026-09-03T06:03:54.065Z] Multiple projectIds are not recommended in single project mode. Requested project ID sih2026-ce822, but the emulator is configured for demo-sih2026. To opt-out of single project mode add/set the '"singleProjectMode": false' property in the firebase.json emulators config.
 {"metadata":{"emulator":{"name":"firestore"},"message":"Multiple projectIds are not recommended in single project mode. Requested project ID sih2026-ce822, but the emulator is configured for demo-sih2026. To opt-out of single project mode add/set the '\"singleProjectMode\": false' property in the firebase.json emulators config.\r\n"}}
[debug] [2026-09-03T06:03:54.089Z] Sept 03, 2026 11:33:54 AM com.google.cloud.datastore.emulator.impl.util.WrappedStreamObserver onError
WARNING: Operation failed: 
false for 'create' @ L96, evaluation error at L108:24 for 'update' @ L108, false for 'create' @ L96
com.google.cloud.datastore.core.exception.DatastoreException: 
false for 'create' @ L96, evaluation error at L108:24 for 'update' @ L108, false for 'create' @ L96
	at com.google.cloud.datastore.core.exception.DatastoreException$Builder.build(DatastoreException.java:152)
	at com.google.cloud.datastore.emulator.impl.rules.DefaultEmulatorRulesAuthorizer.verboseError(DefaultEmulatorRulesAuthorizer.java:349)
	at com.google.cloud.datastore.emulator.impl.rules.DefaultEmulatorRulesAuthorizer.withVerboseErrors(DefaultEmulatorRulesAuthorizer.java:326)
	at com.google.cloud.datastore.emulator.impl.rules.DefaultEmulatorRulesAuthorizer.checkCommit(DefaultEmulatorRulesAuthorizer.java:113)
	at com.google.cloud.datastore.emulator.impl.firestore.FirestoreEmulatorHelper.commitHelper(FirestoreEmulatorHelper.java:407)
	at com.google.cloud.datastore.emulator.impl.firestore.FirestoreEmulatorHelper.internalCommit(FirestoreEmulatorHelper.java:348)
	at com.google.cloud.datastore.emulator.impl.firestore.CloudFirestoreV1.internalCommit(CloudFirestoreV1.java:1336)
	at com.google.cloud.datastore.emulator.impl.firestore.CloudFirestoreV1.write(CloudFirestoreV1.java:1321)
	at com.google.cloud.datastore.emulator.impl.firestore.CloudFirestoreV1WriteStream.handleRequest(CloudFirestoreV1WriteStream.java:222)
	at com.google.cloud.datastore.emulator.impl.firestore.CloudFirestoreV1WriteStream.write(CloudFirestoreV1WriteStream.java:144)
	at com.google.cloud.datastore.emulator.impl.firestore.CloudFirestoreV1WriteStream.onNext(CloudFirestoreV1WriteStream.java:99)
	at com.google.cloud.datastore.emulator.impl.firestore.CloudFirestoreV1WriteStream.onNext(CloudFirestoreV1WriteStream.java:27)
	at io.grpc.stub.ServerCalls$StreamingServerCallHandler$StreamingServerCallListener.onMessage(ServerCalls.java:262)
	at io.grpc.ForwardingServerCallListener.onMessage(ForwardingServerCallListener.java:33)
	at io.grpc.Contexts$ContextualizedServerCallListener.onMessage(Contexts.java:76)
	at io.grpc.ForwardingServerCallListener.onMessage(ForwardingServerCallListener.java:33)
	at io.grpc.Contexts$ContextualizedServerCallListener.onMessage(Contexts.java:76)
	at io.grpc.internal.ServerCallImpl$ServerStreamListenerImpl.messagesAvailableInternal(ServerCallImpl.java:334)
	at io.grpc.internal.ServerCallImpl$ServerStreamListenerImpl.messagesAvailable(ServerCallImpl.java:319)
	at io.grpc.internal.ServerImpl$JumpToApplicationThreadServerStreamListener$1MessagesAvailable.runInContext(ServerImpl.java:852)
	at io.grpc.internal.ContextRunnable.run(ContextRunnable.java:37)
	at io.grpc.internal.SerializingExecutor.run(SerializingExecutor.java:133)
	at java.base/java.util.concurrent.ThreadPoolExecutor.runWorker(ThreadPoolExecutor.java:1144)
	at java.base/java.util.concurrent.ThreadPoolExecutor$Worker.run(ThreadPoolExecutor.java:642)
	at java.base/java.lang.Thread.run(Thread.java:1583)

 {"metadata":{"emulator":{"name":"firestore"},"message":"Sept 03, 2026 11:33:54 AM com.google.cloud.datastore.emulator.impl.util.WrappedStreamObserver onError\r\nWARNING: Operation failed: \nfalse for 'create' @ L96, evaluation error at L108:24 for 'update' @ L108, false for 'create' @ L96\r\ncom.google.cloud.datastore.core.exception.DatastoreException: \nfalse for 'create' @ L96, evaluation error at L108:24 for 'update' @ L108, false for 'create' @ L96\r\n\tat com.google.cloud.datastore.core.exception.DatastoreException$Builder.build(DatastoreException.java:152)\r\n\tat com.google.cloud.datastore.emulator.impl.rules.DefaultEmulatorRulesAuthorizer.verboseError(DefaultEmulatorRulesAuthorizer.java:349)\r\n\tat com.google.cloud.datastore.emulator.impl.rules.DefaultEmulatorRulesAuthorizer.withVerboseErrors(DefaultEmulatorRulesAuthorizer.java:326)\r\n\tat com.google.cloud.datastore.emulator.impl.rules.DefaultEmulatorRulesAuthorizer.checkCommit(DefaultEmulatorRulesAuthorizer.java:113)\r\n\tat com.google.cloud.datastore.emulator.impl.firestore.FirestoreEmulatorHelper.commitHelper(FirestoreEmulatorHelper.java:407)\r\n\tat com.google.cloud.datastore.emulator.impl.firestore.FirestoreEmulatorHelper.internalCommit(FirestoreEmulatorHelper.java:348)\r\n\tat com.google.cloud.datastore.emulator.impl.firestore.CloudFirestoreV1.internalCommit(CloudFirestoreV1.java:1336)\r\n\tat com.google.cloud.datastore.emulator.impl.firestore.CloudFirestoreV1.write(CloudFirestoreV1.java:1321)\r\n\tat com.google.cloud.datastore.emulator.impl.firestore.CloudFirestoreV1WriteStream.handleRequest(CloudFirestoreV1WriteStream.java:222)\r\n\tat com.google.cloud.datastore.emulator.impl.firestore.CloudFirestoreV1WriteStream.write(CloudFirestoreV1WriteStream.java:144)\r\n\tat com.google.cloud.datastore.emulator.impl.firestore.CloudFirestoreV1WriteStream.onNext(CloudFirestoreV1WriteStream.java:99)\r\n\tat com.google.cloud.datastore.emulator.impl.firestore.CloudFirestoreV1WriteStream.onNext(CloudFirestoreV1WriteStream.java:27)\r\n\tat io.grpc.stub.ServerCalls$StreamingServerCallHandler$StreamingServerCallListener.onMessage(ServerCalls.java:262)\r\n\tat io.grpc.ForwardingServerCallListener.onMessage(ForwardingServerCallListener.java:33)\r\n\tat io.grpc.Contexts$ContextualizedServerCallListener.onMessage(Contexts.java:76)\r\n\tat io.grpc.ForwardingServerCallListener.onMessage(ForwardingServerCallListener.java:33)\r\n\tat io.grpc.Contexts$ContextualizedServerCallListener.onMessage(Contexts.java:76)\r\n\tat io.grpc.internal.ServerCallImpl$ServerStreamListenerImpl.messagesAvailableInternal(ServerCallImpl.java:334)\r\n\tat io.grpc.internal.ServerCallImpl$ServerStreamListenerImpl.messagesAvailable(ServerCallImpl.java:319)\r\n\tat io.grpc.internal.ServerImpl$JumpToApplicationThreadServerStreamListener$1MessagesAvailable.runInContext(ServerImpl.java:852)\r\n\tat io.grpc.internal.ContextRunnable.run(ContextRunnable.java:37)\r\n\tat io.grpc.internal.SerializingExecutor.run(SerializingExecutor.java:133)\r\n\tat java.base/java.util.concurrent.ThreadPoolExecutor.runWorker(ThreadPoolExecutor.java:1144)\r\n\tat java.base/java.util.concurrent.ThreadPoolExecutor$Worker.run(ThreadPoolExecutor.java:642)\r\n\tat java.base/java.lang.Thread.run(Thread.java:1583)\r\n\r\n"}}
[debug] [2026-09-03T06:03:54.115Z] Multiple projectIds are not recommended in single project mode. Requested project ID sih2026-ce822, but the emulator is configured for demo-sih2026. To opt-out of single project mode add/set the '"singleProjectMode": false' property in the firebase.json emulators config.
 {"metadata":{"emulator":{"name":"firestore"},"message":"Multiple projectIds are not recommended in single project mode. Requested project ID sih2026-ce822, but the emulator is configured for demo-sih2026. To opt-out of single project mode add/set the '\"singleProjectMode\": false' property in the firebase.json emulators config.\r\n"}}
[debug] [2026-09-03T06:03:54.115Z] Multiple projectIds are not recommended in single project mode. Requested project ID sih2026-ce822, but the emulator is configured for demo-sih2026. To opt-out of single project mode add/set the '"singleProjectMode": false' property in the firebase.json emulators config.
 {"metadata":{"emulator":{"name":"firestore"},"message":"Multiple projectIds are not recommended in single project mode. Requested project ID sih2026-ce822, but the emulator is configured for demo-sih2026. To opt-out of single project mode add/set the '\"singleProjectMode\": false' property in the firebase.json emulators config.\r\n"}}
[debug] [2026-09-03T06:03:54.130Z] Sept 03, 2026 11:33:54 AM com.google.cloud.datastore.emulator.impl.util.WrappedStreamObserver onError
WARNING: Operation failed: 
false for 'create' @ L96, evaluation error at L108:24 for 'update' @ L108, false for 'create' @ L96
com.google.cloud.datastore.core.exception.DatastoreException: 
false for 'create' @ L96, evaluation error at L108:24 for 'update' @ L108, false for 'create' @ L96
	at com.google.cloud.datastore.core.exception.DatastoreException$Builder.build(DatastoreException.java:152)
	at com.google.cloud.datastore.emulator.impl.rules.DefaultEmulatorRulesAuthorizer.verboseError(DefaultEmulatorRulesAuthorizer.java:349)
	at com.google.cloud.datastore.emulator.impl.rules.DefaultEmulatorRulesAuthorizer.withVerboseErrors(DefaultEmulatorRulesAuthorizer.java:326)
	at com.google.cloud.datastore.emulator.impl.rules.DefaultEmulatorRulesAuthorizer.checkCommit(DefaultEmulatorRulesAuthorizer.java:113)
	at com.google.cloud.datastore.emulator.impl.firestore.FirestoreEmulatorHelper.commitHelper(FirestoreEmulatorHelper.java:407)
	at com.google.cloud.datastore.emulator.impl.firestore.FirestoreEmulatorHelper.internalCommit(FirestoreEmulatorHelper.java:348)
	at com.google.cloud.datastore.emulator.impl.firestore.CloudFirestoreV1.internalCommit(CloudFirestoreV1.java:1336)
	at com.google.cloud.datastore.emulator.impl.firestore.CloudFirestoreV1.write(CloudFirestoreV1.java:1321)
	at com.google.cloud.datastore.emulator.impl.firestore.CloudFirestoreV1WriteStream.handleRequest(CloudFirestoreV1WriteStream.java:222)
	at com.google.cloud.datastore.emulator.impl.firestore.CloudFirestoreV1WriteStream.write(CloudFirestoreV1WriteStream.java:144)
	at com.google.cloud.datastore.emulator.impl.firestore.CloudFirestoreV1WriteStream.onNext(CloudFirestoreV1WriteStream.java:99)
	at com.google.cloud.datastore.emulator.impl.firestore.CloudFirestoreV1WriteStream.onNext(CloudFirestoreV1WriteStream.java:27)
	at io.grpc.stub.ServerCalls$StreamingServerCallHandler$StreamingServerCallListener.onMessage(ServerCalls.java:262)
	at io.grpc.ForwardingServerCallListener.onMessage(ForwardingServerCallListener.java:33)
	at io.grpc.Contexts$ContextualizedServerCallListener.onMessage(Contexts.java:76)
	at io.grpc.ForwardingServerCallListener.onMessage(ForwardingServerCallListener.java:33)
	at io.grpc.Contexts$ContextualizedServerCallListener.onMessage(Contexts.java:76)
	at io.grpc.internal.ServerCallImpl$ServerStreamListenerImpl.messagesAvailableInternal(ServerCallImpl.java:334)
	at io.grpc.internal.ServerCallImpl$ServerStreamListenerImpl.messagesAvailable(ServerCallImpl.java:319)
	at io.grpc.internal.ServerImpl$JumpToApplicationThreadServerStreamListener$1MessagesAvailable.runInContext(ServerImpl.java:852)
	at io.grpc.internal.ContextRunnable.run(ContextRunnable.java:37)
	at io.grpc.internal.SerializingExecutor.run(SerializingExecutor.java:133)
	at java.base/java.util.concurrent.ThreadPoolExecutor.runWorker(ThreadPoolExecutor.java:1144)
	at java.base/java.util.concurrent.ThreadPoolExecutor$Worker.run(ThreadPoolExecutor.java:642)
	at java.base/java.lang.Thread.run(Thread.java:1583)

 {"metadata":{"emulator":{"name":"firestore"},"message":"Sept 03, 2026 11:33:54 AM com.google.cloud.datastore.emulator.impl.util.WrappedStreamObserver onError\r\nWARNING: Operation failed: \nfalse for 'create' @ L96, evaluation error at L108:24 for 'update' @ L108, false for 'create' @ L96\r\ncom.google.cloud.datastore.core.exception.DatastoreException: \nfalse for 'create' @ L96, evaluation error at L108:24 for 'update' @ L108, false for 'create' @ L96\r\n\tat com.google.cloud.datastore.core.exception.DatastoreException$Builder.build(DatastoreException.java:152)\r\n\tat com.google.cloud.datastore.emulator.impl.rules.DefaultEmulatorRulesAuthorizer.verboseError(DefaultEmulatorRulesAuthorizer.java:349)\r\n\tat com.google.cloud.datastore.emulator.impl.rules.DefaultEmulatorRulesAuthorizer.withVerboseErrors(DefaultEmulatorRulesAuthorizer.java:326)\r\n\tat com.google.cloud.datastore.emulator.impl.rules.DefaultEmulatorRulesAuthorizer.checkCommit(DefaultEmulatorRulesAuthorizer.java:113)\r\n\tat com.google.cloud.datastore.emulator.impl.firestore.FirestoreEmulatorHelper.commitHelper(FirestoreEmulatorHelper.java:407)\r\n\tat com.google.cloud.datastore.emulator.impl.firestore.FirestoreEmulatorHelper.internalCommit(FirestoreEmulatorHelper.java:348)\r\n\tat com.google.cloud.datastore.emulator.impl.firestore.CloudFirestoreV1.internalCommit(CloudFirestoreV1.java:1336)\r\n\tat com.google.cloud.datastore.emulator.impl.firestore.CloudFirestoreV1.write(CloudFirestoreV1.java:1321)\r\n\tat com.google.cloud.datastore.emulator.impl.firestore.CloudFirestoreV1WriteStream.handleRequest(CloudFirestoreV1WriteStream.java:222)\r\n\tat com.google.cloud.datastore.emulator.impl.firestore.CloudFirestoreV1WriteStream.write(CloudFirestoreV1WriteStream.java:144)\r\n\tat com.google.cloud.datastore.emulator.impl.firestore.CloudFirestoreV1WriteStream.onNext(CloudFirestoreV1WriteStream.java:99)\r\n\tat com.google.cloud.datastore.emulator.impl.firestore.CloudFirestoreV1WriteStream.onNext(CloudFirestoreV1WriteStream.java:27)\r\n\tat io.grpc.stub.ServerCalls$StreamingServerCallHandler$StreamingServerCallListener.onMessage(ServerCalls.java:262)\r\n\tat io.grpc.ForwardingServerCallListener.onMessage(ForwardingServerCallListener.java:33)\r\n\tat io.grpc.Contexts$ContextualizedServerCallListener.onMessage(Contexts.java:76)\r\n\tat io.grpc.ForwardingServerCallListener.onMessage(ForwardingServerCallListener.java:33)\r\n\tat io.grpc.Contexts$ContextualizedServerCallListener.onMessage(Contexts.java:76)\r\n\tat io.grpc.internal.ServerCallImpl$ServerStreamListenerImpl.messagesAvailableInternal(ServerCallImpl.java:334)\r\n\tat io.grpc.internal.ServerCallImpl$ServerStreamListenerImpl.messagesAvailable(ServerCallImpl.java:319)\r\n\tat io.grpc.internal.ServerImpl$JumpToApplicationThreadServerStreamListener$1MessagesAvailable.runInContext(ServerImpl.java:852)\r\n\tat io.grpc.internal.ContextRunnable.run(ContextRunnable.java:37)\r\n\tat io.grpc.internal.SerializingExecutor.run(SerializingExecutor.java:133)\r\n\tat java.base/java.util.concurrent.ThreadPoolExecutor.runWorker(ThreadPoolExecutor.java:1144)\r\n\tat java.base/java.util.concurrent.ThreadPoolExecutor$Worker.run(ThreadPoolExecutor.java:642)\r\n\tat java.base/java.lang.Thread.run(Thread.java:1583)\r\n\r\n"}}
[debug] [2026-09-03T06:03:54.143Z] Multiple projectIds are not recommended in single project mode. Requested project ID sih2026-ce822, but the emulator is configured for demo-sih2026. To opt-out of single project mode add/set the '"singleProjectMode": false' property in the firebase.json emulators config.
 {"metadata":{"emulator":{"name":"firestore"},"message":"Multiple projectIds are not recommended in single project mode. Requested project ID sih2026-ce822, but the emulator is configured for demo-sih2026. To opt-out of single project mode add/set the '\"singleProjectMode\": false' property in the firebase.json emulators config.\r\n"}}
[debug] [2026-09-03T06:03:54.143Z] Multiple projectIds are not recommended in single project mode. Requested project ID sih2026-ce822, but the emulator is configured for demo-sih2026. To opt-out of single project mode add/set the '"singleProjectMode": false' property in the firebase.json emulators config.
 {"metadata":{"emulator":{"name":"firestore"},"message":"Multiple projectIds are not recommended in single project mode. Requested project ID sih2026-ce822, but the emulator is configured for demo-sih2026. To opt-out of single project mode add/set the '\"singleProjectMode\": false' property in the firebase.json emulators config.\r\n"}}
[debug] [2026-09-03T06:03:54.160Z] Sept 03, 2026 11:33:54 AM com.google.cloud.datastore.emulator.impl.util.WrappedStreamObserver onError
WARNING: Operation failed: 
false for 'create' @ L96, evaluation error at L108:24 for 'update' @ L108, false for 'create' @ L96
com.google.cloud.datastore.core.exception.DatastoreException: 
false for 'create' @ L96, evaluation error at L108:24 for 'update' @ L108, false for 'create' @ L96
	at com.google.cloud.datastore.core.exception.DatastoreException$Builder.build(DatastoreException.java:152)
	at com.google.cloud.datastore.emulator.impl.rules.DefaultEmulatorRulesAuthorizer.verboseError(DefaultEmulatorRulesAuthorizer.java:349)
	at com.google.cloud.datastore.emulator.impl.rules.DefaultEmulatorRulesAuthorizer.withVerboseErrors(DefaultEmulatorRulesAuthorizer.java:326)
	at com.google.cloud.datastore.emulator.impl.rules.DefaultEmulatorRulesAuthorizer.checkCommit(DefaultEmulatorRulesAuthorizer.java:113)
	at com.google.cloud.datastore.emulator.impl.firestore.FirestoreEmulatorHelper.commitHelper(FirestoreEmulatorHelper.java:407)
	at com.google.cloud.datastore.emulator.impl.firestore.FirestoreEmulatorHelper.internalCommit(FirestoreEmulatorHelper.java:348)
	at com.google.cloud.datastore.emulator.impl.firestore.CloudFirestoreV1.internalCommit(CloudFirestoreV1.java:1336)
	at com.google.cloud.datastore.emulator.impl.firestore.CloudFirestoreV1.write(CloudFirestoreV1.java:1321)
	at com.google.cloud.datastore.emulator.impl.firestore.CloudFirestoreV1WriteStream.handleRequest(CloudFirestoreV1WriteStream.java:222)
	at com.google.cloud.datastore.emulator.impl.firestore.CloudFirestoreV1WriteStream.write(CloudFirestoreV1WriteStream.java:144)
	at com.google.cloud.datastore.emulator.impl.firestore.CloudFirestoreV1WriteStream.onNext(CloudFirestoreV1WriteStream.java:99)
	at com.google.cloud.datastore.emulator.impl.firestore.CloudFirestoreV1WriteStream.onNext(CloudFirestoreV1WriteStream.java:27)
	at io.grpc.stub.ServerCalls$StreamingServerCallHandler$StreamingServerCallListener.onMessage(ServerCalls.java:262)
	at io.grpc.ForwardingServerCallListener.onMessage(ForwardingServerCallListener.java:33)
	at io.grpc.Contexts$ContextualizedServerCallListener.onMessage(Contexts.java:76)
	at io.grpc.ForwardingServerCallListener.onMessage(ForwardingServerCallListener.java:33)
	at io.grpc.Contexts$ContextualizedServerCallListener.onMessage(Contexts.java:76)
	at io.grpc.internal.ServerCallImpl$ServerStreamListenerImpl.messagesAvailableInternal(ServerCallImpl.java:334)
	at io.grpc.internal.ServerCallImpl$ServerStreamListenerImpl.messagesAvailable(ServerCallImpl.java:319)
	at io.grpc.internal.ServerImpl$JumpToApplicationThreadServerStreamListener$1MessagesAvailable.runInContext(ServerImpl.java:852)
	at io.grpc.internal.ContextRunnable.run(ContextRunnable.java:37)
	at io.grpc.internal.SerializingExecutor.run(SerializingExecutor.java:133)
	at java.base/java.util.concurrent.ThreadPoolExecutor.runWorker(ThreadPoolExecutor.java:1144)
	at java.base/java.util.concurrent.ThreadPoolExecutor$Worker.run(ThreadPoolExecutor.java:642)
	at java.base/java.lang.Thread.run(Thread.java:1583)

 {"metadata":{"emulator":{"name":"firestore"},"message":"Sept 03, 2026 11:33:54 AM com.google.cloud.datastore.emulator.impl.util.WrappedStreamObserver onError\r\nWARNING: Operation failed: \nfalse for 'create' @ L96, evaluation error at L108:24 for 'update' @ L108, false for 'create' @ L96\r\ncom.google.cloud.datastore.core.exception.DatastoreException: \nfalse for 'create' @ L96, evaluation error at L108:24 for 'update' @ L108, false for 'create' @ L96\r\n\tat com.google.cloud.datastore.core.exception.DatastoreException$Builder.build(DatastoreException.java:152)\r\n\tat com.google.cloud.datastore.emulator.impl.rules.DefaultEmulatorRulesAuthorizer.verboseError(DefaultEmulatorRulesAuthorizer.java:349)\r\n\tat com.google.cloud.datastore.emulator.impl.rules.DefaultEmulatorRulesAuthorizer.withVerboseErrors(DefaultEmulatorRulesAuthorizer.java:326)\r\n\tat com.google.cloud.datastore.emulator.impl.rules.DefaultEmulatorRulesAuthorizer.checkCommit(DefaultEmulatorRulesAuthorizer.java:113)\r\n\tat com.google.cloud.datastore.emulator.impl.firestore.FirestoreEmulatorHelper.commitHelper(FirestoreEmulatorHelper.java:407)\r\n\tat com.google.cloud.datastore.emulator.impl.firestore.FirestoreEmulatorHelper.internalCommit(FirestoreEmulatorHelper.java:348)\r\n\tat com.google.cloud.datastore.emulator.impl.firestore.CloudFirestoreV1.internalCommit(CloudFirestoreV1.java:1336)\r\n\tat com.google.cloud.datastore.emulator.impl.firestore.CloudFirestoreV1.write(CloudFirestoreV1.java:1321)\r\n\tat com.google.cloud.datastore.emulator.impl.firestore.CloudFirestoreV1WriteStream.handleRequest(CloudFirestoreV1WriteStream.java:222)\r\n\tat com.google.cloud.datastore.emulator.impl.firestore.CloudFirestoreV1WriteStream.write(CloudFirestoreV1WriteStream.java:144)\r\n\tat com.google.cloud.datastore.emulator.impl.firestore.CloudFirestoreV1WriteStream.onNext(CloudFirestoreV1WriteStream.java:99)\r\n\tat com.google.cloud.datastore.emulator.impl.firestore.CloudFirestoreV1WriteStream.onNext(CloudFirestoreV1WriteStream.java:27)\r\n\tat io.grpc.stub.ServerCalls$StreamingServerCallHandler$StreamingServerCallListener.onMessage(ServerCalls.java:262)\r\n\tat io.grpc.ForwardingServerCallListener.onMessage(ForwardingServerCallListener.java:33)\r\n\tat io.grpc.Contexts$ContextualizedServerCallListener.onMessage(Contexts.java:76)\r\n\tat io.grpc.ForwardingServerCallListener.onMessage(ForwardingServerCallListener.java:33)\r\n\tat io.grpc.Contexts$ContextualizedServerCallListener.onMessage(Contexts.java:76)\r\n\tat io.grpc.internal.ServerCallImpl$ServerStreamListenerImpl.messagesAvailableInternal(ServerCallImpl.java:334)\r\n\tat io.grpc.internal.ServerCallImpl$ServerStreamListenerImpl.messagesAvailable(ServerCallImpl.java:319)\r\n\tat io.grpc.internal.ServerImpl$JumpToApplicationThreadServerStreamListener$1MessagesAvailable.runInContext(ServerImpl.java:852)\r\n\tat io.grpc.internal.ContextRunnable.run(ContextRunnable.java:37)\r\n\tat io.grpc.internal.SerializingExecutor.run(SerializingExecutor.java:133)\r\n\tat java.base/java.util.concurrent.ThreadPoolExecutor.runWorker(ThreadPoolExecutor.java:1144)\r\n\tat java.base/java.util.concurrent.ThreadPoolExecutor$Worker.run(ThreadPoolExecutor.java:642)\r\n\tat java.base/java.lang.Thread.run(Thread.java:1583)\r\n\r\n"}}
[debug] [2026-09-03T06:03:54.177Z] Multiple projectIds are not recommended in single project mode. Requested project ID sih2026-ce822, but the emulator is configured for demo-sih2026. To opt-out of single project mode add/set the '"singleProjectMode": false' property in the firebase.json emulators config.
 {"metadata":{"emulator":{"name":"firestore"},"message":"Multiple projectIds are not recommended in single project mode. Requested project ID sih2026-ce822, but the emulator is configured for demo-sih2026. To opt-out of single project mode add/set the '\"singleProjectMode\": false' property in the firebase.json emulators config.\r\n"}}
[debug] [2026-09-03T06:03:54.177Z] Multiple projectIds are not recommended in single project mode. Requested project ID sih2026-ce822, but the emulator is configured for demo-sih2026. To opt-out of single project mode add/set the '"singleProjectMode": false' property in the firebase.json emulators config.
 {"metadata":{"emulator":{"name":"firestore"},"message":"Multiple projectIds are not recommended in single project mode. Requested project ID sih2026-ce822, but the emulator is configured for demo-sih2026. To opt-out of single project mode add/set the '\"singleProjectMode\": false' property in the firebase.json emulators config.\r\n"}}
[debug] [2026-09-03T06:03:54.191Z] Sept 03, 2026 11:33:54 AM com.google.cloud.datastore.emulator.impl.util.WrappedStreamObserver onError
WARNING: Operation failed: 
false for 'create' @ L96, evaluation error at L108:24 for 'update' @ L108, false for 'create' @ L96
com.google.cloud.datastore.core.exception.DatastoreException: 
false for 'create' @ L96, evaluation error at L108:24 for 'update' @ L108, false for 'create' @ L96
	at com.google.cloud.datastore.core.exception.DatastoreException$Builder.build(DatastoreException.java:152)
	at com.google.cloud.datastore.emulator.impl.rules.DefaultEmulatorRulesAuthorizer.verboseError(DefaultEmulatorRulesAuthorizer.java:349)
	at com.google.cloud.datastore.emulator.impl.rules.DefaultEmulatorRulesAuthorizer.withVerboseErrors(DefaultEmulatorRulesAuthorizer.java:326)
	at com.google.cloud.datastore.emulator.impl.rules.DefaultEmulatorRulesAuthorizer.checkCommit(DefaultEmulatorRulesAuthorizer.java:113)
	at com.google.cloud.datastore.emulator.impl.firestore.FirestoreEmulatorHelper.commitHelper(FirestoreEmulatorHelper.java:407)
	at com.google.cloud.datastore.emulator.impl.firestore.FirestoreEmulatorHelper.internalCommit(FirestoreEmulatorHelper.java:348)
	at com.google.cloud.datastore.emulator.impl.firestore.CloudFirestoreV1.internalCommit(CloudFirestoreV1.java:1336)
	at com.google.cloud.datastore.emulator.impl.firestore.CloudFirestoreV1.write(CloudFirestoreV1.java:1321)
	at com.google.cloud.datastore.emulator.impl.firestore.CloudFirestoreV1WriteStream.handleRequest(CloudFirestoreV1WriteStream.java:222)
	at com.google.cloud.datastore.emulator.impl.firestore.CloudFirestoreV1WriteStream.write(CloudFirestoreV1WriteStream.java:144)
	at com.google.cloud.datastore.emulator.impl.firestore.CloudFirestoreV1WriteStream.onNext(CloudFirestoreV1WriteStream.java:99)
	at com.google.cloud.datastore.emulator.impl.firestore.CloudFirestoreV1WriteStream.onNext(CloudFirestoreV1WriteStream.java:27)
	at io.grpc.stub.ServerCalls$StreamingServerCallHandler$StreamingServerCallListener.onMessage(ServerCalls.java:262)
	at io.grpc.ForwardingServerCallListener.onMessage(ForwardingServerCallListener.java:33)
	at io.grpc.Contexts$ContextualizedServerCallListener.onMessage(Contexts.java:76)
	at io.grpc.ForwardingServerCallListener.onMessage(ForwardingServerCallListener.java:33)
	at io.grpc.Contexts$ContextualizedServerCallListener.onMessage(Contexts.java:76)
	at io.grpc.internal.ServerCallImpl$ServerStreamListenerImpl.messagesAvailableInternal(ServerCallImpl.java:334)
	at io.grpc.internal.ServerCallImpl$ServerStreamListenerImpl.messagesAvailable(ServerCallImpl.java:319)
	at io.grpc.internal.ServerImpl$JumpToApplicationThreadServerStreamListener$1MessagesAvailable.runInContext(ServerImpl.java:852)
	at io.grpc.internal.ContextRunnable.run(ContextRunnable.java:37)
	at io.grpc.internal.SerializingExecutor.run(SerializingExecutor.java:133)
	at java.base/java.util.concurrent.ThreadPoolExecutor.runWorker(ThreadPoolExecutor.java:1144)
	at java.base/java.util.concurrent.ThreadPoolExecutor$Worker.run(ThreadPoolExecutor.java:642)
	at java.base/java.lang.Thread.run(Thread.java:1583)

 {"metadata":{"emulator":{"name":"firestore"},"message":"Sept 03, 2026 11:33:54 AM com.google.cloud.datastore.emulator.impl.util.WrappedStreamObserver onError\r\nWARNING: Operation failed: \nfalse for 'create' @ L96, evaluation error at L108:24 for 'update' @ L108, false for 'create' @ L96\r\ncom.google.cloud.datastore.core.exception.DatastoreException: \nfalse for 'create' @ L96, evaluation error at L108:24 for 'update' @ L108, false for 'create' @ L96\r\n\tat com.google.cloud.datastore.core.exception.DatastoreException$Builder.build(DatastoreException.java:152)\r\n\tat com.google.cloud.datastore.emulator.impl.rules.DefaultEmulatorRulesAuthorizer.verboseError(DefaultEmulatorRulesAuthorizer.java:349)\r\n\tat com.google.cloud.datastore.emulator.impl.rules.DefaultEmulatorRulesAuthorizer.withVerboseErrors(DefaultEmulatorRulesAuthorizer.java:326)\r\n\tat com.google.cloud.datastore.emulator.impl.rules.DefaultEmulatorRulesAuthorizer.checkCommit(DefaultEmulatorRulesAuthorizer.java:113)\r\n\tat com.google.cloud.datastore.emulator.impl.firestore.FirestoreEmulatorHelper.commitHelper(FirestoreEmulatorHelper.java:407)\r\n\tat com.google.cloud.datastore.emulator.impl.firestore.FirestoreEmulatorHelper.internalCommit(FirestoreEmulatorHelper.java:348)\r\n\tat com.google.cloud.datastore.emulator.impl.firestore.CloudFirestoreV1.internalCommit(CloudFirestoreV1.java:1336)\r\n\tat com.google.cloud.datastore.emulator.impl.firestore.CloudFirestoreV1.write(CloudFirestoreV1.java:1321)\r\n\tat com.google.cloud.datastore.emulator.impl.firestore.CloudFirestoreV1WriteStream.handleRequest(CloudFirestoreV1WriteStream.java:222)\r\n\tat com.google.cloud.datastore.emulator.impl.firestore.CloudFirestoreV1WriteStream.write(CloudFirestoreV1WriteStream.java:144)\r\n\tat com.google.cloud.datastore.emulator.impl.firestore.CloudFirestoreV1WriteStream.onNext(CloudFirestoreV1WriteStream.java:99)\r\n\tat com.google.cloud.datastore.emulator.impl.firestore.CloudFirestoreV1WriteStream.onNext(CloudFirestoreV1WriteStream.java:27)\r\n\tat io.grpc.stub.ServerCalls$StreamingServerCallHandler$StreamingServerCallListener.onMessage(ServerCalls.java:262)\r\n\tat io.grpc.ForwardingServerCallListener.onMessage(ForwardingServerCallListener.java:33)\r\n\tat io.grpc.Contexts$ContextualizedServerCallListener.onMessage(Contexts.java:76)\r\n\tat io.grpc.ForwardingServerCallListener.onMessage(ForwardingServerCallListener.java:33)\r\n\tat io.grpc.Contexts$ContextualizedServerCallListener.onMessage(Contexts.java:76)\r\n\tat io.grpc.internal.ServerCallImpl$ServerStreamListenerImpl.messagesAvailableInternal(ServerCallImpl.java:334)\r\n\tat io.grpc.internal.ServerCallImpl$ServerStreamListenerImpl.messagesAvailable(ServerCallImpl.java:319)\r\n\tat io.grpc.internal.ServerImpl$JumpToApplicationThreadServerStreamListener$1MessagesAvailable.runInContext(ServerImpl.java:852)\r\n\tat io.grpc.internal.ContextRunnable.run(ContextRunnable.java:37)\r\n\tat io.grpc.internal.SerializingExecutor.run(SerializingExecutor.java:133)\r\n\tat java.base/java.util.concurrent.ThreadPoolExecutor.runWorker(ThreadPoolExecutor.java:1144)\r\n\tat java.base/java.util.concurrent.ThreadPoolExecutor$Worker.run(ThreadPoolExecutor.java:642)\r\n\tat java.base/java.lang.Thread.run(Thread.java:1583)\r\n\r\n"}}
[debug] [2026-09-03T06:03:54.206Z] Multiple projectIds are not recommended in single project mode. Requested project ID sih2026-ce822, but the emulator is configured for demo-sih2026. To opt-out of single project mode add/set the '"singleProjectMode": false' property in the firebase.json emulators config.
 {"metadata":{"emulator":{"name":"firestore"},"message":"Multiple projectIds are not recommended in single project mode. Requested project ID sih2026-ce822, but the emulator is configured for demo-sih2026. To opt-out of single project mode add/set the '\"singleProjectMode\": false' property in the firebase.json emulators config.\r\n"}}
[debug] [2026-09-03T06:03:54.207Z] Multiple projectIds are not recommended in single project mode. Requested project ID sih2026-ce822, but the emulator is configured for demo-sih2026. To opt-out of single project mode add/set the '"singleProjectMode": false' property in the firebase.json emulators config.
 {"metadata":{"emulator":{"name":"firestore"},"message":"Multiple projectIds are not recommended in single project mode. Requested project ID sih2026-ce822, but the emulator is configured for demo-sih2026. To opt-out of single project mode add/set the '\"singleProjectMode\": false' property in the firebase.json emulators config.\r\n"}}
[debug] [2026-09-03T06:03:54.221Z] Sept 03, 2026 11:33:54 AM com.google.cloud.datastore.emulator.impl.util.WrappedStreamObserver onError
WARNING: Operation failed: 
false for 'create' @ L96, evaluation error at L108:24 for 'update' @ L108, false for 'create' @ L96
com.google.cloud.datastore.core.exception.DatastoreException: 
false for 'create' @ L96, evaluation error at L108:24 for 'update' @ L108, false for 'create' @ L96
	at com.google.cloud.datastore.core.exception.DatastoreException$Builder.build(DatastoreException.java:152)
	at com.google.cloud.datastore.emulator.impl.rules.DefaultEmulatorRulesAuthorizer.verboseError(DefaultEmulatorRulesAuthorizer.java:349)
	at com.google.cloud.datastore.emulator.impl.rules.DefaultEmulatorRulesAuthorizer.withVerboseErrors(DefaultEmulatorRulesAuthorizer.java:326)
	at com.google.cloud.datastore.emulator.impl.rules.DefaultEmulatorRulesAuthorizer.checkCommit(DefaultEmulatorRulesAuthorizer.java:113)
	at com.google.cloud.datastore.emulator.impl.firestore.FirestoreEmulatorHelper.commitHelper(FirestoreEmulatorHelper.java:407)
	at com.google.cloud.datastore.emulator.impl.firestore.FirestoreEmulatorHelper.internalCommit(FirestoreEmulatorHelper.java:348)
	at com.google.cloud.datastore.emulator.impl.firestore.CloudFirestoreV1.internalCommit(CloudFirestoreV1.java:1336)
	at com.google.cloud.datastore.emulator.impl.firestore.CloudFirestoreV1.write(CloudFirestoreV1.java:1321)
	at com.google.cloud.datastore.emulator.impl.firestore.CloudFirestoreV1WriteStream.handleRequest(CloudFirestoreV1WriteStream.java:222)
	at com.google.cloud.datastore.emulator.impl.firestore.CloudFirestoreV1WriteStream.write(CloudFirestoreV1WriteStream.java:144)
	at com.google.cloud.datastore.emulator.impl.firestore.CloudFirestoreV1WriteStream.onNext(CloudFirestoreV1WriteStream.java:99)
	at com.google.cloud.datastore.emulator.impl.firestore.CloudFirestoreV1WriteStream.onNext(CloudFirestoreV1WriteStream.java:27)
	at io.grpc.stub.ServerCalls$StreamingServerCallHandler$StreamingServerCallListener.onMessage(ServerCalls.java:262)
	at io.grpc.ForwardingServerCallListener.onMessage(ForwardingServerCallListener.java:33)
	at io.grpc.Contexts$ContextualizedServerCallListener.onMessage(Contexts.java:76)
	at io.grpc.ForwardingServerCallListener.onMessage(ForwardingServerCallListener.java:33)
	at io.grpc.Contexts$ContextualizedServerCallListener.onMessage(Contexts.java:76)
	at io.grpc.internal.ServerCallImpl$ServerStreamListenerImpl.messagesAvailableInternal(ServerCallImpl.java:334)
	at io.grpc.internal.ServerCallImpl$ServerStreamListenerImpl.messagesAvailable(ServerCallImpl.java:319)
	at io.grpc.internal.ServerImpl$JumpToApplicationThreadServerStreamListener$1MessagesAvailable.runInContext(ServerImpl.java:852)
	at io.grpc.internal.ContextRunnable.run(ContextRunnable.java:37)
	at io.grpc.internal.SerializingExecutor.run(SerializingExecutor.java:133)
	at java.base/java.util.concurrent.ThreadPoolExecutor.runWorker(ThreadPoolExecutor.java:1144)
	at java.base/java.util.concurrent.ThreadPoolExecutor$Worker.run(ThreadPoolExecutor.java:642)
	at java.base/java.lang.Thread.run(Thread.java:1583)

 {"metadata":{"emulator":{"name":"firestore"},"message":"Sept 03, 2026 11:33:54 AM com.google.cloud.datastore.emulator.impl.util.WrappedStreamObserver onError\r\nWARNING: Operation failed: \nfalse for 'create' @ L96, evaluation error at L108:24 for 'update' @ L108, false for 'create' @ L96\r\ncom.google.cloud.datastore.core.exception.DatastoreException: \nfalse for 'create' @ L96, evaluation error at L108:24 for 'update' @ L108, false for 'create' @ L96\r\n\tat com.google.cloud.datastore.core.exception.DatastoreException$Builder.build(DatastoreException.java:152)\r\n\tat com.google.cloud.datastore.emulator.impl.rules.DefaultEmulatorRulesAuthorizer.verboseError(DefaultEmulatorRulesAuthorizer.java:349)\r\n\tat com.google.cloud.datastore.emulator.impl.rules.DefaultEmulatorRulesAuthorizer.withVerboseErrors(DefaultEmulatorRulesAuthorizer.java:326)\r\n\tat com.google.cloud.datastore.emulator.impl.rules.DefaultEmulatorRulesAuthorizer.checkCommit(DefaultEmulatorRulesAuthorizer.java:113)\r\n\tat com.google.cloud.datastore.emulator.impl.firestore.FirestoreEmulatorHelper.commitHelper(FirestoreEmulatorHelper.java:407)\r\n\tat com.google.cloud.datastore.emulator.impl.firestore.FirestoreEmulatorHelper.internalCommit(FirestoreEmulatorHelper.java:348)\r\n\tat com.google.cloud.datastore.emulator.impl.firestore.CloudFirestoreV1.internalCommit(CloudFirestoreV1.java:1336)\r\n\tat com.google.cloud.datastore.emulator.impl.firestore.CloudFirestoreV1.write(CloudFirestoreV1.java:1321)\r\n\tat com.google.cloud.datastore.emulator.impl.firestore.CloudFirestoreV1WriteStream.handleRequest(CloudFirestoreV1WriteStream.java:222)\r\n\tat com.google.cloud.datastore.emulator.impl.firestore.CloudFirestoreV1WriteStream.write(CloudFirestoreV1WriteStream.java:144)\r\n\tat com.google.cloud.datastore.emulator.impl.firestore.CloudFirestoreV1WriteStream.onNext(CloudFirestoreV1WriteStream.java:99)\r\n\tat com.google.cloud.datastore.emulator.impl.firestore.CloudFirestoreV1WriteStream.onNext(CloudFirestoreV1WriteStream.java:27)\r\n\tat io.grpc.stub.ServerCalls$StreamingServerCallHandler$StreamingServerCallListener.onMessage(ServerCalls.java:262)\r\n\tat io.grpc.ForwardingServerCallListener.onMessage(ForwardingServerCallListener.java:33)\r\n\tat io.grpc.Contexts$ContextualizedServerCallListener.onMessage(Contexts.java:76)\r\n\tat io.grpc.ForwardingServerCallListener.onMessage(ForwardingServerCallListener.java:33)\r\n\tat io.grpc.Contexts$ContextualizedServerCallListener.onMessage(Contexts.java:76)\r\n\tat io.grpc.internal.ServerCallImpl$ServerStreamListenerImpl.messagesAvailableInternal(ServerCallImpl.java:334)\r\n\tat io.grpc.internal.ServerCallImpl$ServerStreamListenerImpl.messagesAvailable(ServerCallImpl.java:319)\r\n\tat io.grpc.internal.ServerImpl$JumpToApplicationThreadServerStreamListener$1MessagesAvailable.runInContext(ServerImpl.java:852)\r\n\tat io.grpc.internal.ContextRunnable.run(ContextRunnable.java:37)\r\n\tat io.grpc.internal.SerializingExecutor.run(SerializingExecutor.java:133)\r\n\tat java.base/java.util.concurrent.ThreadPoolExecutor.runWorker(ThreadPoolExecutor.java:1144)\r\n\tat java.base/java.util.concurrent.ThreadPoolExecutor$Worker.run(ThreadPoolExecutor.java:642)\r\n\tat java.base/java.lang.Thread.run(Thread.java:1583)\r\n\r\n"}}
[debug] [2026-09-03T06:03:54.238Z] Multiple projectIds are not recommended in single project mode. Requested project ID sih2026-ce822, but the emulator is configured for demo-sih2026. To opt-out of single project mode add/set the '"singleProjectMode": false' property in the firebase.json emulators config.
 {"metadata":{"emulator":{"name":"firestore"},"message":"Multiple projectIds are not recommended in single project mode. Requested project ID sih2026-ce822, but the emulator is configured for demo-sih2026. To opt-out of single project mode add/set the '\"singleProjectMode\": false' property in the firebase.json emulators config.\r\n"}}
[debug] [2026-09-03T06:03:54.239Z] Multiple projectIds are not recommended in single project mode. Requested project ID sih2026-ce822, but the emulator is configured for demo-sih2026. To opt-out of single project mode add/set the '"singleProjectMode": false' property in the firebase.json emulators config.
 {"metadata":{"emulator":{"name":"firestore"},"message":"Multiple projectIds are not recommended in single project mode. Requested project ID sih2026-ce822, but the emulator is configured for demo-sih2026. To opt-out of single project mode add/set the '\"singleProjectMode\": false' property in the firebase.json emulators config.\r\n"}}
[debug] [2026-09-03T06:03:54.254Z] Sept 03, 2026 11:33:54 AM com.google.cloud.datastore.emulator.impl.util.WrappedStreamObserver onError
WARNING: Operation failed: 
false for 'create' @ L96, evaluation error at L108:24 for 'update' @ L108, false for 'create' @ L96
com.google.cloud.datastore.core.exception.DatastoreException: 
false for 'create' @ L96, evaluation error at L108:24 for 'update' @ L108, false for 'create' @ L96
	at com.google.cloud.datastore.core.exception.DatastoreException$Builder.build(DatastoreException.java:152)
	at com.google.cloud.datastore.emulator.impl.rules.DefaultEmulatorRulesAuthorizer.verboseError(DefaultEmulatorRulesAuthorizer.java:349)
	at com.google.cloud.datastore.emulator.impl.rules.DefaultEmulatorRulesAuthorizer.withVerboseErrors(DefaultEmulatorRulesAuthorizer.java:326)
	at com.google.cloud.datastore.emulator.impl.rules.DefaultEmulatorRulesAuthorizer.checkCommit(DefaultEmulatorRulesAuthorizer.java:113)
	at com.google.cloud.datastore.emulator.impl.firestore.FirestoreEmulatorHelper.commitHelper(FirestoreEmulatorHelper.java:407)
	at com.google.cloud.datastore.emulator.impl.firestore.FirestoreEmulatorHelper.internalCommit(FirestoreEmulatorHelper.java:348)
	at com.google.cloud.datastore.emulator.impl.firestore.CloudFirestoreV1.internalCommit(CloudFirestoreV1.java:1336)
	at com.google.cloud.datastore.emulator.impl.firestore.CloudFirestoreV1.write(CloudFirestoreV1.java:1321)
	at com.google.cloud.datastore.emulator.impl.firestore.CloudFirestoreV1WriteStream.handleRequest(CloudFirestoreV1WriteStream.java:222)
	at com.google.cloud.datastore.emulator.impl.firestore.CloudFirestoreV1WriteStream.write(CloudFirestoreV1WriteStream.java:144)
	at com.google.cloud.datastore.emulator.impl.firestore.CloudFirestoreV1WriteStream.onNext(CloudFirestoreV1WriteStream.java:99)
	at com.google.cloud.datastore.emulator.impl.firestore.CloudFirestoreV1WriteStream.onNext(CloudFirestoreV1WriteStream.java:27)
	at io.grpc.stub.ServerCalls$StreamingServerCallHandler$StreamingServerCallListener.onMessage(ServerCalls.java:262)
	at io.grpc.ForwardingServerCallListener.onMessage(ForwardingServerCallListener.java:33)
	at io.grpc.Contexts$ContextualizedServerCallListener.onMessage(Contexts.java:76)
	at io.grpc.ForwardingServerCallListener.onMessage(ForwardingServerCallListener.java:33)
	at io.grpc.Contexts$ContextualizedServerCallListener.onMessage(Contexts.java:76)
	at io.grpc.internal.ServerCallImpl$ServerStreamListenerImpl.messagesAvailableInternal(ServerCallImpl.java:334)
	at io.grpc.internal.ServerCallImpl$ServerStreamListenerImpl.messagesAvailable(ServerCallImpl.java:319)
	at io.grpc.internal.ServerImpl$JumpToApplicationThreadServerStreamListener$1MessagesAvailable.runInContext(ServerImpl.java:852)
	at io.grpc.internal.ContextRunnable.run(ContextRunnable.java:37)
	at io.grpc.internal.SerializingExecutor.run(SerializingExecutor.java:133)
	at java.base/java.util.concurrent.ThreadPoolExecutor.runWorker(ThreadPoolExecutor.java:1144)
	at java.base/java.util.concurrent.ThreadPoolExecutor$Worker.run(ThreadPoolExecutor.java:642)
	at java.base/java.lang.Thread.run(Thread.java:1583)

 {"metadata":{"emulator":{"name":"firestore"},"message":"Sept 03, 2026 11:33:54 AM com.google.cloud.datastore.emulator.impl.util.WrappedStreamObserver onError\r\nWARNING: Operation failed: \nfalse for 'create' @ L96, evaluation error at L108:24 for 'update' @ L108, false for 'create' @ L96\r\ncom.google.cloud.datastore.core.exception.DatastoreException: \nfalse for 'create' @ L96, evaluation error at L108:24 for 'update' @ L108, false for 'create' @ L96\r\n\tat com.google.cloud.datastore.core.exception.DatastoreException$Builder.build(DatastoreException.java:152)\r\n\tat com.google.cloud.datastore.emulator.impl.rules.DefaultEmulatorRulesAuthorizer.verboseError(DefaultEmulatorRulesAuthorizer.java:349)\r\n\tat com.google.cloud.datastore.emulator.impl.rules.DefaultEmulatorRulesAuthorizer.withVerboseErrors(DefaultEmulatorRulesAuthorizer.java:326)\r\n\tat com.google.cloud.datastore.emulator.impl.rules.DefaultEmulatorRulesAuthorizer.checkCommit(DefaultEmulatorRulesAuthorizer.java:113)\r\n\tat com.google.cloud.datastore.emulator.impl.firestore.FirestoreEmulatorHelper.commitHelper(FirestoreEmulatorHelper.java:407)\r\n\tat com.google.cloud.datastore.emulator.impl.firestore.FirestoreEmulatorHelper.internalCommit(FirestoreEmulatorHelper.java:348)\r\n\tat com.google.cloud.datastore.emulator.impl.firestore.CloudFirestoreV1.internalCommit(CloudFirestoreV1.java:1336)\r\n\tat com.google.cloud.datastore.emulator.impl.firestore.CloudFirestoreV1.write(CloudFirestoreV1.java:1321)\r\n\tat com.google.cloud.datastore.emulator.impl.firestore.CloudFirestoreV1WriteStream.handleRequest(CloudFirestoreV1WriteStream.java:222)\r\n\tat com.google.cloud.datastore.emulator.impl.firestore.CloudFirestoreV1WriteStream.write(CloudFirestoreV1WriteStream.java:144)\r\n\tat com.google.cloud.datastore.emulator.impl.firestore.CloudFirestoreV1WriteStream.onNext(CloudFirestoreV1WriteStream.java:99)\r\n\tat com.google.cloud.datastore.emulator.impl.firestore.CloudFirestoreV1WriteStream.onNext(CloudFirestoreV1WriteStream.java:27)\r\n\tat io.grpc.stub.ServerCalls$StreamingServerCallHandler$StreamingServerCallListener.onMessage(ServerCalls.java:262)\r\n\tat io.grpc.ForwardingServerCallListener.onMessage(ForwardingServerCallListener.java:33)\r\n\tat io.grpc.Contexts$ContextualizedServerCallListener.onMessage(Contexts.java:76)\r\n\tat io.grpc.ForwardingServerCallListener.onMessage(ForwardingServerCallListener.java:33)\r\n\tat io.grpc.Contexts$ContextualizedServerCallListener.onMessage(Contexts.java:76)\r\n\tat io.grpc.internal.ServerCallImpl$ServerStreamListenerImpl.messagesAvailableInternal(ServerCallImpl.java:334)\r\n\tat io.grpc.internal.ServerCallImpl$ServerStreamListenerImpl.messagesAvailable(ServerCallImpl.java:319)\r\n\tat io.grpc.internal.ServerImpl$JumpToApplicationThreadServerStreamListener$1MessagesAvailable.runInContext(ServerImpl.java:852)\r\n\tat io.grpc.internal.ContextRunnable.run(ContextRunnable.java:37)\r\n\tat io.grpc.internal.SerializingExecutor.run(SerializingExecutor.java:133)\r\n\tat java.base/java.util.concurrent.ThreadPoolExecutor.runWorker(ThreadPoolExecutor.java:1144)\r\n\tat java.base/java.util.concurrent.ThreadPoolExecutor$Worker.run(ThreadPoolExecutor.java:642)\r\n\tat java.base/java.lang.Thread.run(Thread.java:1583)\r\n\r\n"}}
[debug] [2026-09-03T06:03:54.276Z] Multiple projectIds are not recommended in single project mode. Requested project ID sih2026-ce822, but the emulator is configured for demo-sih2026. To opt-out of single project mode add/set the '"singleProjectMode": false' property in the firebase.json emulators config.
Multiple projectIds are not recommended in single project mode. Requested project ID sih2026-ce822, but the emulator is configured for demo-sih2026. To opt-out of single project mode add/set the '"singleProjectMode": false' property in the firebase.json emulators config.
 {"metadata":{"emulator":{"name":"firestore"},"message":"Multiple projectIds are not recommended in single project mode. Requested project ID sih2026-ce822, but the emulator is configured for demo-sih2026. To opt-out of single project mode add/set the '\"singleProjectMode\": false' property in the firebase.json emulators config.\r\nMultiple projectIds are not recommended in single project mode. Requested project ID sih2026-ce822, but the emulator is configured for demo-sih2026. To opt-out of single project mode add/set the '\"singleProjectMode\": false' property in the firebase.json emulators config.\r\n"}}
[debug] [2026-09-03T06:03:54.285Z] Sept 03, 2026 11:33:54 AM com.google.cloud.datastore.emulator.impl.util.WrappedStreamObserver onError
WARNING: Operation failed: 
false for 'create' @ L96, false for 'update' @ L108
com.google.cloud.datastore.core.exception.DatastoreException: 
false for 'create' @ L96, false for 'update' @ L108
	at com.google.cloud.datastore.core.exception.DatastoreException$Builder.build(DatastoreException.java:152)
	at com.google.cloud.datastore.emulator.impl.rules.DefaultEmulatorRulesAuthorizer.verboseError(DefaultEmulatorRulesAuthorizer.java:349)
	at com.google.cloud.datastore.emulator.impl.rules.DefaultEmulatorRulesAuthorizer.withVerboseErrors(DefaultEmulatorRulesAuthorizer.java:326)
	at com.google.cloud.datastore.emulator.impl.rules.DefaultEmulatorRulesAuthorizer.checkCommit(DefaultEmulatorRulesAuthorizer.java:113)
	at com.google.cloud.datastore.emulator.impl.firestore.FirestoreEmulatorHelper.commitHelper(FirestoreEmulatorHelper.java:407)
	at com.google.cloud.datastore.emulator.impl.firestore.FirestoreEmulatorHelper.internalCommit(FirestoreEmulatorHelper.java:348)
	at com.google.cloud.datastore.emulator.impl.firestore.CloudFirestoreV1.internalCommit(CloudFirestoreV1.java:1336)
	at com.google.cloud.datastore.emulator.impl.firestore.CloudFirestoreV1.write(CloudFirestoreV1.java:1321)
	at com.google.cloud.datastore.emulator.impl.firestore.CloudFirestoreV1WriteStream.handleRequest(CloudFirestoreV1WriteStream.java:222)
	at com.google.cloud.datastore.emulator.impl.firestore.CloudFirestoreV1WriteStream.write(CloudFirestoreV1WriteStream.java:144)
	at com.google.cloud.datastore.emulator.impl.firestore.CloudFirestoreV1WriteStream.onNext(CloudFirestoreV1WriteStream.java:99)
	at com.google.cloud.datastore.emulator.impl.firestore.CloudFirestoreV1WriteStream.onNext(CloudFirestoreV1WriteStream.java:27)
	at io.grpc.stub.ServerCalls$StreamingServerCallHandler$StreamingServerCallListener.onMessage(ServerCalls.java:262)
	at io.grpc.ForwardingServerCallListener.onMessage(ForwardingServerCallListener.java:33)
	at io.grpc.Contexts$ContextualizedServerCallListener.onMessage(Contexts.java:76)
	at io.grpc.ForwardingServerCallListener.onMessage(ForwardingServerCallListener.java:33)
	at io.grpc.Contexts$ContextualizedServerCallListener.onMessage(Contexts.java:76)
	at io.grpc.internal.ServerCallImpl$ServerStreamListenerImpl.messagesAvailableInternal(ServerCallImpl.java:334)
	at io.grpc.internal.ServerCallImpl$ServerStreamListenerImpl.messagesAvailable(ServerCallImpl.java:319)
	at io.grpc.internal.ServerImpl$JumpToApplicationThreadServerStreamListener$1MessagesAvailable.runInContext(ServerImpl.java:852)
	at io.grpc.internal.ContextRunnable.run(ContextRunnable.java:37)
	at io.grpc.internal.SerializingExecutor.run(SerializingExecutor.java:133)
	at java.base/java.util.concurrent.ThreadPoolExecutor.runWorker(ThreadPoolExecutor.java:1144)
	at java.base/java.util.concurrent.ThreadPoolExecutor$Worker.run(ThreadPoolExecutor.java:642)
	at java.base/java.lang.Thread.run(Thread.java:1583)

 {"metadata":{"emulator":{"name":"firestore"},"message":"Sept 03, 2026 11:33:54 AM com.google.cloud.datastore.emulator.impl.util.WrappedStreamObserver onError\r\nWARNING: Operation failed: \nfalse for 'create' @ L96, false for 'update' @ L108\r\ncom.google.cloud.datastore.core.exception.DatastoreException: \nfalse for 'create' @ L96, false for 'update' @ L108\r\n\tat com.google.cloud.datastore.core.exception.DatastoreException$Builder.build(DatastoreException.java:152)\r\n\tat com.google.cloud.datastore.emulator.impl.rules.DefaultEmulatorRulesAuthorizer.verboseError(DefaultEmulatorRulesAuthorizer.java:349)\r\n\tat com.google.cloud.datastore.emulator.impl.rules.DefaultEmulatorRulesAuthorizer.withVerboseErrors(DefaultEmulatorRulesAuthorizer.java:326)\r\n\tat com.google.cloud.datastore.emulator.impl.rules.DefaultEmulatorRulesAuthorizer.checkCommit(DefaultEmulatorRulesAuthorizer.java:113)\r\n\tat com.google.cloud.datastore.emulator.impl.firestore.FirestoreEmulatorHelper.commitHelper(FirestoreEmulatorHelper.java:407)\r\n\tat com.google.cloud.datastore.emulator.impl.firestore.FirestoreEmulatorHelper.internalCommit(FirestoreEmulatorHelper.java:348)\r\n\tat com.google.cloud.datastore.emulator.impl.firestore.CloudFirestoreV1.internalCommit(CloudFirestoreV1.java:1336)\r\n\tat com.google.cloud.datastore.emulator.impl.firestore.CloudFirestoreV1.write(CloudFirestoreV1.java:1321)\r\n\tat com.google.cloud.datastore.emulator.impl.firestore.CloudFirestoreV1WriteStream.handleRequest(CloudFirestoreV1WriteStream.java:222)\r\n\tat com.google.cloud.datastore.emulator.impl.firestore.CloudFirestoreV1WriteStream.write(CloudFirestoreV1WriteStream.java:144)\r\n\tat com.google.cloud.datastore.emulator.impl.firestore.CloudFirestoreV1WriteStream.onNext(CloudFirestoreV1WriteStream.java:99)\r\n\tat com.google.cloud.datastore.emulator.impl.firestore.CloudFirestoreV1WriteStream.onNext(CloudFirestoreV1WriteStream.java:27)\r\n\tat io.grpc.stub.ServerCalls$StreamingServerCallHandler$StreamingServerCallListener.onMessage(ServerCalls.java:262)\r\n\tat io.grpc.ForwardingServerCallListener.onMessage(ForwardingServerCallListener.java:33)\r\n\tat io.grpc.Contexts$ContextualizedServerCallListener.onMessage(Contexts.java:76)\r\n\tat io.grpc.ForwardingServerCallListener.onMessage(ForwardingServerCallListener.java:33)\r\n\tat io.grpc.Contexts$ContextualizedServerCallListener.onMessage(Contexts.java:76)\r\n\tat io.grpc.internal.ServerCallImpl$ServerStreamListenerImpl.messagesAvailableInternal(ServerCallImpl.java:334)\r\n\tat io.grpc.internal.ServerCallImpl$ServerStreamListenerImpl.messagesAvailable(ServerCallImpl.java:319)\r\n\tat io.grpc.internal.ServerImpl$JumpToApplicationThreadServerStreamListener$1MessagesAvailable.runInContext(ServerImpl.java:852)\r\n\tat io.grpc.internal.ContextRunnable.run(ContextRunnable.java:37)\r\n\tat io.grpc.internal.SerializingExecutor.run(SerializingExecutor.java:133)\r\n\tat java.base/java.util.concurrent.ThreadPoolExecutor.runWorker(ThreadPoolExecutor.java:1144)\r\n\tat java.base/java.util.concurrent.ThreadPoolExecutor$Worker.run(ThreadPoolExecutor.java:642)\r\n\tat java.base/java.lang.Thread.run(Thread.java:1583)\r\n\r\n"}}
[debug] [2026-09-03T06:03:54.297Z] Multiple projectIds are not recommended in single project mode. Requested project ID sih2026-ce822, but the emulator is configured for demo-sih2026. To opt-out of single project mode add/set the '"singleProjectMode": false' property in the firebase.json emulators config.
Multiple projectIds are not recommended in single project mode. Requested project ID sih2026-ce822, but the emulator is configured for demo-sih2026. To opt-out of single project mode add/set the '"singleProjectMode": false' property in the firebase.json emulators config.
 {"metadata":{"emulator":{"name":"firestore"},"message":"Multiple projectIds are not recommended in single project mode. Requested project ID sih2026-ce822, but the emulator is configured for demo-sih2026. To opt-out of single project mode add/set the '\"singleProjectMode\": false' property in the firebase.json emulators config.\r\nMultiple projectIds are not recommended in single project mode. Requested project ID sih2026-ce822, but the emulator is configured for demo-sih2026. To opt-out of single project mode add/set the '\"singleProjectMode\": false' property in the firebase.json emulators config.\r\n"}}
[debug] [2026-09-03T06:03:54.313Z] Multiple projectIds are not recommended in single project mode. Requested project ID sih2026-ce822, but the emulator is configured for demo-sih2026. To opt-out of single project mode add/set the '"singleProjectMode": false' property in the firebase.json emulators config.
 {"metadata":{"emulator":{"name":"firestore"},"message":"Multiple projectIds are not recommended in single project mode. Requested project ID sih2026-ce822, but the emulator is configured for demo-sih2026. To opt-out of single project mode add/set the '\"singleProjectMode\": false' property in the firebase.json emulators config.\r\n"}}
[debug] [2026-09-03T06:03:54.313Z] Multiple projectIds are not recommended in single project mode. Requested project ID sih2026-ce822, but the emulator is configured for demo-sih2026. To opt-out of single project mode add/set the '"singleProjectMode": false' property in the firebase.json emulators config.
 {"metadata":{"emulator":{"name":"firestore"},"message":"Multiple projectIds are not recommended in single project mode. Requested project ID sih2026-ce822, but the emulator is configured for demo-sih2026. To opt-out of single project mode add/set the '\"singleProjectMode\": false' property in the firebase.json emulators config.\r\n"}}
[debug] [2026-09-03T06:03:54.336Z] Sept 03, 2026 11:33:54 AM com.google.cloud.datastore.emulator.impl.util.WrappedStreamObserver onError
WARNING: Operation failed: 
evaluation error at L108:24 for 'update' @ L108, false for 'update' @ L108
com.google.cloud.datastore.core.exception.DatastoreException: 
evaluation error at L108:24 for 'update' @ L108, false for 'update' @ L108
	at com.google.cloud.datastore.core.exception.DatastoreException$Builder.build(DatastoreException.java:152)
	at com.google.cloud.datastore.emulator.impl.rules.DefaultEmulatorRulesAuthorizer.verboseError(DefaultEmulatorRulesAuthorizer.java:349)
	at com.google.cloud.datastore.emulator.impl.rules.DefaultEmulatorRulesAuthorizer.withVerboseErrors(DefaultEmulatorRulesAuthorizer.java:326)
	at com.google.cloud.datastore.emulator.impl.rules.DefaultEmulatorRulesAuthorizer.checkCommit(DefaultEmulatorRulesAuthorizer.java:113)
	at com.google.cloud.datastore.emulator.impl.firestore.FirestoreEmulatorHelper.commitHelper(FirestoreEmulatorHelper.java:407)
	at com.google.cloud.datastore.emulator.impl.firestore.FirestoreEmulatorHelper.internalCommit(FirestoreEmulatorHelper.java:348)
	at com.google.cloud.datastore.emulator.impl.firestore.CloudFirestoreV1.internalCommit(CloudFirestoreV1.java:1336)
	at com.google.cloud.datastore.emulator.impl.firestore.CloudFirestoreV1.write(CloudFirestoreV1.java:1321)
	at com.google.cloud.datastore.emulator.impl.firestore.CloudFirestoreV1WriteStream.handleRequest(CloudFirestoreV1WriteStream.java:222)
	at com.google.cloud.datastore.emulator.impl.firestore.CloudFirestoreV1WriteStream.write(CloudFirestoreV1WriteStream.java:144)
	at com.google.cloud.datastore.emulator.impl.firestore.CloudFirestoreV1WriteStream.onNext(CloudFirestoreV1WriteStream.java:99)
	at com.google.cloud.datastore.emulator.impl.firestore.CloudFirestoreV1WriteStream.onNext(CloudFirestoreV1WriteStream.java:27)
	at io.grpc.stub.ServerCalls$StreamingServerCallHandler$StreamingServerCallListener.onMessage(ServerCalls.java:262)
	at io.grpc.ForwardingServerCallListener.onMessage(ForwardingServerCallListener.java:33)
	at io.grpc.Contexts$ContextualizedServerCallListener.onMessage(Contexts.java:76)
	at io.grpc.ForwardingServerCallListener.onMessage(ForwardingServerCallListener.java:33)
	at io.grpc.Contexts$ContextualizedServerCallListener.onMessage(Contexts.java:76)
	at io.grpc.internal.ServerCallImpl$ServerStreamListenerImpl.messagesAvailableInternal(ServerCallImpl.java:334)
	at io.grpc.internal.ServerCallImpl$ServerStreamListenerImpl.messagesAvailable(ServerCallImpl.java:319)
	at io.grpc.internal.ServerImpl$JumpToApplicationThreadServerStreamListener$1MessagesAvailable.runInContext(ServerImpl.java:852)
	at io.grpc.internal.ContextRunnable.run(ContextRunnable.java:37)
	at io.grpc.internal.SerializingExecutor.run(SerializingExecutor.java:133)
	at java.base/java.util.concurrent.ThreadPoolExecutor.runWorker(ThreadPoolExecutor.java:1144)
	at java.base/java.util.concurrent.ThreadPoolExecutor$Worker.run(ThreadPoolExecutor.java:642)
	at java.base/java.lang.Thread.run(Thread.java:1583)

 {"metadata":{"emulator":{"name":"firestore"},"message":"Sept 03, 2026 11:33:54 AM com.google.cloud.datastore.emulator.impl.util.WrappedStreamObserver onError\r\nWARNING: Operation failed: \nevaluation error at L108:24 for 'update' @ L108, false for 'update' @ L108\r\ncom.google.cloud.datastore.core.exception.DatastoreException: \nevaluation error at L108:24 for 'update' @ L108, false for 'update' @ L108\r\n\tat com.google.cloud.datastore.core.exception.DatastoreException$Builder.build(DatastoreException.java:152)\r\n\tat com.google.cloud.datastore.emulator.impl.rules.DefaultEmulatorRulesAuthorizer.verboseError(DefaultEmulatorRulesAuthorizer.java:349)\r\n\tat com.google.cloud.datastore.emulator.impl.rules.DefaultEmulatorRulesAuthorizer.withVerboseErrors(DefaultEmulatorRulesAuthorizer.java:326)\r\n\tat com.google.cloud.datastore.emulator.impl.rules.DefaultEmulatorRulesAuthorizer.checkCommit(DefaultEmulatorRulesAuthorizer.java:113)\r\n\tat com.google.cloud.datastore.emulator.impl.firestore.FirestoreEmulatorHelper.commitHelper(FirestoreEmulatorHelper.java:407)\r\n\tat com.google.cloud.datastore.emulator.impl.firestore.FirestoreEmulatorHelper.internalCommit(FirestoreEmulatorHelper.java:348)\r\n\tat com.google.cloud.datastore.emulator.impl.firestore.CloudFirestoreV1.internalCommit(CloudFirestoreV1.java:1336)\r\n\tat com.google.cloud.datastore.emulator.impl.firestore.CloudFirestoreV1.write(CloudFirestoreV1.java:1321)\r\n\tat com.google.cloud.datastore.emulator.impl.firestore.CloudFirestoreV1WriteStream.handleRequest(CloudFirestoreV1WriteStream.java:222)\r\n\tat com.google.cloud.datastore.emulator.impl.firestore.CloudFirestoreV1WriteStream.write(CloudFirestoreV1WriteStream.java:144)\r\n\tat com.google.cloud.datastore.emulator.impl.firestore.CloudFirestoreV1WriteStream.onNext(CloudFirestoreV1WriteStream.java:99)\r\n\tat com.google.cloud.datastore.emulator.impl.firestore.CloudFirestoreV1WriteStream.onNext(CloudFirestoreV1WriteStream.java:27)\r\n\tat io.grpc.stub.ServerCalls$StreamingServerCallHandler$StreamingServerCallListener.onMessage(ServerCalls.java:262)\r\n\tat io.grpc.ForwardingServerCallListener.onMessage(ForwardingServerCallListener.java:33)\r\n\tat io.grpc.Contexts$ContextualizedServerCallListener.onMessage(Contexts.java:76)\r\n\tat io.grpc.ForwardingServerCallListener.onMessage(ForwardingServerCallListener.java:33)\r\n\tat io.grpc.Contexts$ContextualizedServerCallListener.onMessage(Contexts.java:76)\r\n\tat io.grpc.internal.ServerCallImpl$ServerStreamListenerImpl.messagesAvailableInternal(ServerCallImpl.java:334)\r\n\tat io.grpc.internal.ServerCallImpl$ServerStreamListenerImpl.messagesAvailable(ServerCallImpl.java:319)\r\n\tat io.grpc.internal.ServerImpl$JumpToApplicationThreadServerStreamListener$1MessagesAvailable.runInContext(ServerImpl.java:852)\r\n\tat io.grpc.internal.ContextRunnable.run(ContextRunnable.java:37)\r\n\tat io.grpc.internal.SerializingExecutor.run(SerializingExecutor.java:133)\r\n\tat java.base/java.util.concurrent.ThreadPoolExecutor.runWorker(ThreadPoolExecutor.java:1144)\r\n\tat java.base/java.util.concurrent.ThreadPoolExecutor$Worker.run(ThreadPoolExecutor.java:642)\r\n\tat java.base/java.lang.Thread.run(Thread.java:1583)\r\n\r\n"}}
[debug] [2026-09-03T06:03:54.349Z] Multiple projectIds are not recommended in single project mode. Requested project ID sih2026-ce822, but the emulator is configured for demo-sih2026. To opt-out of single project mode add/set the '"singleProjectMode": false' property in the firebase.json emulators config.
 {"metadata":{"emulator":{"name":"firestore"},"message":"Multiple projectIds are not recommended in single project mode. Requested project ID sih2026-ce822, but the emulator is configured for demo-sih2026. To opt-out of single project mode add/set the '\"singleProjectMode\": false' property in the firebase.json emulators config.\r\n"}}
[debug] [2026-09-03T06:03:54.349Z] Multiple projectIds are not recommended in single project mode. Requested project ID sih2026-ce822, but the emulator is configured for demo-sih2026. To opt-out of single project mode add/set the '"singleProjectMode": false' property in the firebase.json emulators config.
 {"metadata":{"emulator":{"name":"firestore"},"message":"Multiple projectIds are not recommended in single project mode. Requested project ID sih2026-ce822, but the emulator is configured for demo-sih2026. To opt-out of single project mode add/set the '\"singleProjectMode\": false' property in the firebase.json emulators config.\r\n"}}
[debug] [2026-09-03T06:03:54.367Z] Multiple projectIds are not recommended in single project mode. Requested project ID sih2026-ce822, but the emulator is configured for demo-sih2026. To opt-out of single project mode add/set the '"singleProjectMode": false' property in the firebase.json emulators config.
 {"metadata":{"emulator":{"name":"firestore"},"message":"Multiple projectIds are not recommended in single project mode. Requested project ID sih2026-ce822, but the emulator is configured for demo-sih2026. To opt-out of single project mode add/set the '\"singleProjectMode\": false' property in the firebase.json emulators config.\r\n"}}
[debug] [2026-09-03T06:03:54.367Z] Multiple projectIds are not recommended in single project mode. Requested project ID sih2026-ce822, but the emulator is configured for demo-sih2026. To opt-out of single project mode add/set the '"singleProjectMode": false' property in the firebase.json emulators config.
 {"metadata":{"emulator":{"name":"firestore"},"message":"Multiple projectIds are not recommended in single project mode. Requested project ID sih2026-ce822, but the emulator is configured for demo-sih2026. To opt-out of single project mode add/set the '\"singleProjectMode\": false' property in the firebase.json emulators config.\r\n"}}
[debug] [2026-09-03T06:03:54.408Z] Multiple projectIds are not recommended in single project mode. Requested project ID sih2026-ce822, but the emulator is configured for demo-sih2026. To opt-out of single project mode add/set the '"singleProjectMode": false' property in the firebase.json emulators config.
Multiple projectIds are not recommended in single project mode. Requested project ID sih2026-ce822, but the emulator is configured for demo-sih2026. To opt-out of single project mode add/set the '"singleProjectMode": false' property in the firebase.json emulators config.
 {"metadata":{"emulator":{"name":"firestore"},"message":"Multiple projectIds are not recommended in single project mode. Requested project ID sih2026-ce822, but the emulator is configured for demo-sih2026. To opt-out of single project mode add/set the '\"singleProjectMode\": false' property in the firebase.json emulators config.\r\nMultiple projectIds are not recommended in single project mode. Requested project ID sih2026-ce822, but the emulator is configured for demo-sih2026. To opt-out of single project mode add/set the '\"singleProjectMode\": false' property in the firebase.json emulators config.\r\n"}}
[debug] [2026-09-03T06:03:54.425Z] Multiple projectIds are not recommended in single project mode. Requested project ID sih2026-ce822, but the emulator is configured for demo-sih2026. To opt-out of single project mode add/set the '"singleProjectMode": false' property in the firebase.json emulators config.
 {"metadata":{"emulator":{"name":"firestore"},"message":"Multiple projectIds are not recommended in single project mode. Requested project ID sih2026-ce822, but the emulator is configured for demo-sih2026. To opt-out of single project mode add/set the '\"singleProjectMode\": false' property in the firebase.json emulators config.\r\n"}}
[debug] [2026-09-03T06:03:54.425Z] Multiple projectIds are not recommended in single project mode. Requested project ID sih2026-ce822, but the emulator is configured for demo-sih2026. To opt-out of single project mode add/set the '"singleProjectMode": false' property in the firebase.json emulators config.
 {"metadata":{"emulator":{"name":"firestore"},"message":"Multiple projectIds are not recommended in single project mode. Requested project ID sih2026-ce822, but the emulator is configured for demo-sih2026. To opt-out of single project mode add/set the '\"singleProjectMode\": false' property in the firebase.json emulators config.\r\n"}}
[debug] [2026-09-03T06:03:54.440Z] Sept 03, 2026 11:33:54 AM com.google.cloud.datastore.emulator.impl.util.WrappedStreamObserver onError
WARNING: Operation failed: 
evaluation error at L108:24 for 'update' @ L108, false for 'update' @ L108
com.google.cloud.datastore.core.exception.DatastoreException: 
evaluation error at L108:24 for 'update' @ L108, false for 'update' @ L108
	at com.google.cloud.datastore.core.exception.DatastoreException$Builder.build(DatastoreException.java:152)
	at com.google.cloud.datastore.emulator.impl.rules.DefaultEmulatorRulesAuthorizer.verboseError(DefaultEmulatorRulesAuthorizer.java:349)
	at com.google.cloud.datastore.emulator.impl.rules.DefaultEmulatorRulesAuthorizer.withVerboseErrors(DefaultEmulatorRulesAuthorizer.java:326)
	at com.google.cloud.datastore.emulator.impl.rules.DefaultEmulatorRulesAuthorizer.checkCommit(DefaultEmulatorRulesAuthorizer.java:113)
	at com.google.cloud.datastore.emulator.impl.firestore.FirestoreEmulatorHelper.commitHelper(FirestoreEmulatorHelper.java:407)
	at com.google.cloud.datastore.emulator.impl.firestore.FirestoreEmulatorHelper.internalCommit(FirestoreEmulatorHelper.java:348)
	at com.google.cloud.datastore.emulator.impl.firestore.CloudFirestoreV1.internalCommit(CloudFirestoreV1.java:1336)
	at com.google.cloud.datastore.emulator.impl.firestore.CloudFirestoreV1.write(CloudFirestoreV1.java:1321)
	at com.google.cloud.datastore.emulator.impl.firestore.CloudFirestoreV1WriteStream.handleRequest(CloudFirestoreV1WriteStream.java:222)
	at com.google.cloud.datastore.emulator.impl.firestore.CloudFirestoreV1WriteStream.write(CloudFirestoreV1WriteStream.java:144)
	at com.google.cloud.datastore.emulator.impl.firestore.CloudFirestoreV1WriteStream.onNext(CloudFirestoreV1WriteStream.java:99)
	at com.google.cloud.datastore.emulator.impl.firestore.CloudFirestoreV1WriteStream.onNext(CloudFirestoreV1WriteStream.java:27)
	at io.grpc.stub.ServerCalls$StreamingServerCallHandler$StreamingServerCallListener.onMessage(ServerCalls.java:262)
	at io.grpc.ForwardingServerCallListener.onMessage(ForwardingServerCallListener.java:33)
	at io.grpc.Contexts$ContextualizedServerCallListener.onMessage(Contexts.java:76)
	at io.grpc.ForwardingServerCallListener.onMessage(ForwardingServerCallListener.java:33)
	at io.grpc.Contexts$ContextualizedServerCallListener.onMessage(Contexts.java:76)
	at io.grpc.internal.ServerCallImpl$ServerStreamListenerImpl.messagesAvailableInternal(ServerCallImpl.java:334)
	at io.grpc.internal.ServerCallImpl$ServerStreamListenerImpl.messagesAvailable(ServerCallImpl.java:319)
	at io.grpc.internal.ServerImpl$JumpToApplicationThreadServerStreamListener$1MessagesAvailable.runInContext(ServerImpl.java:852)
	at io.grpc.internal.ContextRunnable.run(ContextRunnable.java:37)
	at io.grpc.internal.SerializingExecutor.run(SerializingExecutor.java:133)
	at java.base/java.util.concurrent.ThreadPoolExecutor.runWorker(ThreadPoolExecutor.java:1144)
	at java.base/java.util.concurrent.ThreadPoolExecutor$Worker.run(ThreadPoolExecutor.java:642)
	at java.base/java.lang.Thread.run(Thread.java:1583)

 {"metadata":{"emulator":{"name":"firestore"},"message":"Sept 03, 2026 11:33:54 AM com.google.cloud.datastore.emulator.impl.util.WrappedStreamObserver onError\r\nWARNING: Operation failed: \nevaluation error at L108:24 for 'update' @ L108, false for 'update' @ L108\r\ncom.google.cloud.datastore.core.exception.DatastoreException: \nevaluation error at L108:24 for 'update' @ L108, false for 'update' @ L108\r\n\tat com.google.cloud.datastore.core.exception.DatastoreException$Builder.build(DatastoreException.java:152)\r\n\tat com.google.cloud.datastore.emulator.impl.rules.DefaultEmulatorRulesAuthorizer.verboseError(DefaultEmulatorRulesAuthorizer.java:349)\r\n\tat com.google.cloud.datastore.emulator.impl.rules.DefaultEmulatorRulesAuthorizer.withVerboseErrors(DefaultEmulatorRulesAuthorizer.java:326)\r\n\tat com.google.cloud.datastore.emulator.impl.rules.DefaultEmulatorRulesAuthorizer.checkCommit(DefaultEmulatorRulesAuthorizer.java:113)\r\n\tat com.google.cloud.datastore.emulator.impl.firestore.FirestoreEmulatorHelper.commitHelper(FirestoreEmulatorHelper.java:407)\r\n\tat com.google.cloud.datastore.emulator.impl.firestore.FirestoreEmulatorHelper.internalCommit(FirestoreEmulatorHelper.java:348)\r\n\tat com.google.cloud.datastore.emulator.impl.firestore.CloudFirestoreV1.internalCommit(CloudFirestoreV1.java:1336)\r\n\tat com.google.cloud.datastore.emulator.impl.firestore.CloudFirestoreV1.write(CloudFirestoreV1.java:1321)\r\n\tat com.google.cloud.datastore.emulator.impl.firestore.CloudFirestoreV1WriteStream.handleRequest(CloudFirestoreV1WriteStream.java:222)\r\n\tat com.google.cloud.datastore.emulator.impl.firestore.CloudFirestoreV1WriteStream.write(CloudFirestoreV1WriteStream.java:144)\r\n\tat com.google.cloud.datastore.emulator.impl.firestore.CloudFirestoreV1WriteStream.onNext(CloudFirestoreV1WriteStream.java:99)\r\n\tat com.google.cloud.datastore.emulator.impl.firestore.CloudFirestoreV1WriteStream.onNext(CloudFirestoreV1WriteStream.java:27)\r\n\tat io.grpc.stub.ServerCalls$StreamingServerCallHandler$StreamingServerCallListener.onMessage(ServerCalls.java:262)\r\n\tat io.grpc.ForwardingServerCallListener.onMessage(ForwardingServerCallListener.java:33)\r\n\tat io.grpc.Contexts$ContextualizedServerCallListener.onMessage(Contexts.java:76)\r\n\tat io.grpc.ForwardingServerCallListener.onMessage(ForwardingServerCallListener.java:33)\r\n\tat io.grpc.Contexts$ContextualizedServerCallListener.onMessage(Contexts.java:76)\r\n\tat io.grpc.internal.ServerCallImpl$ServerStreamListenerImpl.messagesAvailableInternal(ServerCallImpl.java:334)\r\n\tat io.grpc.internal.ServerCallImpl$ServerStreamListenerImpl.messagesAvailable(ServerCallImpl.java:319)\r\n\tat io.grpc.internal.ServerImpl$JumpToApplicationThreadServerStreamListener$1MessagesAvailable.runInContext(ServerImpl.java:852)\r\n\tat io.grpc.internal.ContextRunnable.run(ContextRunnable.java:37)\r\n\tat io.grpc.internal.SerializingExecutor.run(SerializingExecutor.java:133)\r\n\tat java.base/java.util.concurrent.ThreadPoolExecutor.runWorker(ThreadPoolExecutor.java:1144)\r\n\tat java.base/java.util.concurrent.ThreadPoolExecutor$Worker.run(ThreadPoolExecutor.java:642)\r\n\tat java.base/java.lang.Thread.run(Thread.java:1583)\r\n\r\n"}}
[debug] [2026-09-03T06:03:54.452Z] Multiple projectIds are not recommended in single project mode. Requested project ID sih2026-ce822, but the emulator is configured for demo-sih2026. To opt-out of single project mode add/set the '"singleProjectMode": false' property in the firebase.json emulators config.
 {"metadata":{"emulator":{"name":"firestore"},"message":"Multiple projectIds are not recommended in single project mode. Requested project ID sih2026-ce822, but the emulator is configured for demo-sih2026. To opt-out of single project mode add/set the '\"singleProjectMode\": false' property in the firebase.json emulators config.\r\n"}}
[debug] [2026-09-03T06:03:54.452Z] Multiple projectIds are not recommended in single project mode. Requested project ID sih2026-ce822, but the emulator is configured for demo-sih2026. To opt-out of single project mode add/set the '"singleProjectMode": false' property in the firebase.json emulators config.
 {"metadata":{"emulator":{"name":"firestore"},"message":"Multiple projectIds are not recommended in single project mode. Requested project ID sih2026-ce822, but the emulator is configured for demo-sih2026. To opt-out of single project mode add/set the '\"singleProjectMode\": false' property in the firebase.json emulators config.\r\n"}}
[debug] [2026-09-03T06:03:54.471Z] Multiple projectIds are not recommended in single project mode. Requested project ID sih2026-ce822, but the emulator is configured for demo-sih2026. To opt-out of single project mode add/set the '"singleProjectMode": false' property in the firebase.json emulators config.
 {"metadata":{"emulator":{"name":"firestore"},"message":"Multiple projectIds are not recommended in single project mode. Requested project ID sih2026-ce822, but the emulator is configured for demo-sih2026. To opt-out of single project mode add/set the '\"singleProjectMode\": false' property in the firebase.json emulators config.\r\n"}}
[debug] [2026-09-03T06:03:54.471Z] Multiple projectIds are not recommended in single project mode. Requested project ID sih2026-ce822, but the emulator is configured for demo-sih2026. To opt-out of single project mode add/set the '"singleProjectMode": false' property in the firebase.json emulators config.
 {"metadata":{"emulator":{"name":"firestore"},"message":"Multiple projectIds are not recommended in single project mode. Requested project ID sih2026-ce822, but the emulator is configured for demo-sih2026. To opt-out of single project mode add/set the '\"singleProjectMode\": false' property in the firebase.json emulators config.\r\n"}}
[debug] [2026-09-03T06:03:54.476Z] Sept 03, 2026 11:33:54 AM com.google.cloud.datastore.emulator.impl.util.WrappedStreamObserver onError
WARNING: Operation failed: 
false for 'delete' @ L114
com.google.cloud.datastore.core.exception.DatastoreException: 
false for 'delete' @ L114
	at com.google.cloud.datastore.core.exception.DatastoreException$Builder.build(DatastoreException.java:152)
	at com.google.cloud.datastore.emulator.impl.rules.DefaultEmulatorRulesAuthorizer.verboseError(DefaultEmulatorRulesAuthorizer.java:349)
	at com.google.cloud.datastore.emulator.impl.rules.DefaultEmulatorRulesAuthorizer.withVerboseErrors(DefaultEmulatorRulesAuthorizer.java:326)
	at com.google.cloud.datastore.emulator.impl.rules.DefaultEmulatorRulesAuthorizer.checkCommit(DefaultEmulatorRulesAuthorizer.java:113)
	at com.google.cloud.datastore.emulator.impl.firestore.FirestoreEmulatorHelper.commitHelper(FirestoreEmulatorHelper.java:407)
	at com.google.cloud.datastore.emulator.impl.firestore.FirestoreEmulatorHelper.internalCommit(FirestoreEmulatorHelper.java:348)
	at com.google.cloud.datastore.emulator.impl.firestore.CloudFirestoreV1.internalCommit(CloudFirestoreV1.java:1336)
	at com.google.cloud.datastore.emulator.impl.firestore.CloudFirestoreV1.write(CloudFirestoreV1.java:1321)
	at com.google.cloud.datastore.emulator.impl.firestore.CloudFirestoreV1WriteStream.handleRequest(CloudFirestoreV1WriteStream.java:222)
	at com.google.cloud.datastore.emulator.impl.firestore.CloudFirestoreV1WriteStream.write(CloudFirestoreV1WriteStream.java:144)
	at com.google.cloud.datastore.emulator.impl.firestore.CloudFirestoreV1WriteStream.onNext(CloudFirestoreV1WriteStream.java:99)
	at com.google.cloud.datastore.emulator.impl.firestore.CloudFirestoreV1WriteStream.onNext(CloudFirestoreV1WriteStream.java:27)
	at io.grpc.stub.ServerCalls$StreamingServerCallHandler$StreamingServerCallListener.onMessage(ServerCalls.java:262)
	at io.grpc.ForwardingServerCallListener.onMessage(ForwardingServerCallListener.java:33)
	at io.grpc.Contexts$ContextualizedServerCallListener.onMessage(Contexts.java:76)
	at io.grpc.ForwardingServerCallListener.onMessage(ForwardingServerCallListener.java:33)
	at io.grpc.Contexts$ContextualizedServerCallListener.onMessage(Contexts.java:76)
	at io.grpc.internal.ServerCallImpl$ServerStreamListenerImpl.messagesAvailableInternal(ServerCallImpl.java:334)
	at io.grpc.internal.ServerCallImpl$ServerStreamListenerImpl.messagesAvailable(ServerCallImpl.java:319)
	at io.grpc.internal.ServerImpl$JumpToApplicationThreadServerStreamListener$1MessagesAvailable.runInContext(ServerImpl.java:852)
	at io.grpc.internal.ContextRunnable.run(ContextRunnable.java:37)
	at io.grpc.internal.SerializingExecutor.run(SerializingExecutor.java:133)
	at java.base/java.util.concurrent.ThreadPoolExecutor.runWorker(ThreadPoolExecutor.java:1144)
	at java.base/java.util.concurrent.ThreadPoolExecutor$Worker.run(ThreadPoolExecutor.java:642)
	at java.base/java.lang.Thread.run(Thread.java:1583)

 {"metadata":{"emulator":{"name":"firestore"},"message":"Sept 03, 2026 11:33:54 AM com.google.cloud.datastore.emulator.impl.util.WrappedStreamObserver onError\r\nWARNING: Operation failed: \nfalse for 'delete' @ L114\r\ncom.google.cloud.datastore.core.exception.DatastoreException: \nfalse for 'delete' @ L114\r\n\tat com.google.cloud.datastore.core.exception.DatastoreException$Builder.build(DatastoreException.java:152)\r\n\tat com.google.cloud.datastore.emulator.impl.rules.DefaultEmulatorRulesAuthorizer.verboseError(DefaultEmulatorRulesAuthorizer.java:349)\r\n\tat com.google.cloud.datastore.emulator.impl.rules.DefaultEmulatorRulesAuthorizer.withVerboseErrors(DefaultEmulatorRulesAuthorizer.java:326)\r\n\tat com.google.cloud.datastore.emulator.impl.rules.DefaultEmulatorRulesAuthorizer.checkCommit(DefaultEmulatorRulesAuthorizer.java:113)\r\n\tat com.google.cloud.datastore.emulator.impl.firestore.FirestoreEmulatorHelper.commitHelper(FirestoreEmulatorHelper.java:407)\r\n\tat com.google.cloud.datastore.emulator.impl.firestore.FirestoreEmulatorHelper.internalCommit(FirestoreEmulatorHelper.java:348)\r\n\tat com.google.cloud.datastore.emulator.impl.firestore.CloudFirestoreV1.internalCommit(CloudFirestoreV1.java:1336)\r\n\tat com.google.cloud.datastore.emulator.impl.firestore.CloudFirestoreV1.write(CloudFirestoreV1.java:1321)\r\n\tat com.google.cloud.datastore.emulator.impl.firestore.CloudFirestoreV1WriteStream.handleRequest(CloudFirestoreV1WriteStream.java:222)\r\n\tat com.google.cloud.datastore.emulator.impl.firestore.CloudFirestoreV1WriteStream.write(CloudFirestoreV1WriteStream.java:144)\r\n\tat com.google.cloud.datastore.emulator.impl.firestore.CloudFirestoreV1WriteStream.onNext(CloudFirestoreV1WriteStream.java:99)\r\n\tat com.google.cloud.datastore.emulator.impl.firestore.CloudFirestoreV1WriteStream.onNext(CloudFirestoreV1WriteStream.java:27)\r\n\tat io.grpc.stub.ServerCalls$StreamingServerCallHandler$StreamingServerCallListener.onMessage(ServerCalls.java:262)\r\n\tat io.grpc.ForwardingServerCallListener.onMessage(ForwardingServerCallListener.java:33)\r\n\tat io.grpc.Contexts$ContextualizedServerCallListener.onMessage(Contexts.java:76)\r\n\tat io.grpc.ForwardingServerCallListener.onMessage(ForwardingServerCallListener.java:33)\r\n\tat io.grpc.Contexts$ContextualizedServerCallListener.onMessage(Contexts.java:76)\r\n\tat io.grpc.internal.ServerCallImpl$ServerStreamListenerImpl.messagesAvailableInternal(ServerCallImpl.java:334)\r\n\tat io.grpc.internal.ServerCallImpl$ServerStreamListenerImpl.messagesAvailable(ServerCallImpl.java:319)\r\n\tat io.grpc.internal.ServerImpl$JumpToApplicationThreadServerStreamListener$1MessagesAvailable.runInContext(ServerImpl.java:852)\r\n\tat io.grpc.internal.ContextRunnable.run(ContextRunnable.java:37)\r\n\tat io.grpc.internal.SerializingExecutor.run(SerializingExecutor.java:133)\r\n\tat java.base/java.util.concurrent.ThreadPoolExecutor.runWorker(ThreadPoolExecutor.java:1144)\r\n\tat java.base/java.util.concurrent.ThreadPoolExecutor$Worker.run(ThreadPoolExecutor.java:642)\r\n\tat java.base/java.lang.Thread.run(Thread.java:1583)\r\n\r\n"}}
[debug] [2026-09-03T06:03:54.487Z] Multiple projectIds are not recommended in single project mode. Requested project ID sih2026-ce822, but the emulator is configured for demo-sih2026. To opt-out of single project mode add/set the '"singleProjectMode": false' property in the firebase.json emulators config.
 {"metadata":{"emulator":{"name":"firestore"},"message":"Multiple projectIds are not recommended in single project mode. Requested project ID sih2026-ce822, but the emulator is configured for demo-sih2026. To opt-out of single project mode add/set the '\"singleProjectMode\": false' property in the firebase.json emulators config.\r\n"}}
[debug] [2026-09-03T06:03:54.488Z] Multiple projectIds are not recommended in single project mode. Requested project ID sih2026-ce822, but the emulator is configured for demo-sih2026. To opt-out of single project mode add/set the '"singleProjectMode": false' property in the firebase.json emulators config.
 {"metadata":{"emulator":{"name":"firestore"},"message":"Multiple projectIds are not recommended in single project mode. Requested project ID sih2026-ce822, but the emulator is configured for demo-sih2026. To opt-out of single project mode add/set the '\"singleProjectMode\": false' property in the firebase.json emulators config.\r\n"}}
[debug] [2026-09-03T06:03:54.494Z] Sept 03, 2026 11:33:54 AM com.google.cloud.datastore.emulator.impl.util.WrappedStreamObserver onError
WARNING: Operation failed: 
false for 'delete' @ L114
com.google.cloud.datastore.core.exception.DatastoreException: 
false for 'delete' @ L114
	at com.google.cloud.datastore.core.exception.DatastoreException$Builder.build(DatastoreException.java:152)
	at com.google.cloud.datastore.emulator.impl.rules.DefaultEmulatorRulesAuthorizer.verboseError(DefaultEmulatorRulesAuthorizer.java:349)
	at com.google.cloud.datastore.emulator.impl.rules.DefaultEmulatorRulesAuthorizer.withVerboseErrors(DefaultEmulatorRulesAuthorizer.java:326)
	at com.google.cloud.datastore.emulator.impl.rules.DefaultEmulatorRulesAuthorizer.checkCommit(DefaultEmulatorRulesAuthorizer.java:113)
	at com.google.cloud.datastore.emulator.impl.firestore.FirestoreEmulatorHelper.commitHelper(FirestoreEmulatorHelper.java:407)
	at com.google.cloud.datastore.emulator.impl.firestore.FirestoreEmulatorHelper.internalCommit(FirestoreEmulatorHelper.java:348)
	at com.google.cloud.datastore.emulator.impl.firestore.CloudFirestoreV1.internalCommit(CloudFirestoreV1.java:1336)
	at com.google.cloud.datastore.emulator.impl.firestore.CloudFirestoreV1.write(CloudFirestoreV1.java:1321)
	at com.google.cloud.datastore.emulator.impl.firestore.CloudFirestoreV1WriteStream.handleRequest(CloudFirestoreV1WriteStream.java:222)
	at com.google.cloud.datastore.emulator.impl.firestore.CloudFirestoreV1WriteStream.write(CloudFirestoreV1WriteStream.java:144)
	at com.google.cloud.datastore.emulator.impl.firestore.CloudFirestoreV1WriteStream.onNext(CloudFirestoreV1WriteStream.java:99)
	at com.google.cloud.datastore.emulator.impl.firestore.CloudFirestoreV1WriteStream.onNext(CloudFirestoreV1WriteStream.java:27)
	at io.grpc.stub.ServerCalls$StreamingServerCallHandler$StreamingServerCallListener.onMessage(ServerCalls.java:262)
	at io.grpc.ForwardingServerCallListener.onMessage(ForwardingServerCallListener.java:33)
	at io.grpc.Contexts$ContextualizedServerCallListener.onMessage(Contexts.java:76)
	at io.grpc.ForwardingServerCallListener.onMessage(ForwardingServerCallListener.java:33)
	at io.grpc.Contexts$ContextualizedServerCallListener.onMessage(Contexts.java:76)
	at io.grpc.internal.ServerCallImpl$ServerStreamListenerImpl.messagesAvailableInternal(ServerCallImpl.java:334)
	at io.grpc.internal.ServerCallImpl$ServerStreamListenerImpl.messagesAvailable(ServerCallImpl.java:319)
	at io.grpc.internal.ServerImpl$JumpToApplicationThreadServerStreamListener$1MessagesAvailable.runInContext(ServerImpl.java:852)
	at io.grpc.internal.ContextRunnable.run(ContextRunnable.java:37)
	at io.grpc.internal.SerializingExecutor.run(SerializingExecutor.java:133)
	at java.base/java.util.concurrent.ThreadPoolExecutor.runWorker(ThreadPoolExecutor.java:1144)
	at java.base/java.util.concurrent.ThreadPoolExecutor$Worker.run(ThreadPoolExecutor.java:642)
	at java.base/java.lang.Thread.run(Thread.java:1583)

 {"metadata":{"emulator":{"name":"firestore"},"message":"Sept 03, 2026 11:33:54 AM com.google.cloud.datastore.emulator.impl.util.WrappedStreamObserver onError\r\nWARNING: Operation failed: \nfalse for 'delete' @ L114\r\ncom.google.cloud.datastore.core.exception.DatastoreException: \nfalse for 'delete' @ L114\r\n\tat com.google.cloud.datastore.core.exception.DatastoreException$Builder.build(DatastoreException.java:152)\r\n\tat com.google.cloud.datastore.emulator.impl.rules.DefaultEmulatorRulesAuthorizer.verboseError(DefaultEmulatorRulesAuthorizer.java:349)\r\n\tat com.google.cloud.datastore.emulator.impl.rules.DefaultEmulatorRulesAuthorizer.withVerboseErrors(DefaultEmulatorRulesAuthorizer.java:326)\r\n\tat com.google.cloud.datastore.emulator.impl.rules.DefaultEmulatorRulesAuthorizer.checkCommit(DefaultEmulatorRulesAuthorizer.java:113)\r\n\tat com.google.cloud.datastore.emulator.impl.firestore.FirestoreEmulatorHelper.commitHelper(FirestoreEmulatorHelper.java:407)\r\n\tat com.google.cloud.datastore.emulator.impl.firestore.FirestoreEmulatorHelper.internalCommit(FirestoreEmulatorHelper.java:348)\r\n\tat com.google.cloud.datastore.emulator.impl.firestore.CloudFirestoreV1.internalCommit(CloudFirestoreV1.java:1336)\r\n\tat com.google.cloud.datastore.emulator.impl.firestore.CloudFirestoreV1.write(CloudFirestoreV1.java:1321)\r\n\tat com.google.cloud.datastore.emulator.impl.firestore.CloudFirestoreV1WriteStream.handleRequest(CloudFirestoreV1WriteStream.java:222)\r\n\tat com.google.cloud.datastore.emulator.impl.firestore.CloudFirestoreV1WriteStream.write(CloudFirestoreV1WriteStream.java:144)\r\n\tat com.google.cloud.datastore.emulator.impl.firestore.CloudFirestoreV1WriteStream.onNext(CloudFirestoreV1WriteStream.java:99)\r\n\tat com.google.cloud.datastore.emulator.impl.firestore.CloudFirestoreV1WriteStream.onNext(CloudFirestoreV1WriteStream.java:27)\r\n\tat io.grpc.stub.ServerCalls$StreamingServerCallHandler$StreamingServerCallListener.onMessage(ServerCalls.java:262)\r\n\tat io.grpc.ForwardingServerCallListener.onMessage(ForwardingServerCallListener.java:33)\r\n\tat io.grpc.Contexts$ContextualizedServerCallListener.onMessage(Contexts.java:76)\r\n\tat io.grpc.ForwardingServerCallListener.onMessage(ForwardingServerCallListener.java:33)\r\n\tat io.grpc.Contexts$ContextualizedServerCallListener.onMessage(Contexts.java:76)\r\n\tat io.grpc.internal.ServerCallImpl$ServerStreamListenerImpl.messagesAvailableInternal(ServerCallImpl.java:334)\r\n\tat io.grpc.internal.ServerCallImpl$ServerStreamListenerImpl.messagesAvailable(ServerCallImpl.java:319)\r\n\tat io.grpc.internal.ServerImpl$JumpToApplicationThreadServerStreamListener$1MessagesAvailable.runInContext(ServerImpl.java:852)\r\n\tat io.grpc.internal.ContextRunnable.run(ContextRunnable.java:37)\r\n\tat io.grpc.internal.SerializingExecutor.run(SerializingExecutor.java:133)\r\n\tat java.base/java.util.concurrent.ThreadPoolExecutor.runWorker(ThreadPoolExecutor.java:1144)\r\n\tat java.base/java.util.concurrent.ThreadPoolExecutor$Worker.run(ThreadPoolExecutor.java:642)\r\n\tat java.base/java.lang.Thread.run(Thread.java:1583)\r\n\r\n"}}
[debug] [2026-09-03T06:03:54.509Z] Multiple projectIds are not recommended in single project mode. Requested project ID sih2026-ce822, but the emulator is configured for demo-sih2026. To opt-out of single project mode add/set the '"singleProjectMode": false' property in the firebase.json emulators config.
Multiple projectIds are not recommended in single project mode. Requested project ID sih2026-ce822, but the emulator is configured for demo-sih2026. To opt-out of single project mode add/set the '"singleProjectMode": false' property in the firebase.json emulators config.
 {"metadata":{"emulator":{"name":"firestore"},"message":"Multiple projectIds are not recommended in single project mode. Requested project ID sih2026-ce822, but the emulator is configured for demo-sih2026. To opt-out of single project mode add/set the '\"singleProjectMode\": false' property in the firebase.json emulators config.\r\nMultiple projectIds are not recommended in single project mode. Requested project ID sih2026-ce822, but the emulator is configured for demo-sih2026. To opt-out of single project mode add/set the '\"singleProjectMode\": false' property in the firebase.json emulators config.\r\n"}}
[debug] [2026-09-03T06:03:54.514Z] Sept 03, 2026 11:33:54 AM com.google.cloud.datastore.emulator.impl.util.WrappedStreamObserver onError
WARNING: Operation failed: 
false for 'delete' @ L114
com.google.cloud.datastore.core.exception.DatastoreException: 
false for 'delete' @ L114
	at com.google.cloud.datastore.core.exception.DatastoreException$Builder.build(DatastoreException.java:152)
	at com.google.cloud.datastore.emulator.impl.rules.DefaultEmulatorRulesAuthorizer.verboseError(DefaultEmulatorRulesAuthorizer.java:349)
	at com.google.cloud.datastore.emulator.impl.rules.DefaultEmulatorRulesAuthorizer.withVerboseErrors(DefaultEmulatorRulesAuthorizer.java:326)
	at com.google.cloud.datastore.emulator.impl.rules.DefaultEmulatorRulesAuthorizer.checkCommit(DefaultEmulatorRulesAuthorizer.java:113)
	at com.google.cloud.datastore.emulator.impl.firestore.FirestoreEmulatorHelper.commitHelper(FirestoreEmulatorHelper.java:407)
	at com.google.cloud.datastore.emulator.impl.firestore.FirestoreEmulatorHelper.internalCommit(FirestoreEmulatorHelper.java:348)
	at com.google.cloud.datastore.emulator.impl.firestore.CloudFirestoreV1.internalCommit(CloudFirestoreV1.java:1336)
	at com.google.cloud.datastore.emulator.impl.firestore.CloudFirestoreV1.write(CloudFirestoreV1.java:1321)
	at com.google.cloud.datastore.emulator.impl.firestore.CloudFirestoreV1WriteStream.handleRequest(CloudFirestoreV1WriteStream.java:222)
	at com.google.cloud.datastore.emulator.impl.firestore.CloudFirestoreV1WriteStream.write(CloudFirestoreV1WriteStream.java:144)
	at com.google.cloud.datastore.emulator.impl.firestore.CloudFirestoreV1WriteStream.onNext(CloudFirestoreV1WriteStream.java:99)
	at com.google.cloud.datastore.emulator.impl.firestore.CloudFirestoreV1WriteStream.onNext(CloudFirestoreV1WriteStream.java:27)
	at io.grpc.stub.ServerCalls$StreamingServerCallHandler$StreamingServerCallListener.onMessage(ServerCalls.java:262)
	at io.grpc.ForwardingServerCallListener.onMessage(ForwardingServerCallListener.java:33)
	at io.grpc.Contexts$ContextualizedServerCallListener.onMessage(Contexts.java:76)
	at io.grpc.ForwardingServerCallListener.onMessage(ForwardingServerCallListener.java:33)
	at io.grpc.Contexts$ContextualizedServerCallListener.onMessage(Contexts.java:76)
	at io.grpc.internal.ServerCallImpl$ServerStreamListenerImpl.messagesAvailableInternal(ServerCallImpl.java:334)
	at io.grpc.internal.ServerCallImpl$ServerStreamListenerImpl.messagesAvailable(ServerCallImpl.java:319)
	at io.grpc.internal.ServerImpl$JumpToApplicationThreadServerStreamListener$1MessagesAvailable.runInContext(ServerImpl.java:852)
	at io.grpc.internal.ContextRunnable.run(ContextRunnable.java:37)
	at io.grpc.internal.SerializingExecutor.run(SerializingExecutor.java:133)
	at java.base/java.util.concurrent.ThreadPoolExecutor.runWorker(ThreadPoolExecutor.java:1144)
	at java.base/java.util.concurrent.ThreadPoolExecutor$Worker.run(ThreadPoolExecutor.java:642)
	at java.base/java.lang.Thread.run(Thread.java:1583)

 {"metadata":{"emulator":{"name":"firestore"},"message":"Sept 03, 2026 11:33:54 AM com.google.cloud.datastore.emulator.impl.util.WrappedStreamObserver onError\r\nWARNING: Operation failed: \nfalse for 'delete' @ L114\r\ncom.google.cloud.datastore.core.exception.DatastoreException: \nfalse for 'delete' @ L114\r\n\tat com.google.cloud.datastore.core.exception.DatastoreException$Builder.build(DatastoreException.java:152)\r\n\tat com.google.cloud.datastore.emulator.impl.rules.DefaultEmulatorRulesAuthorizer.verboseError(DefaultEmulatorRulesAuthorizer.java:349)\r\n\tat com.google.cloud.datastore.emulator.impl.rules.DefaultEmulatorRulesAuthorizer.withVerboseErrors(DefaultEmulatorRulesAuthorizer.java:326)\r\n\tat com.google.cloud.datastore.emulator.impl.rules.DefaultEmulatorRulesAuthorizer.checkCommit(DefaultEmulatorRulesAuthorizer.java:113)\r\n\tat com.google.cloud.datastore.emulator.impl.firestore.FirestoreEmulatorHelper.commitHelper(FirestoreEmulatorHelper.java:407)\r\n\tat com.google.cloud.datastore.emulator.impl.firestore.FirestoreEmulatorHelper.internalCommit(FirestoreEmulatorHelper.java:348)\r\n\tat com.google.cloud.datastore.emulator.impl.firestore.CloudFirestoreV1.internalCommit(CloudFirestoreV1.java:1336)\r\n\tat com.google.cloud.datastore.emulator.impl.firestore.CloudFirestoreV1.write(CloudFirestoreV1.java:1321)\r\n\tat com.google.cloud.datastore.emulator.impl.firestore.CloudFirestoreV1WriteStream.handleRequest(CloudFirestoreV1WriteStream.java:222)\r\n\tat com.google.cloud.datastore.emulator.impl.firestore.CloudFirestoreV1WriteStream.write(CloudFirestoreV1WriteStream.java:144)\r\n\tat com.google.cloud.datastore.emulator.impl.firestore.CloudFirestoreV1WriteStream.onNext(CloudFirestoreV1WriteStream.java:99)\r\n\tat com.google.cloud.datastore.emulator.impl.firestore.CloudFirestoreV1WriteStream.onNext(CloudFirestoreV1WriteStream.java:27)\r\n\tat io.grpc.stub.ServerCalls$StreamingServerCallHandler$StreamingServerCallListener.onMessage(ServerCalls.java:262)\r\n\tat io.grpc.ForwardingServerCallListener.onMessage(ForwardingServerCallListener.java:33)\r\n\tat io.grpc.Contexts$ContextualizedServerCallListener.onMessage(Contexts.java:76)\r\n\tat io.grpc.ForwardingServerCallListener.onMessage(ForwardingServerCallListener.java:33)\r\n\tat io.grpc.Contexts$ContextualizedServerCallListener.onMessage(Contexts.java:76)\r\n\tat io.grpc.internal.ServerCallImpl$ServerStreamListenerImpl.messagesAvailableInternal(ServerCallImpl.java:334)\r\n\tat io.grpc.internal.ServerCallImpl$ServerStreamListenerImpl.messagesAvailable(ServerCallImpl.java:319)\r\n\tat io.grpc.internal.ServerImpl$JumpToApplicationThreadServerStreamListener$1MessagesAvailable.runInContext(ServerImpl.java:852)\r\n\tat io.grpc.internal.ContextRunnable.run(ContextRunnable.java:37)\r\n\tat io.grpc.internal.SerializingExecutor.run(SerializingExecutor.java:133)\r\n\tat java.base/java.util.concurrent.ThreadPoolExecutor.runWorker(ThreadPoolExecutor.java:1144)\r\n\tat java.base/java.util.concurrent.ThreadPoolExecutor$Worker.run(ThreadPoolExecutor.java:642)\r\n\tat java.base/java.lang.Thread.run(Thread.java:1583)\r\n\r\n"}}
[warn] !  Multiple projectIds are not recommended in single project mode. Requested project ID sih2026-ce822, but the emulator is configured for demo-sih2026. To opt-out of single project mode add/set the '"singleProjectMode"' false' property in the firebase.json emulators config. {"metadata":{"emulator":{"name":"auth"},"message":"Multiple projectIds are not recommended in single project mode. Requested project ID sih2026-ce822, but the emulator is configured for demo-sih2026. To opt-out of single project mode add/set the '\"singleProjectMode\"' false' property in the firebase.json emulators config."}}
[debug] [2026-09-03T06:03:55.535Z] >>> [apiv2][query] POST http://127.0.0.1:5001/functions/projects/sih2026-ce822/trigger_multicast [none]
[debug] [2026-09-03T06:03:55.535Z] >>> [apiv2][body] POST http://127.0.0.1:5001/functions/projects/sih2026-ce822/trigger_multicast {"eventId":"e606552b-a864-4682-b8c9-37fb2c621258","eventType":"providers/firebase.auth/eventTypes/user.create","resource":{"name":"projects/sih2026-ce822","service":"firebaseauth.googleapis.com"},"params":{},"timestamp":"2026-09-03T06:03:55.535Z","data":{"uid":"Q4c6TZuICwhysrVCO4M9csImNT7g","email":"sync-caller@test.com","emailVerified":false,"metadata":{"creationTime":"2026-09-03T06:03:55.535Z","lastSignInTime":"2026-09-03T06:03:55.535Z"},"customClaims":{},"providerData":[{"rawId":"sync-caller@test.com","providerId":"password","email":"sync-caller@test.com","federatedId":"sync-caller@test.com"}]}}
[debug] [2026-09-03T06:03:55.539Z] <<< [apiv2][status] POST http://127.0.0.1:5001/functions/projects/sih2026-ce822/trigger_multicast 200
[debug] [2026-09-03T06:03:55.539Z] <<< [apiv2][body] POST http://127.0.0.1:5001/functions/projects/sih2026-ce822/trigger_multicast {"status":"multicast_acknowledged"}
[warn] !  Multiple projectIds are not recommended in single project mode. Requested project ID sih2026-ce822, but the emulator is configured for demo-sih2026. To opt-out of single project mode add/set the '"singleProjectMode"' false' property in the firebase.json emulators config. {"metadata":{"emulator":{"name":"auth"},"message":"Multiple projectIds are not recommended in single project mode. Requested project ID sih2026-ce822, but the emulator is configured for demo-sih2026. To opt-out of single project mode add/set the '\"singleProjectMode\"' false' property in the firebase.json emulators config."}}
[debug] [2026-09-03T06:03:55.645Z] Sept 03, 2026 11:33:55 AM io.gapi.emulators.netty.HttpVersionRoutingHandler channelRead
INFO: Detected HTTP/2 connection.
 {"metadata":{"emulator":{"name":"firestore"},"message":"Sept 03, 2026 11:33:55 AM io.gapi.emulators.netty.HttpVersionRoutingHandler channelRead\r\nINFO: Detected HTTP/2 connection.\r\n"}}
[debug] [2026-09-03T06:03:55.652Z] Multiple projectIds are not recommended in single project mode. Requested project ID sih2026-ce822, but the emulator is configured for demo-sih2026. To opt-out of single project mode add/set the '"singleProjectMode": false' property in the firebase.json emulators config.
Multiple projectIds are not recommended in single project mode. Requested project ID sih2026-ce822, but the emulator is configured for demo-sih2026. To opt-out of single project mode add/set the '"singleProjectMode": false' property in the firebase.json emulators config.
 {"metadata":{"emulator":{"name":"firestore"},"message":"Multiple projectIds are not recommended in single project mode. Requested project ID sih2026-ce822, but the emulator is configured for demo-sih2026. To opt-out of single project mode add/set the '\"singleProjectMode\": false' property in the firebase.json emulators config.\r\nMultiple projectIds are not recommended in single project mode. Requested project ID sih2026-ce822, but the emulator is configured for demo-sih2026. To opt-out of single project mode add/set the '\"singleProjectMode\": false' property in the firebase.json emulators config.\r\n"}}
[debug] [2026-09-03T06:03:55.682Z] >>> [apiv2][query] POST http://127.0.0.1:5001/functions/projects/demo-sih2026/trigger_multicast [none]
[debug] [2026-09-03T06:03:55.682Z] >>> [apiv2][body] POST http://127.0.0.1:5001/functions/projects/demo-sih2026/trigger_multicast {"eventId":"d910d22a-37ac-43f7-9432-600fdb987e5d","eventType":"providers/firebase.auth/eventTypes/user.create","resource":{"name":"projects/demo-sih2026","service":"firebaseauth.googleapis.com"},"params":{},"timestamp":"2026-09-03T06:03:55.682Z","data":{"uid":"Q4c6TZuICwhysrVCO4M9csImNT7g","metadata":{"creationTime":"2026-09-03T06:03:55.681Z","lastSignInTime":"2026-09-03T06:03:55.681Z"},"customClaims":{}}}
[debug] [2026-09-03T06:03:55.686Z] <<< [apiv2][status] POST http://127.0.0.1:5001/functions/projects/demo-sih2026/trigger_multicast 200
[debug] [2026-09-03T06:03:55.686Z] <<< [apiv2][body] POST http://127.0.0.1:5001/functions/projects/demo-sih2026/trigger_multicast {"status":"multicast_acknowledged"}
[debug] [2026-09-03T06:03:55.693Z] Sept 03, 2026 11:33:55 AM io.gapi.emulators.netty.HttpVersionRoutingHandler channelRead
INFO: Detected non-HTTP/2 connection.
 {"metadata":{"emulator":{"name":"firestore"},"message":"Sept 03, 2026 11:33:55 AM io.gapi.emulators.netty.HttpVersionRoutingHandler channelRead\r\nINFO: Detected non-HTTP/2 connection.\r\n"}}
[debug] [2026-09-03T06:03:55.695Z] Multiple projectIds are not recommended in single project mode. Requested project ID sih2026-ce822, but the emulator is configured for demo-sih2026. To opt-out of single project mode add/set the '"singleProjectMode": false' property in the firebase.json emulators config.
Multiple projectIds are not recommended in single project mode. Requested project ID sih2026-ce822, but the emulator is configured for demo-sih2026. To opt-out of single project mode add/set the '"singleProjectMode": false' property in the firebase.json emulators config.
 {"metadata":{"emulator":{"name":"firestore"},"message":"Multiple projectIds are not recommended in single project mode. Requested project ID sih2026-ce822, but the emulator is configured for demo-sih2026. To opt-out of single project mode add/set the '\"singleProjectMode\": false' property in the firebase.json emulators config.\r\nMultiple projectIds are not recommended in single project mode. Requested project ID sih2026-ce822, but the emulator is configured for demo-sih2026. To opt-out of single project mode add/set the '\"singleProjectMode\": false' property in the firebase.json emulators config.\r\n"}}
[debug] [2026-09-03T06:03:55.704Z] Multiple projectIds are not recommended in single project mode. Requested project ID sih2026-ce822, but the emulator is configured for demo-sih2026. To opt-out of single project mode add/set the '"singleProjectMode": false' property in the firebase.json emulators config.
Multiple projectIds are not recommended in single project mode. Requested project ID sih2026-ce822, but the emulator is configured for demo-sih2026. To opt-out of single project mode add/set the '"singleProjectMode": false' property in the firebase.json emulators config.
 {"metadata":{"emulator":{"name":"firestore"},"message":"Multiple projectIds are not recommended in single project mode. Requested project ID sih2026-ce822, but the emulator is configured for demo-sih2026. To opt-out of single project mode add/set the '\"singleProjectMode\": false' property in the firebase.json emulators config.\r\nMultiple projectIds are not recommended in single project mode. Requested project ID sih2026-ce822, but the emulator is configured for demo-sih2026. To opt-out of single project mode add/set the '\"singleProjectMode\": false' property in the firebase.json emulators config.\r\n"}}
[debug] [2026-09-03T06:03:55.709Z] Functions emulator received unknown request at path /sih2026-ce822/us-central1/syncMutationQueue
[debug] [2026-09-03T06:03:55.718Z] Multiple projectIds are not recommended in single project mode. Requested project ID sih2026-ce822, but the emulator is configured for demo-sih2026. To opt-out of single project mode add/set the '"singleProjectMode": false' property in the firebase.json emulators config.
Multiple projectIds are not recommended in single project mode. Requested project ID sih2026-ce822, but the emulator is configured for demo-sih2026. To opt-out of single project mode add/set the '"singleProjectMode": false' property in the firebase.json emulators config.
 {"metadata":{"emulator":{"name":"firestore"},"message":"Multiple projectIds are not recommended in single project mode. Requested project ID sih2026-ce822, but the emulator is configured for demo-sih2026. To opt-out of single project mode add/set the '\"singleProjectMode\": false' property in the firebase.json emulators config.\r\nMultiple projectIds are not recommended in single project mode. Requested project ID sih2026-ce822, but the emulator is configured for demo-sih2026. To opt-out of single project mode add/set the '\"singleProjectMode\": false' property in the firebase.json emulators config.\r\n"}}
[debug] [2026-09-03T06:03:55.725Z] Multiple projectIds are not recommended in single project mode. Requested project ID sih2026-ce822, but the emulator is configured for demo-sih2026. To opt-out of single project mode add/set the '"singleProjectMode": false' property in the firebase.json emulators config.
 {"metadata":{"emulator":{"name":"firestore"},"message":"Multiple projectIds are not recommended in single project mode. Requested project ID sih2026-ce822, but the emulator is configured for demo-sih2026. To opt-out of single project mode add/set the '\"singleProjectMode\": false' property in the firebase.json emulators config.\r\n"}}
[debug] [2026-09-03T06:03:55.725Z] Multiple projectIds are not recommended in single project mode. Requested project ID sih2026-ce822, but the emulator is configured for demo-sih2026. To opt-out of single project mode add/set the '"singleProjectMode": false' property in the firebase.json emulators config.
 {"metadata":{"emulator":{"name":"firestore"},"message":"Multiple projectIds are not recommended in single project mode. Requested project ID sih2026-ce822, but the emulator is configured for demo-sih2026. To opt-out of single project mode add/set the '\"singleProjectMode\": false' property in the firebase.json emulators config.\r\n"}}
[debug] [2026-09-03T06:03:55.744Z] Functions emulator received unknown request at path /sih2026-ce822/us-central1/syncMutationQueue
[debug] [2026-09-03T06:03:55.750Z] Multiple projectIds are not recommended in single project mode. Requested project ID sih2026-ce822, but the emulator is configured for demo-sih2026. To opt-out of single project mode add/set the '"singleProjectMode": false' property in the firebase.json emulators config.
Multiple projectIds are not recommended in single project mode. Requested project ID sih2026-ce822, but the emulator is configured for demo-sih2026. To opt-out of single project mode add/set the '"singleProjectMode": false' property in the firebase.json emulators config.
 {"metadata":{"emulator":{"name":"firestore"},"message":"Multiple projectIds are not recommended in single project mode. Requested project ID sih2026-ce822, but the emulator is configured for demo-sih2026. To opt-out of single project mode add/set the '\"singleProjectMode\": false' property in the firebase.json emulators config.\r\nMultiple projectIds are not recommended in single project mode. Requested project ID sih2026-ce822, but the emulator is configured for demo-sih2026. To opt-out of single project mode add/set the '\"singleProjectMode\": false' property in the firebase.json emulators config.\r\n"}}
[debug] [2026-09-03T06:03:55.754Z] Multiple projectIds are not recommended in single project mode. Requested project ID sih2026-ce822, but the emulator is configured for demo-sih2026. To opt-out of single project mode add/set the '"singleProjectMode": false' property in the firebase.json emulators config.
Multiple projectIds are not recommended in single project mode. Requested project ID sih2026-ce822, but the emulator is configured for demo-sih2026. To opt-out of single project mode add/set the '"singleProjectMode": false' property in the firebase.json emulators config.
 {"metadata":{"emulator":{"name":"firestore"},"message":"Multiple projectIds are not recommended in single project mode. Requested project ID sih2026-ce822, but the emulator is configured for demo-sih2026. To opt-out of single project mode add/set the '\"singleProjectMode\": false' property in the firebase.json emulators config.\r\nMultiple projectIds are not recommended in single project mode. Requested project ID sih2026-ce822, but the emulator is configured for demo-sih2026. To opt-out of single project mode add/set the '\"singleProjectMode\": false' property in the firebase.json emulators config.\r\n"}}
[debug] [2026-09-03T06:03:55.898Z] Functions emulator received unknown request at path /sih2026-ce822/us-central1/syncMutationQueue
[debug] [2026-09-03T06:03:55.904Z] Multiple projectIds are not recommended in single project mode. Requested project ID sih2026-ce822, but the emulator is configured for demo-sih2026. To opt-out of single project mode add/set the '"singleProjectMode": false' property in the firebase.json emulators config.
Multiple projectIds are not recommended in single project mode. Requested project ID sih2026-ce822, but the emulator is configured for demo-sih2026. To opt-out of single project mode add/set the '"singleProjectMode": false' property in the firebase.json emulators config.
 {"metadata":{"emulator":{"name":"firestore"},"message":"Multiple projectIds are not recommended in single project mode. Requested project ID sih2026-ce822, but the emulator is configured for demo-sih2026. To opt-out of single project mode add/set the '\"singleProjectMode\": false' property in the firebase.json emulators config.\r\nMultiple projectIds are not recommended in single project mode. Requested project ID sih2026-ce822, but the emulator is configured for demo-sih2026. To opt-out of single project mode add/set the '\"singleProjectMode\": false' property in the firebase.json emulators config.\r\n"}}
[debug] [2026-09-03T06:03:55.909Z] Multiple projectIds are not recommended in single project mode. Requested project ID sih2026-ce822, but the emulator is configured for demo-sih2026. To opt-out of single project mode add/set the '"singleProjectMode": false' property in the firebase.json emulators config.
Multiple projectIds are not recommended in single project mode. Requested project ID sih2026-ce822, but the emulator is configured for demo-sih2026. To opt-out of single project mode add/set the '"singleProjectMode": false' property in the firebase.json emulators config.
 {"metadata":{"emulator":{"name":"firestore"},"message":"Multiple projectIds are not recommended in single project mode. Requested project ID sih2026-ce822, but the emulator is configured for demo-sih2026. To opt-out of single project mode add/set the '\"singleProjectMode\": false' property in the firebase.json emulators config.\r\nMultiple projectIds are not recommended in single project mode. Requested project ID sih2026-ce822, but the emulator is configured for demo-sih2026. To opt-out of single project mode add/set the '\"singleProjectMode\": false' property in the firebase.json emulators config.\r\n"}}
[debug] [2026-09-03T06:03:56.182Z] Functions emulator received unknown request at path /sih2026-ce822/us-central1/syncMutationQueue
[debug] [2026-09-03T06:03:56.189Z] Multiple projectIds are not recommended in single project mode. Requested project ID sih2026-ce822, but the emulator is configured for demo-sih2026. To opt-out of single project mode add/set the '"singleProjectMode": false' property in the firebase.json emulators config.
Multiple projectIds are not recommended in single project mode. Requested project ID sih2026-ce822, but the emulator is configured for demo-sih2026. To opt-out of single project mode add/set the '"singleProjectMode": false' property in the firebase.json emulators config.
 {"metadata":{"emulator":{"name":"firestore"},"message":"Multiple projectIds are not recommended in single project mode. Requested project ID sih2026-ce822, but the emulator is configured for demo-sih2026. To opt-out of single project mode add/set the '\"singleProjectMode\": false' property in the firebase.json emulators config.\r\nMultiple projectIds are not recommended in single project mode. Requested project ID sih2026-ce822, but the emulator is configured for demo-sih2026. To opt-out of single project mode add/set the '\"singleProjectMode\": false' property in the firebase.json emulators config.\r\n"}}
